ID;Projeto;Estado de origem;Estado de destino;Data;Label;Valor (R$)
1;Projeto fictício 0001 - Energia limpa;RS;PR;2022-08-18;Concluído;643446.19
2;Projeto fictício 0002 - Indústria 4.0;DF;GO;2025-12-20;Concluído;3606524.93
3;Projeto fictício 0003 - Agricultura;PE;PR;2023-09-28;Pesquisa;2861796.64
4;Projeto fictício 0004 - Saúde digital;DF;AC;2021-12-21;Concluído;3998114.13
5;Projeto fictício 0005 - Indústria 4.0;GO;AM;2023-11-11;Validação;2390970.13
6;Projeto fictício 0006 - Biotecnologia;RJ;PE;2026-02-25;Validação;4676560.14
7;Projeto fictício 0007 - Indústria 4.0;DF;AC;2022-11-15;Concluído;4244946.36
8;Projeto fictício 0008 - Biotecnologia;MG;AM;2026-08-26;Prototipagem;1881868.36
9;Projeto fictício 0009 - Indústria 4.0;PR;RJ;2025-09-19;Concluído;2604428.51
10;Projeto fictício 0010 - Energia limpa;SP;AC;2026-06-20;Desenvolvimento;3162239.84
11;Projeto fictício 0011 - Indústria 4.0;AM;BA;2025-12-20;Desenvolvimento;291590.68
12;Projeto fictício 0012 - Energia limpa;DF;MG;2023-02-17;Validação;5989123.58
13;Projeto fictício 0013 - Biotecnologia;GO;RJ;2026-06-11;Desenvolvimento;5299292.45
14;Projeto fictício 0014 - Saúde digital;GO;AC;2024-06-10;Validação;250499.45
15;Projeto fictício 0015 - Energia limpa;RJ;SP;2023-10-14;Validação;3409926.95
16;Projeto fictício 0016 - Indústria 4.0;GO;PR;2021-01-01;Desenvolvimento;3208240.71
17;Projeto fictício 0017 - Energia limpa;AM;RS;2024-04-07;Concluído;2290810.15
18;Projeto fictício 0018 - Energia limpa;PR;SP;2022-06-29;Pesquisa;5942190.62
19;Projeto fictício 0019 - Energia limpa;DF;RS;2024-11-21;Pesquisa;460526.48
20;Projeto fictício 0020 - Biotecnologia;AM;CE;2023-11-30;Concluído;2059696.80
21;Projeto fictício 0021 - Energia limpa;AM;PR;2021-08-22;Concluído;3133817.63
22;Projeto fictício 0022 - Energia limpa;GO;PE;2025-04-05;Pesquisa;4884651.98
23;Projeto fictício 0023 - Indústria 4.0;MG;MG;2025-01-15;Validação;1806886.56
24;Projeto fictício 0024 - Indústria 4.0;AC;MG;2024-08-16;Desenvolvimento;3014488.66
25;Projeto fictício 0025 - Agricultura;AM;RS;2026-02-24;Desenvolvimento;1034158.73
26;Projeto fictício 0026 - Saúde digital;PE;SP;2021-12-11;Prototipagem;4667676.41
27;Projeto fictício 0027 - Biotecnologia;DF;DF;2025-08-01;Prototipagem;1837221.11
28;Projeto fictício 0028 - Energia limpa;AC;RJ;2021-02-24;Desenvolvimento;2094630.49
29;Projeto fictício 0029 - Energia limpa;RJ;GO;2025-04-06;Validação;3045464.03
30;Projeto fictício 0030 - Indústria 4.0;AC;BA;2023-04-01;Desenvolvimento;3906591.11
31;Projeto fictício 0031 - Saúde digital;PE;MG;2023-07-15;Pesquisa;4719005.16
32;Projeto fictício 0032 - Saúde digital;AM;GO;2024-09-18;Desenvolvimento;1115602.77
33;Projeto fictício 0033 - Biotecnologia;PE;GO;2025-09-09;Prototipagem;4993303.58
34;Projeto fictício 0034 - Saúde digital;CE;CE;2021-11-18;Concluído;1283959.58
35;Projeto fictício 0035 - Indústria 4.0;RS;RS;2021-01-13;Concluído;3249070.23
36;Projeto fictício 0036 - Indústria 4.0;AC;BA;2024-10-24;Validação;4198616.92
37;Projeto fictício 0037 - Energia limpa;GO;PR;2022-10-22;Concluído;861751.98
38;Projeto fictício 0038 - Energia limpa;RS;PR;2025-11-05;Pesquisa;1128647.48
39;Projeto fictício 0039 - Indústria 4.0;BA;SP;2022-11-28;Validação;4926402.90
40;Projeto fictício 0040 - Biotecnologia;MG;PE;2022-12-24;Concluído;33422.79
41;Projeto fictício 0041 - Saúde digital;PR;RS;2026-07-20;Validação;3409922.08
42;Projeto fictício 0042 - Agricultura;AM;CE;2023-07-16;Concluído;2098999.16
43;Projeto fictício 0043 - Energia limpa;MG;GO;2026-09-21;Prototipagem;585380.23
44;Projeto fictício 0044 - Energia limpa;GO;DF;2026-09-06;Pesquisa;5085984.73
45;Projeto fictício 0045 - Energia limpa;CE;PE;2024-02-28;Pesquisa;2442634.01
46;Projeto fictício 0046 - Agricultura;BA;AM;2021-07-02;Prototipagem;4874133.49
47;Projeto fictício 0047 - Saúde digital;AC;RS;2022-09-02;Validação;668350.53
48;Projeto fictício 0048 - Indústria 4.0;MG;RJ;2024-05-18;Prototipagem;5087183.22
49;Projeto fictício 0049 - Energia limpa;PE;AM;2021-02-19;Prototipagem;176397.27
50;Projeto fictício 0050 - Indústria 4.0;GO;CE;2026-07-27;Pesquisa;1696517.47
51;Projeto fictício 0051 - Indústria 4.0;GO;RJ;2023-03-24;Concluído;3660457.85
52;Projeto fictício 0052 - Biotecnologia;BA;SP;2021-05-04;Desenvolvimento;3183760.63
53;Projeto fictício 0053 - Agricultura;AC;DF;2022-11-24;Desenvolvimento;1795479.77
54;Projeto fictício 0054 - Agricultura;RJ;PE;2026-01-26;Validação;4890764.49
55;Projeto fictício 0055 - Agricultura;DF;MG;2023-03-20;Desenvolvimento;2285580.26
56;Projeto fictício 0056 - Energia limpa;AC;DF;2023-09-12;Validação;157176.93
57;Projeto fictício 0057 - Agricultura;MG;PR;2025-01-08;Pesquisa;3730311.26
58;Projeto fictício 0058 - Saúde digital;BA;GO;2026-05-06;Desenvolvimento;3095781.72
59;Projeto fictício 0059 - Agricultura;DF;AC;2025-05-04;Concluído;3007762.96
60;Projeto fictício 0060 - Agricultura;BA;AM;2021-01-09;Pesquisa;5781253.12
61;Projeto fictício 0061 - Biotecnologia;SP;SP;2025-06-25;Validação;4297136.78
62;Projeto fictício 0062 - Agricultura;PR;RJ;2021-09-15;Concluído;5437333.24
63;Projeto fictício 0063 - Energia limpa;RS;RS;2022-12-01;Pesquisa;4967078.45
64;Projeto fictício 0064 - Saúde digital;GO;CE;2025-12-01;Validação;2886831.24
65;Projeto fictício 0065 - Agricultura;RJ;PE;2021-12-22;Pesquisa;3599767.25
66;Projeto fictício 0066 - Biotecnologia;BA;AM;2026-01-05;Desenvolvimento;5543451.41
67;Projeto fictício 0067 - Saúde digital;BA;CE;2026-05-12;Prototipagem;3378401.96
68;Projeto fictício 0068 - Saúde digital;SP;RJ;2021-03-31;Pesquisa;1796644.95
69;Projeto fictício 0069 - Indústria 4.0;BA;PE;2026-04-16;Concluído;3241625.56
70;Projeto fictício 0070 - Agricultura;RJ;RS;2024-12-10;Validação;3247170.31
71;Projeto fictício 0071 - Indústria 4.0;GO;AM;2026-04-24;Pesquisa;1883729.77
72;Projeto fictício 0072 - Saúde digital;DF;DF;2021-03-27;Concluído;2584042.50
73;Projeto fictício 0073 - Indústria 4.0;PR;GO;2025-02-22;Validação;1949179.82
74;Projeto fictício 0074 - Agricultura;RJ;MG;2023-10-11;Validação;4007911.83
75;Projeto fictício 0075 - Agricultura;RJ;BA;2022-07-03;Concluído;5586482.74
76;Projeto fictício 0076 - Saúde digital;DF;RS;2025-03-28;Pesquisa;497275.67
77;Projeto fictício 0077 - Energia limpa;AM;GO;2025-09-29;Prototipagem;789136.84
78;Projeto fictício 0078 - Saúde digital;GO;MG;2025-10-10;Validação;5444990.56
79;Projeto fictício 0079 - Agricultura;BA;DF;2021-01-09;Prototipagem;1798180.22
80;Projeto fictício 0080 - Indústria 4.0;PR;RJ;2026-05-11;Prototipagem;2185671.77
81;Projeto fictício 0081 - Agricultura;AC;SP;2022-03-13;Validação;5494250.65
82;Projeto fictício 0082 - Agricultura;BA;GO;2023-05-14;Concluído;1084569.91
83;Projeto fictício 0083 - Indústria 4.0;CE;PE;2025-02-09;Pesquisa;3049087.70
84;Projeto fictício 0084 - Biotecnologia;RJ;BA;2024-05-07;Prototipagem;2186220.45
85;Projeto fictício 0085 - Agricultura;CE;PR;2022-09-05;Pesquisa;1268489.29
86;Projeto fictício 0086 - Agricultura;PR;PR;2026-04-02;Validação;2687729.06
87;Projeto fictício 0087 - Indústria 4.0;DF;SP;2022-03-11;Validação;2041882.70
88;Projeto fictício 0088 - Energia limpa;DF;MG;2021-08-25;Validação;1531452.52
89;Projeto fictício 0089 - Saúde digital;RS;DF;2023-05-27;Pesquisa;3968561.54
90;Projeto fictício 0090 - Energia limpa;AC;BA;2023-10-03;Pesquisa;401349.18
91;Projeto fictício 0091 - Energia limpa;BA;CE;2023-07-22;Pesquisa;2934619.81
92;Projeto fictício 0092 - Agricultura;SP;DF;2026-07-23;Concluído;3378886.76
93;Projeto fictício 0093 - Biotecnologia;RS;DF;2022-09-05;Concluído;5674950.07
94;Projeto fictício 0094 - Energia limpa;AM;CE;2025-01-08;Desenvolvimento;2537226.95
95;Projeto fictício 0095 - Agricultura;PR;RJ;2024-07-26;Concluído;2351340.24
96;Projeto fictício 0096 - Agricultura;GO;AM;2025-04-21;Validação;2517848.62
97;Projeto fictício 0097 - Saúde digital;SP;RS;2021-09-23;Desenvolvimento;2129551.77
98;Projeto fictício 0098 - Energia limpa;DF;DF;2022-06-14;Prototipagem;5888024.09
99;Projeto fictício 0099 - Agricultura;SP;PR;2025-08-09;Prototipagem;2330466.07
100;Projeto fictício 0100 - Agricultura;GO;PR;2026-03-25;Prototipagem;1938835.50
101;Projeto fictício 0101 - Energia limpa;CE;AM;2026-01-19;Concluído;1458367.03
102;Projeto fictício 0102 - Agricultura;PE;SP;2023-04-11;Concluído;951647.98
103;Projeto fictício 0103 - Indústria 4.0;MG;GO;2024-05-24;Prototipagem;5020842.55
104;Projeto fictício 0104 - Saúde digital;AM;PR;2026-09-22;Validação;4372396.00
105;Projeto fictício 0105 - Energia limpa;AM;DF;2024-07-17;Pesquisa;5204215.28
106;Projeto fictício 0106 - Indústria 4.0;RJ;DF;2026-03-17;Desenvolvimento;1313350.01
107;Projeto fictício 0107 - Biotecnologia;MG;BA;2024-01-30;Prototipagem;3796061.93
108;Projeto fictício 0108 - Indústria 4.0;AC;PE;2022-03-11;Prototipagem;1632708.90
109;Projeto fictício 0109 - Biotecnologia;PE;SP;2024-02-17;Validação;1511436.25
110;Projeto fictício 0110 - Biotecnologia;GO;DF;2026-03-18;Concluído;1655616.69
111;Projeto fictício 0111 - Saúde digital;BA;CE;2024-02-20;Concluído;1847858.47
112;Projeto fictício 0112 - Saúde digital;PR;PR;2021-07-02;Concluído;4939598.97
113;Projeto fictício 0113 - Energia limpa;CE;GO;2026-07-24;Pesquisa;4904451.30
114;Projeto fictício 0114 - Agricultura;MG;RJ;2021-02-11;Concluído;1587551.80
115;Projeto fictício 0115 - Agricultura;PR;PR;2023-04-26;Desenvolvimento;1701903.31
116;Projeto fictício 0116 - Biotecnologia;AC;RJ;2023-11-11;Validação;859381.77
117;Projeto fictício 0117 - Saúde digital;DF;AC;2025-05-07;Pesquisa;2996666.30
118;Projeto fictício 0118 - Indústria 4.0;PE;RS;2021-12-28;Pesquisa;4464599.10
119;Projeto fictício 0119 - Indústria 4.0;DF;BA;2024-06-07;Validação;545756.57
120;Projeto fictício 0120 - Energia limpa;MG;PR;2023-12-04;Validação;4416208.46
121;Projeto fictício 0121 - Agricultura;CE;CE;2025-11-14;Validação;5440413.63
122;Projeto fictício 0122 - Indústria 4.0;RJ;AM;2026-08-26;Prototipagem;4979161.45
123;Projeto fictício 0123 - Energia limpa;AC;SP;2021-07-23;Pesquisa;5920788.29
124;Projeto fictício 0124 - Indústria 4.0;RJ;RS;2024-11-20;Prototipagem;1589604.30
125;Projeto fictício 0125 - Indústria 4.0;PE;AM;2024-05-24;Pesquisa;2027895.59
126;Projeto fictício 0126 - Agricultura;GO;AM;2026-08-09;Desenvolvimento;3178784.49
127;Projeto fictício 0127 - Biotecnologia;MG;AC;2023-02-03;Prototipagem;2748989.20
128;Projeto fictício 0128 - Saúde digital;PE;AM;2023-03-09;Prototipagem;2177191.08
129;Projeto fictício 0129 - Indústria 4.0;PE;PE;2022-08-02;Pesquisa;2149117.82
130;Projeto fictício 0130 - Biotecnologia;MG;SP;2026-08-18;Validação;4747296.27
131;Projeto fictício 0131 - Biotecnologia;AM;SP;2025-05-25;Validação;3053552.51
132;Projeto fictício 0132 - Agricultura;GO;BA;2021-09-02;Pesquisa;1119324.63
133;Projeto fictício 0133 - Agricultura;RJ;PE;2024-06-27;Desenvolvimento;4934570.21
134;Projeto fictício 0134 - Biotecnologia;CE;AM;2022-05-04;Pesquisa;1236440.61
135;Projeto fictício 0135 - Energia limpa;SP;CE;2025-10-21;Desenvolvimento;5659200.93
136;Projeto fictício 0136 - Biotecnologia;AC;DF;2023-01-28;Validação;2529883.98
137;Projeto fictício 0137 - Agricultura;PE;RS;2025-06-20;Concluído;1282613.81
138;Projeto fictício 0138 - Saúde digital;PE;RJ;2023-09-23;Validação;5281710.51
139;Projeto fictício 0139 - Saúde digital;AM;PR;2024-10-06;Validação;842610.84
140;Projeto fictício 0140 - Agricultura;PE;RJ;2021-06-13;Desenvolvimento;5995830.11
141;Projeto fictício 0141 - Energia limpa;MG;GO;2026-05-26;Concluído;2565798.43
142;Projeto fictício 0142 - Agricultura;SP;AM;2025-11-01;Prototipagem;4214995.90
143;Projeto fictício 0143 - Agricultura;MG;SP;2023-10-12;Desenvolvimento;2463589.17
144;Projeto fictício 0144 - Agricultura;PE;CE;2022-10-11;Validação;5636858.51
145;Projeto fictício 0145 - Energia limpa;DF;AM;2022-04-01;Concluído;1438214.21
146;Projeto fictício 0146 - Energia limpa;GO;BA;2023-12-17;Concluído;5670910.21
147;Projeto fictício 0147 - Indústria 4.0;BA;SP;2024-02-15;Desenvolvimento;534839.97
148;Projeto fictício 0148 - Saúde digital;RS;BA;2022-08-04;Concluído;992192.34
149;Projeto fictício 0149 - Biotecnologia;PE;AC;2023-01-16;Prototipagem;4559406.32
150;Projeto fictício 0150 - Biotecnologia;DF;RS;2022-05-11;Desenvolvimento;2916621.97
151;Projeto fictício 0151 - Agricultura;AM;RS;2026-09-09;Validação;3906172.61
152;Projeto fictício 0152 - Energia limpa;MG;SP;2026-05-07;Validação;1681390.79
153;Projeto fictício 0153 - Biotecnologia;MG;SP;2022-05-06;Pesquisa;4558304.06
154;Projeto fictício 0154 - Saúde digital;BA;GO;2025-05-28;Pesquisa;4396844.99
155;Projeto fictício 0155 - Biotecnologia;RS;DF;2021-02-06;Validação;2157431.36
156;Projeto fictício 0156 - Indústria 4.0;GO;GO;2022-04-12;Validação;1821284.81
157;Projeto fictício 0157 - Energia limpa;RJ;PE;2022-10-14;Prototipagem;2734801.71
158;Projeto fictício 0158 - Indústria 4.0;DF;DF;2023-01-03;Validação;2128896.89
159;Projeto fictício 0159 - Energia limpa;DF;PR;2022-04-03;Desenvolvimento;4691263.12
160;Projeto fictício 0160 - Agricultura;DF;BA;2021-03-03;Concluído;1968486.46
161;Projeto fictício 0161 - Agricultura;AC;RJ;2024-06-04;Concluído;351853.81
162;Projeto fictício 0162 - Agricultura;PE;CE;2026-06-07;Prototipagem;3339026.77
163;Projeto fictício 0163 - Energia limpa;BA;BA;2025-08-19;Concluído;362655.56
164;Projeto fictício 0164 - Agricultura;PE;AM;2022-06-21;Concluído;4379391.97
165;Projeto fictício 0165 - Saúde digital;BA;SP;2026-09-02;Desenvolvimento;934439.10
166;Projeto fictício 0166 - Saúde digital;SP;RS;2024-12-02;Pesquisa;512855.90
167;Projeto fictício 0167 - Biotecnologia;BA;RJ;2026-08-19;Pesquisa;4712890.00
168;Projeto fictício 0168 - Biotecnologia;SP;AC;2024-02-26;Validação;2728390.86
169;Projeto fictício 0169 - Indústria 4.0;AC;AM;2021-05-13;Prototipagem;646161.84
170;Projeto fictício 0170 - Biotecnologia;PE;MG;2022-03-14;Validação;4571150.87
171;Projeto fictício 0171 - Energia limpa;BA;RJ;2026-09-23;Desenvolvimento;151052.26
172;Projeto fictício 0172 - Agricultura;RJ;SP;2026-09-17;Prototipagem;1060829.50
173;Projeto fictício 0173 - Energia limpa;AM;CE;2021-07-06;Pesquisa;3320808.91
174;Projeto fictício 0174 - Energia limpa;RJ;BA;2023-05-03;Validação;5284038.72
175;Projeto fictício 0175 - Saúde digital;DF;PE;2021-04-15;Validação;4851552.00
176;Projeto fictício 0176 - Agricultura;GO;PR;2023-03-26;Concluído;2873255.66
177;Projeto fictício 0177 - Biotecnologia;BA;SP;2023-06-26;Desenvolvimento;1054342.38
178;Projeto fictício 0178 - Saúde digital;GO;RJ;2026-08-28;Desenvolvimento;5723741.23
179;Projeto fictício 0179 - Agricultura;DF;RS;2021-03-21;Validação;5006084.56
180;Projeto fictício 0180 - Indústria 4.0;RS;RJ;2021-01-13;Prototipagem;4220262.29
181;Projeto fictício 0181 - Energia limpa;DF;MG;2022-06-29;Desenvolvimento;5768879.08
182;Projeto fictício 0182 - Indústria 4.0;RS;BA;2025-12-14;Validação;751971.08
183;Projeto fictício 0183 - Indústria 4.0;MG;PE;2021-01-02;Validação;1891351.38
184;Projeto fictício 0184 - Agricultura;PE;CE;2021-06-20;Desenvolvimento;4565444.33
185;Projeto fictício 0185 - Biotecnologia;AM;SP;2022-03-26;Validação;1259938.52
186;Projeto fictício 0186 - Agricultura;SP;RJ;2021-04-19;Validação;1831117.97
187;Projeto fictício 0187 - Saúde digital;RS;RS;2026-03-04;Pesquisa;1480312.60
188;Projeto fictício 0188 - Saúde digital;PR;AM;2022-09-05;Validação;246295.98
189;Projeto fictício 0189 - Biotecnologia;SP;GO;2022-12-31;Pesquisa;5491433.60
190;Projeto fictício 0190 - Agricultura;AM;CE;2024-06-28;Validação;1755804.16
191;Projeto fictício 0191 - Energia limpa;MG;RS;2021-12-19;Validação;181602.27
192;Projeto fictício 0192 - Indústria 4.0;RJ;PE;2022-05-04;Concluído;5944245.29
193;Projeto fictício 0193 - Indústria 4.0;AC;AC;2024-07-26;Concluído;3507114.56
194;Projeto fictício 0194 - Indústria 4.0;RJ;PE;2023-04-15;Prototipagem;852886.41
195;Projeto fictício 0195 - Saúde digital;RS;CE;2025-02-12;Concluído;3164554.21
196;Projeto fictício 0196 - Agricultura;AM;BA;2026-03-22;Validação;3454427.84
197;Projeto fictício 0197 - Agricultura;SP;RJ;2023-01-16;Prototipagem;4889979.54
198;Projeto fictício 0198 - Energia limpa;SP;RJ;2023-07-22;Desenvolvimento;1267772.03
199;Projeto fictício 0199 - Saúde digital;PR;SP;2025-08-26;Validação;4543935.89
200;Projeto fictício 0200 - Agricultura;CE;SP;2026-06-02;Validação;5350323.23
201;Projeto fictício 0201 - Agricultura;AC;BA;2023-12-04;Pesquisa;4348207.63
202;Projeto fictício 0202 - Indústria 4.0;PR;MG;2021-01-25;Concluído;5094690.29
203;Projeto fictício 0203 - Agricultura;PE;SP;2023-09-21;Concluído;3250468.41
204;Projeto fictício 0204 - Biotecnologia;BA;MG;2026-02-08;Pesquisa;1569336.35
205;Projeto fictício 0205 - Indústria 4.0;DF;AC;2022-10-24;Concluído;5585922.96
206;Projeto fictício 0206 - Indústria 4.0;PR;AC;2025-09-13;Pesquisa;1765386.01
207;Projeto fictício 0207 - Biotecnologia;PE;PE;2022-02-06;Pesquisa;2322980.12
208;Projeto fictício 0208 - Indústria 4.0;MG;RJ;2024-11-09;Desenvolvimento;1980668.14
209;Projeto fictício 0209 - Agricultura;BA;GO;2023-08-29;Desenvolvimento;1915940.19
210;Projeto fictício 0210 - Saúde digital;RS;PR;2021-09-24;Concluído;1391807.31
211;Projeto fictício 0211 - Energia limpa;BA;PR;2025-10-16;Desenvolvimento;5248928.51
212;Projeto fictício 0212 - Saúde digital;RS;PE;2021-05-07;Prototipagem;166614.92
213;Projeto fictício 0213 - Indústria 4.0;AC;BA;2024-10-14;Pesquisa;47516.60
214;Projeto fictício 0214 - Energia limpa;AM;GO;2021-10-17;Prototipagem;5049866.34
215;Projeto fictício 0215 - Saúde digital;PE;RS;2022-12-23;Prototipagem;4593152.19
216;Projeto fictício 0216 - Agricultura;BA;RJ;2024-07-16;Concluído;2922893.38
217;Projeto fictício 0217 - Agricultura;MG;RS;2025-10-13;Pesquisa;5555187.86
218;Projeto fictício 0218 - Saúde digital;AM;RJ;2024-11-08;Pesquisa;876495.71
219;Projeto fictício 0219 - Biotecnologia;BA;RJ;2023-02-04;Desenvolvimento;1569830.79
220;Projeto fictício 0220 - Energia limpa;DF;BA;2021-12-28;Validação;389083.16
221;Projeto fictício 0221 - Agricultura;PE;GO;2024-08-23;Prototipagem;1500693.53
222;Projeto fictício 0222 - Agricultura;PE;CE;2025-11-26;Pesquisa;1341597.58
223;Projeto fictício 0223 - Biotecnologia;AC;SP;2024-04-10;Desenvolvimento;3987619.22
224;Projeto fictício 0224 - Biotecnologia;MG;AC;2025-03-04;Prototipagem;1034412.24
225;Projeto fictício 0225 - Energia limpa;BA;AC;2023-04-13;Concluído;3692133.96
226;Projeto fictício 0226 - Indústria 4.0;DF;RJ;2026-05-03;Pesquisa;1895419.06
227;Projeto fictício 0227 - Indústria 4.0;AC;GO;2021-11-06;Concluído;2943585.34
228;Projeto fictício 0228 - Biotecnologia;DF;PE;2023-08-12;Pesquisa;1064274.81
229;Projeto fictício 0229 - Biotecnologia;RS;RJ;2021-10-16;Concluído;2917637.30
230;Projeto fictício 0230 - Saúde digital;GO;DF;2025-04-03;Desenvolvimento;3394198.07
231;Projeto fictício 0231 - Biotecnologia;AC;RJ;2022-03-05;Concluído;1075529.01
232;Projeto fictício 0232 - Energia limpa;BA;RJ;2024-03-10;Prototipagem;4402456.50
233;Projeto fictício 0233 - Energia limpa;AC;AM;2024-07-18;Concluído;5260954.34
234;Projeto fictício 0234 - Agricultura;PR;RS;2026-07-12;Prototipagem;1202223.28
235;Projeto fictício 0235 - Saúde digital;BA;CE;2024-09-18;Desenvolvimento;5435248.04
236;Projeto fictício 0236 - Indústria 4.0;GO;DF;2026-06-23;Concluído;1660350.43
237;Projeto fictício 0237 - Biotecnologia;AC;MG;2022-01-30;Prototipagem;4839469.79
238;Projeto fictício 0238 - Indústria 4.0;BA;CE;2022-03-31;Pesquisa;3111558.08
239;Projeto fictício 0239 - Saúde digital;DF;DF;2021-09-11;Desenvolvimento;5330605.34
240;Projeto fictício 0240 - Agricultura;RJ;BA;2021-07-04;Pesquisa;1355578.13
241;Projeto fictício 0241 - Saúde digital;DF;MG;2021-02-05;Pesquisa;3165693.29
242;Projeto fictício 0242 - Agricultura;AC;DF;2023-06-08;Concluído;1653185.39
243;Projeto fictício 0243 - Indústria 4.0;BA;RJ;2022-09-02;Desenvolvimento;1870161.82
244;Projeto fictício 0244 - Biotecnologia;AM;GO;2023-03-26;Desenvolvimento;3815756.66
245;Projeto fictício 0245 - Energia limpa;DF;GO;2025-08-26;Pesquisa;4956767.73
246;Projeto fictício 0246 - Biotecnologia;PE;RS;2021-02-16;Concluído;1763709.09
247;Projeto fictício 0247 - Biotecnologia;CE;RJ;2024-08-01;Concluído;1654448.51
248;Projeto fictício 0248 - Energia limpa;RS;RJ;2023-11-21;Concluído;479087.30
249;Projeto fictício 0249 - Energia limpa;SP;RJ;2022-03-05;Prototipagem;3460855.51
250;Projeto fictício 0250 - Agricultura;SP;AM;2022-05-14;Desenvolvimento;1646395.02
251;Projeto fictício 0251 - Biotecnologia;MG;CE;2026-04-11;Concluído;2390361.92
252;Projeto fictício 0252 - Agricultura;GO;SP;2024-02-16;Validação;1523713.22
253;Projeto fictício 0253 - Indústria 4.0;MG;BA;2021-07-23;Validação;1861697.60
254;Projeto fictício 0254 - Energia limpa;DF;AC;2023-08-26;Concluído;4447405.60
255;Projeto fictício 0255 - Saúde digital;PE;SP;2023-11-25;Validação;4709115.84
256;Projeto fictício 0256 - Biotecnologia;AC;AC;2024-12-24;Prototipagem;2153319.10
257;Projeto fictício 0257 - Biotecnologia;PR;GO;2025-03-26;Pesquisa;4897382.06
258;Projeto fictício 0258 - Indústria 4.0;GO;AC;2025-07-17;Prototipagem;1547924.54
259;Projeto fictício 0259 - Biotecnologia;AC;GO;2021-09-06;Validação;2956006.07
260;Projeto fictício 0260 - Saúde digital;AM;AM;2025-05-01;Concluído;2303789.05
261;Projeto fictício 0261 - Indústria 4.0;AC;AC;2023-02-12;Validação;5896829.59
262;Projeto fictício 0262 - Energia limpa;MG;MG;2022-04-10;Validação;1083930.42
263;Projeto fictício 0263 - Energia limpa;MG;CE;2025-10-31;Pesquisa;4093768.82
264;Projeto fictício 0264 - Indústria 4.0;GO;DF;2022-06-01;Validação;712298.52
265;Projeto fictício 0265 - Saúde digital;CE;RS;2026-03-16;Pesquisa;5263405.56
266;Projeto fictício 0266 - Agricultura;AC;PR;2021-04-27;Pesquisa;1467464.17
267;Projeto fictício 0267 - Indústria 4.0;CE;GO;2023-06-10;Pesquisa;1951250.61
268;Projeto fictício 0268 - Indústria 4.0;AC;SP;2022-12-04;Validação;2383314.43
269;Projeto fictício 0269 - Agricultura;AM;RS;2026-01-27;Pesquisa;5871367.90
270;Projeto fictício 0270 - Indústria 4.0;SP;SP;2021-03-29;Desenvolvimento;5738140.85
271;Projeto fictício 0271 - Indústria 4.0;RS;SP;2024-01-15;Concluído;3717892.82
272;Projeto fictício 0272 - Energia limpa;SP;GO;2022-05-13;Desenvolvimento;659667.26
273;Projeto fictício 0273 - Energia limpa;SP;PR;2021-11-05;Prototipagem;1817772.43
274;Projeto fictício 0274 - Agricultura;DF;MG;2024-10-13;Validação;2602298.37
275;Projeto fictício 0275 - Saúde digital;GO;AM;2021-03-22;Prototipagem;3396221.28
276;Projeto fictício 0276 - Biotecnologia;PR;BA;2025-05-01;Concluído;466521.27
277;Projeto fictício 0277 - Agricultura;AM;BA;2023-01-30;Pesquisa;2947922.50
278;Projeto fictício 0278 - Saúde digital;DF;CE;2026-09-18;Prototipagem;1544479.53
279;Projeto fictício 0279 - Biotecnologia;PR;RJ;2021-08-15;Prototipagem;1864844.87
280;Projeto fictício 0280 - Energia limpa;AM;PE;2023-08-22;Desenvolvimento;324298.79
281;Projeto fictício 0281 - Indústria 4.0;PR;GO;2023-10-05;Concluído;2739132.41
282;Projeto fictício 0282 - Agricultura;PR;PR;2022-12-02;Validação;1628203.57
283;Projeto fictício 0283 - Saúde digital;RJ;GO;2021-12-15;Prototipagem;4422834.11
284;Projeto fictício 0284 - Saúde digital;CE;PR;2021-07-11;Pesquisa;5490577.70
285;Projeto fictício 0285 - Biotecnologia;RS;PE;2021-05-16;Concluído;4511733.83
286;Projeto fictício 0286 - Biotecnologia;SP;DF;2022-12-08;Concluído;1549497.59
287;Projeto fictício 0287 - Energia limpa;PE;SP;2025-05-12;Prototipagem;4202154.06
288;Projeto fictício 0288 - Saúde digital;SP;PR;2024-03-29;Concluído;2459918.60
289;Projeto fictício 0289 - Agricultura;SP;MG;2022-09-18;Concluído;5511613.66
290;Projeto fictício 0290 - Biotecnologia;DF;CE;2022-08-16;Desenvolvimento;2334857.40
291;Projeto fictício 0291 - Biotecnologia;CE;PE;2024-06-15;Desenvolvimento;1813479.94
292;Projeto fictício 0292 - Saúde digital;RS;AM;2026-05-22;Validação;2581236.35
293;Projeto fictício 0293 - Agricultura;BA;RJ;2025-08-25;Prototipagem;5289041.48
294;Projeto fictício 0294 - Indústria 4.0;BA;DF;2022-03-26;Pesquisa;5601918.03
295;Projeto fictício 0295 - Biotecnologia;PR;AC;2023-08-27;Concluído;1057428.65
296;Projeto fictício 0296 - Biotecnologia;CE;SP;2024-04-15;Desenvolvimento;4438701.52
297;Projeto fictício 0297 - Agricultura;BA;RJ;2026-06-05;Concluído;3443929.64
298;Projeto fictício 0298 - Agricultura;PE;SP;2024-09-20;Prototipagem;3662359.53
299;Projeto fictício 0299 - Saúde digital;DF;GO;2026-04-30;Prototipagem;5067614.38
300;Projeto fictício 0300 - Agricultura;CE;AM;2025-05-04;Validação;1838550.43
301;Projeto fictício 0301 - Saúde digital;DF;AM;2022-06-18;Validação;2761757.29
302;Projeto fictício 0302 - Agricultura;RS;DF;2023-04-11;Concluído;2432877.53
303;Projeto fictício 0303 - Saúde digital;AC;PE;2026-04-16;Concluído;711461.88
304;Projeto fictício 0304 - Energia limpa;CE;MG;2023-05-16;Concluído;5048920.08
305;Projeto fictício 0305 - Energia limpa;DF;SP;2022-06-07;Prototipagem;1409937.52
306;Projeto fictício 0306 - Energia limpa;PR;RS;2022-02-12;Pesquisa;361911.52
307;Projeto fictício 0307 - Saúde digital;RJ;AM;2025-05-24;Pesquisa;2990784.39
308;Projeto fictício 0308 - Indústria 4.0;BA;DF;2026-09-11;Validação;5293610.02
309;Projeto fictício 0309 - Biotecnologia;SP;BA;2025-03-11;Desenvolvimento;4383160.64
310;Projeto fictício 0310 - Saúde digital;SP;PE;2025-08-06;Validação;1936545.57
311;Projeto fictício 0311 - Saúde digital;CE;RJ;2022-01-15;Desenvolvimento;1103849.53
312;Projeto fictício 0312 - Agricultura;SP;PE;2021-12-12;Prototipagem;3435660.39
313;Projeto fictício 0313 - Agricultura;PE;BA;2025-08-09;Desenvolvimento;5631690.64
314;Projeto fictício 0314 - Saúde digital;DF;AC;2022-06-09;Desenvolvimento;4723979.17
315;Projeto fictício 0315 - Saúde digital;DF;PE;2021-02-26;Prototipagem;4011958.23
316;Projeto fictício 0316 - Agricultura;SP;SP;2021-07-21;Concluído;1848333.44
317;Projeto fictício 0317 - Agricultura;GO;SP;2025-01-10;Concluído;2887002.01
318;Projeto fictício 0318 - Saúde digital;AC;RS;2025-05-15;Concluído;3348389.71
319;Projeto fictício 0319 - Saúde digital;CE;DF;2022-07-26;Concluído;5635361.63
320;Projeto fictício 0320 - Energia limpa;AM;MG;2024-06-08;Validação;4735214.81
321;Projeto fictício 0321 - Energia limpa;BA;BA;2025-04-15;Desenvolvimento;5022580.88
322;Projeto fictício 0322 - Biotecnologia;SP;RS;2023-10-02;Desenvolvimento;5993822.60
323;Projeto fictício 0323 - Agricultura;PR;MG;2024-11-11;Prototipagem;2233464.39
324;Projeto fictício 0324 - Energia limpa;AC;PE;2022-04-14;Prototipagem;4729030.47
325;Projeto fictício 0325 - Biotecnologia;BA;AM;2022-02-19;Concluído;576610.33
326;Projeto fictício 0326 - Agricultura;CE;RS;2023-06-04;Pesquisa;2292709.62
327;Projeto fictício 0327 - Biotecnologia;MG;AC;2023-10-19;Prototipagem;5931882.89
328;Projeto fictício 0328 - Saúde digital;PR;SP;2026-04-15;Prototipagem;1619930.75
329;Projeto fictício 0329 - Indústria 4.0;SP;PE;2021-05-10;Concluído;5388750.81
330;Projeto fictício 0330 - Agricultura;AM;PR;2022-11-16;Pesquisa;2969300.54
331;Projeto fictício 0331 - Agricultura;BA;PE;2025-01-29;Concluído;2667915.22
332;Projeto fictício 0332 - Agricultura;AC;RJ;2023-02-23;Prototipagem;1659987.22
333;Projeto fictício 0333 - Energia limpa;DF;MG;2022-06-03;Desenvolvimento;592388.01
334;Projeto fictício 0334 - Agricultura;PE;MG;2026-08-14;Validação;5517752.94
335;Projeto fictício 0335 - Indústria 4.0;BA;MG;2023-03-12;Validação;2113048.94
336;Projeto fictício 0336 - Indústria 4.0;SP;AC;2021-08-25;Validação;320463.93
337;Projeto fictício 0337 - Agricultura;CE;PR;2024-07-20;Concluído;105060.85
338;Projeto fictício 0338 - Saúde digital;SP;MG;2026-05-16;Concluído;927457.23
339;Projeto fictício 0339 - Energia limpa;SP;RJ;2022-10-23;Desenvolvimento;3085171.02
340;Projeto fictício 0340 - Energia limpa;RS;SP;2021-07-25;Prototipagem;5293328.72
341;Projeto fictício 0341 - Agricultura;RJ;PR;2024-11-29;Prototipagem;3797568.47
342;Projeto fictício 0342 - Biotecnologia;AC;CE;2023-06-23;Validação;4065495.40
343;Projeto fictício 0343 - Energia limpa;MG;MG;2024-04-30;Validação;2494709.68
344;Projeto fictício 0344 - Agricultura;MG;CE;2026-01-21;Prototipagem;2881712.95
345;Projeto fictício 0345 - Energia limpa;RS;RJ;2023-06-25;Prototipagem;98562.60
346;Projeto fictício 0346 - Indústria 4.0;BA;PR;2022-03-26;Pesquisa;1913118.04
347;Projeto fictício 0347 - Energia limpa;SP;SP;2026-09-03;Pesquisa;2531183.60
348;Projeto fictício 0348 - Indústria 4.0;DF;AM;2023-12-08;Pesquisa;5224010.00
349;Projeto fictício 0349 - Agricultura;RJ;PR;2022-09-06;Concluído;798276.15
350;Projeto fictício 0350 - Indústria 4.0;PR;DF;2025-07-21;Pesquisa;2043787.11
351;Projeto fictício 0351 - Biotecnologia;DF;BA;2023-08-26;Desenvolvimento;2035845.25
352;Projeto fictício 0352 - Saúde digital;RS;RJ;2024-03-14;Validação;2032347.28
353;Projeto fictício 0353 - Energia limpa;PR;RS;2021-10-23;Prototipagem;5772828.55
354;Projeto fictício 0354 - Energia limpa;CE;DF;2025-09-10;Validação;2007869.52
355;Projeto fictício 0355 - Agricultura;RS;MG;2022-02-17;Validação;4465712.33
356;Projeto fictício 0356 - Energia limpa;SP;RJ;2024-02-07;Validação;90716.30
357;Projeto fictício 0357 - Agricultura;AM;SP;2025-04-04;Desenvolvimento;883129.45
358;Projeto fictício 0358 - Energia limpa;PE;BA;2026-03-07;Validação;5052151.40
359;Projeto fictício 0359 - Agricultura;RS;PR;2023-02-09;Concluído;994700.57
360;Projeto fictício 0360 - Biotecnologia;CE;RJ;2024-10-12;Desenvolvimento;4371832.51
361;Projeto fictício 0361 - Biotecnologia;RJ;BA;2024-02-29;Concluído;2440240.50
362;Projeto fictício 0362 - Indústria 4.0;MG;DF;2024-10-28;Pesquisa;4477614.42
363;Projeto fictício 0363 - Saúde digital;DF;PR;2021-06-07;Validação;5926447.77
364;Projeto fictício 0364 - Agricultura;RS;AM;2024-07-23;Concluído;2259376.34
365;Projeto fictício 0365 - Energia limpa;GO;DF;2024-07-17;Prototipagem;51489.24
366;Projeto fictício 0366 - Indústria 4.0;RJ;BA;2022-06-20;Prototipagem;4853012.83
367;Projeto fictício 0367 - Energia limpa;RJ;AM;2021-11-19;Prototipagem;1817719.16
368;Projeto fictício 0368 - Agricultura;BA;MG;2026-08-12;Validação;1994444.47
369;Projeto fictício 0369 - Energia limpa;RS;SP;2023-07-28;Prototipagem;1820731.15
370;Projeto fictício 0370 - Indústria 4.0;BA;PR;2021-12-27;Pesquisa;414556.94
371;Projeto fictício 0371 - Indústria 4.0;AM;MG;2023-04-28;Pesquisa;4337619.95
372;Projeto fictício 0372 - Indústria 4.0;AM;DF;2026-04-15;Prototipagem;74406.07
373;Projeto fictício 0373 - Saúde digital;MG;MG;2023-01-29;Pesquisa;5866230.53
374;Projeto fictício 0374 - Indústria 4.0;AC;AM;2022-02-11;Validação;3935614.84
375;Projeto fictício 0375 - Energia limpa;DF;AM;2024-04-09;Validação;2484457.50
376;Projeto fictício 0376 - Saúde digital;PR;SP;2021-04-11;Pesquisa;4655795.31
377;Projeto fictício 0377 - Energia limpa;GO;AC;2021-04-12;Pesquisa;4816269.04
378;Projeto fictício 0378 - Agricultura;AM;MG;2021-12-05;Desenvolvimento;4675376.92
379;Projeto fictício 0379 - Energia limpa;RS;SP;2025-12-16;Prototipagem;1022077.72
380;Projeto fictício 0380 - Biotecnologia;AM;PE;2025-04-04;Pesquisa;5905222.40
381;Projeto fictício 0381 - Biotecnologia;PE;PR;2024-03-08;Desenvolvimento;216934.39
382;Projeto fictício 0382 - Indústria 4.0;DF;PR;2026-08-05;Desenvolvimento;340549.79
383;Projeto fictício 0383 - Agricultura;BA;SP;2026-01-15;Desenvolvimento;5388761.66
384;Projeto fictício 0384 - Agricultura;AM;DF;2024-02-29;Validação;1807422.53
385;Projeto fictício 0385 - Energia limpa;SP;MG;2023-04-08;Desenvolvimento;3690771.58
386;Projeto fictício 0386 - Indústria 4.0;GO;RS;2022-05-08;Prototipagem;2125338.75
387;Projeto fictício 0387 - Saúde digital;AM;MG;2026-03-30;Concluído;4927697.73
388;Projeto fictício 0388 - Saúde digital;PR;DF;2025-09-05;Prototipagem;3242144.30
389;Projeto fictício 0389 - Indústria 4.0;SP;MG;2025-02-24;Concluído;2496594.07
390;Projeto fictício 0390 - Biotecnologia;BA;AC;2021-12-04;Concluído;2829477.21
391;Projeto fictício 0391 - Agricultura;GO;DF;2024-01-27;Pesquisa;1340965.99
392;Projeto fictício 0392 - Indústria 4.0;BA;MG;2021-08-09;Concluído;5013369.01
393;Projeto fictício 0393 - Biotecnologia;PE;CE;2023-04-09;Validação;1951406.00
394;Projeto fictício 0394 - Indústria 4.0;GO;MG;2025-10-26;Concluído;4400810.87
395;Projeto fictício 0395 - Biotecnologia;GO;GO;2021-04-03;Concluído;5821746.02
396;Projeto fictício 0396 - Indústria 4.0;PR;RJ;2023-02-11;Pesquisa;2769949.95
397;Projeto fictício 0397 - Biotecnologia;AC;BA;2021-01-05;Concluído;5066283.97
398;Projeto fictício 0398 - Agricultura;AM;RS;2025-01-21;Desenvolvimento;2512476.46
399;Projeto fictício 0399 - Saúde digital;CE;DF;2026-03-30;Validação;5546303.59
400;Projeto fictício 0400 - Energia limpa;AC;DF;2021-09-04;Prototipagem;3364120.39
401;Projeto fictício 0401 - Biotecnologia;SP;BA;2022-09-26;Desenvolvimento;5767838.80
402;Projeto fictício 0402 - Saúde digital;DF;MG;2026-02-15;Validação;1054693.78
403;Projeto fictício 0403 - Indústria 4.0;AC;BA;2023-01-05;Concluído;5703990.81
404;Projeto fictício 0404 - Energia limpa;CE;CE;2024-12-21;Concluído;3127081.77
405;Projeto fictício 0405 - Biotecnologia;BA;BA;2021-09-14;Desenvolvimento;1961471.73
406;Projeto fictício 0406 - Agricultura;PE;MG;2021-04-13;Pesquisa;5666889.71
407;Projeto fictício 0407 - Saúde digital;CE;AC;2023-07-24;Prototipagem;902314.71
408;Projeto fictício 0408 - Biotecnologia;GO;DF;2023-09-09;Desenvolvimento;3058472.24
409;Projeto fictício 0409 - Agricultura;MG;SP;2023-11-15;Validação;4078137.14
410;Projeto fictício 0410 - Indústria 4.0;PR;CE;2025-09-06;Validação;2937468.74
411;Projeto fictício 0411 - Saúde digital;AM;PR;2025-01-05;Concluído;1472839.66
412;Projeto fictício 0412 - Saúde digital;CE;GO;2021-11-13;Prototipagem;4626845.84
413;Projeto fictício 0413 - Agricultura;PE;AM;2025-11-10;Validação;5708524.77
414;Projeto fictício 0414 - Agricultura;PR;PE;2025-07-03;Concluído;158634.35
415;Projeto fictício 0415 - Energia limpa;RJ;MG;2024-11-20;Pesquisa;1406496.83
416;Projeto fictício 0416 - Agricultura;PR;CE;2025-07-03;Prototipagem;4611392.78
417;Projeto fictício 0417 - Indústria 4.0;RJ;DF;2022-02-20;Desenvolvimento;4222894.53
418;Projeto fictício 0418 - Saúde digital;BA;PE;2024-07-08;Validação;438177.92
419;Projeto fictício 0419 - Indústria 4.0;RS;AC;2024-04-26;Concluído;2973670.27
420;Projeto fictício 0420 - Saúde digital;DF;AM;2024-11-10;Pesquisa;358806.25
421;Projeto fictício 0421 - Indústria 4.0;RJ;AM;2024-04-05;Concluído;4687299.94
422;Projeto fictício 0422 - Biotecnologia;BA;PE;2025-03-24;Validação;2250035.54
423;Projeto fictício 0423 - Agricultura;PR;PE;2026-03-25;Desenvolvimento;930546.62
424;Projeto fictício 0424 - Agricultura;RS;BA;2021-09-10;Validação;1302860.62
425;Projeto fictício 0425 - Energia limpa;RJ;PR;2023-04-29;Desenvolvimento;2408526.48
426;Projeto fictício 0426 - Energia limpa;BA;PR;2022-09-17;Desenvolvimento;5311177.71
427;Projeto fictício 0427 - Indústria 4.0;AC;RJ;2026-04-21;Concluído;5021435.81
428;Projeto fictício 0428 - Saúde digital;SP;GO;2025-12-03;Concluído;552902.50
429;Projeto fictício 0429 - Agricultura;GO;PR;2025-12-27;Pesquisa;4580543.62
430;Projeto fictício 0430 - Biotecnologia;RS;PR;2022-03-31;Prototipagem;4263426.59
431;Projeto fictício 0431 - Indústria 4.0;AM;MG;2026-08-09;Desenvolvimento;3126487.40
432;Projeto fictício 0432 - Agricultura;RJ;RS;2022-03-25;Desenvolvimento;976392.96
433;Projeto fictício 0433 - Saúde digital;DF;GO;2026-09-05;Prototipagem;5701697.48
434;Projeto fictício 0434 - Indústria 4.0;PR;BA;2023-03-21;Validação;3902913.81
435;Projeto fictício 0435 - Saúde digital;CE;BA;2024-03-31;Prototipagem;3348838.50
436;Projeto fictício 0436 - Indústria 4.0;RJ;DF;2022-11-11;Desenvolvimento;2516599.20
437;Projeto fictício 0437 - Saúde digital;RJ;RJ;2022-03-26;Pesquisa;3378713.00
438;Projeto fictício 0438 - Agricultura;PE;RS;2024-06-14;Pesquisa;1140743.28
439;Projeto fictício 0439 - Biotecnologia;RJ;SP;2022-02-24;Pesquisa;5116591.46
440;Projeto fictício 0440 - Saúde digital;RS;PE;2025-12-17;Validação;3658178.48
441;Projeto fictício 0441 - Indústria 4.0;DF;CE;2024-04-03;Desenvolvimento;3169871.03
442;Projeto fictício 0442 - Energia limpa;MG;RJ;2025-10-06;Validação;2631473.39
443;Projeto fictício 0443 - Agricultura;AM;CE;2021-09-04;Desenvolvimento;2498772.97
444;Projeto fictício 0444 - Agricultura;PE;SP;2021-12-09;Concluído;1032426.46
445;Projeto fictício 0445 - Energia limpa;PR;MG;2023-06-11;Validação;5842478.38
446;Projeto fictício 0446 - Indústria 4.0;MG;MG;2021-11-29;Concluído;319137.24
447;Projeto fictício 0447 - Energia limpa;RJ;RS;2021-05-19;Concluído;1028463.87
448;Projeto fictício 0448 - Energia limpa;RJ;CE;2024-02-13;Validação;5182597.23
449;Projeto fictício 0449 - Saúde digital;SP;RS;2023-09-13;Concluído;554475.56
450;Projeto fictício 0450 - Saúde digital;MG;GO;2021-07-21;Prototipagem;4238197.13
451;Projeto fictício 0451 - Biotecnologia;DF;AM;2023-12-04;Pesquisa;1471229.00
452;Projeto fictício 0452 - Energia limpa;DF;MG;2023-02-23;Concluído;1262071.57
453;Projeto fictício 0453 - Biotecnologia;MG;PR;2022-05-05;Pesquisa;1440710.19
454;Projeto fictício 0454 - Indústria 4.0;BA;PR;2024-05-09;Pesquisa;3978104.87
455;Projeto fictício 0455 - Saúde digital;AM;MG;2021-04-07;Validação;5780162.93
456;Projeto fictício 0456 - Indústria 4.0;RS;CE;2025-03-21;Desenvolvimento;1161261.39
457;Projeto fictício 0457 - Agricultura;AC;MG;2022-04-13;Prototipagem;4844116.72
458;Projeto fictício 0458 - Indústria 4.0;CE;SP;2024-09-21;Validação;453248.20
459;Projeto fictício 0459 - Biotecnologia;SP;MG;2025-07-04;Validação;4183620.81
460;Projeto fictício 0460 - Biotecnologia;AC;DF;2024-08-22;Prototipagem;4186366.24
461;Projeto fictício 0461 - Agricultura;BA;RS;2025-09-29;Desenvolvimento;1334543.10
462;Projeto fictício 0462 - Biotecnologia;PR;AC;2025-05-04;Prototipagem;1100706.93
463;Projeto fictício 0463 - Indústria 4.0;DF;AC;2024-06-18;Pesquisa;598844.12
464;Projeto fictício 0464 - Indústria 4.0;PR;PR;2025-02-03;Validação;2791100.40
465;Projeto fictício 0465 - Indústria 4.0;AC;MG;2024-07-22;Validação;705657.43
466;Projeto fictício 0466 - Saúde digital;SP;PR;2025-01-08;Validação;1575699.13
467;Projeto fictício 0467 - Saúde digital;PE;AM;2021-08-20;Desenvolvimento;5115533.51
468;Projeto fictício 0468 - Agricultura;AC;RJ;2021-01-11;Pesquisa;1035285.82
469;Projeto fictício 0469 - Indústria 4.0;PR;GO;2023-11-28;Prototipagem;1948080.79
470;Projeto fictício 0470 - Indústria 4.0;SP;RS;2021-08-31;Validação;5215941.17
471;Projeto fictício 0471 - Energia limpa;PR;PE;2022-05-20;Concluído;2225154.47
472;Projeto fictício 0472 - Saúde digital;CE;GO;2022-03-04;Pesquisa;3216522.63
473;Projeto fictício 0473 - Energia limpa;AC;GO;2023-10-29;Pesquisa;5880983.11
474;Projeto fictício 0474 - Agricultura;PE;PR;2025-05-10;Validação;2208548.68
475;Projeto fictício 0475 - Indústria 4.0;RS;MG;2022-05-17;Concluído;3354084.92
476;Projeto fictício 0476 - Energia limpa;SP;BA;2024-05-07;Concluído;73581.10
477;Projeto fictício 0477 - Agricultura;RJ;RS;2022-04-24;Validação;4279265.11
478;Projeto fictício 0478 - Saúde digital;PE;PR;2023-09-11;Validação;4253297.80
479;Projeto fictício 0479 - Energia limpa;PE;DF;2024-01-19;Validação;5544931.16
480;Projeto fictício 0480 - Saúde digital;RS;DF;2022-09-05;Pesquisa;4819338.43
481;Projeto fictício 0481 - Agricultura;PR;RS;2024-09-19;Pesquisa;5043324.91
482;Projeto fictício 0482 - Biotecnologia;CE;AM;2024-11-22;Concluído;2763256.08
483;Projeto fictício 0483 - Agricultura;SP;AC;2023-08-14;Validação;3383701.85
484;Projeto fictício 0484 - Agricultura;PR;CE;2025-06-10;Prototipagem;3174050.33
485;Projeto fictício 0485 - Agricultura;PR;DF;2023-07-12;Concluído;1499152.25
486;Projeto fictício 0486 - Saúde digital;AM;CE;2026-03-21;Pesquisa;39884.80
487;Projeto fictício 0487 - Indústria 4.0;RJ;RJ;2023-12-22;Prototipagem;1145844.51
488;Projeto fictício 0488 - Energia limpa;BA;AC;2021-11-29;Pesquisa;2378804.94
489;Projeto fictício 0489 - Energia limpa;PE;RJ;2021-07-03;Pesquisa;2592581.26
490;Projeto fictício 0490 - Indústria 4.0;BA;GO;2025-10-17;Prototipagem;3989154.81
491;Projeto fictício 0491 - Indústria 4.0;AC;RJ;2022-11-08;Pesquisa;3393664.65
492;Projeto fictício 0492 - Energia limpa;RS;DF;2022-11-13;Validação;3039356.96
493;Projeto fictício 0493 - Saúde digital;RS;CE;2026-01-13;Validação;3670351.87
494;Projeto fictício 0494 - Energia limpa;MG;GO;2024-08-13;Prototipagem;4683196.31
495;Projeto fictício 0495 - Saúde digital;PR;GO;2024-06-12;Concluído;3683060.23
496;Projeto fictício 0496 - Energia limpa;MG;AC;2026-04-16;Prototipagem;5757596.57
497;Projeto fictício 0497 - Biotecnologia;SP;DF;2022-08-27;Desenvolvimento;1802409.77
498;Projeto fictício 0498 - Energia limpa;GO;SP;2022-10-16;Validação;2664546.90
499;Projeto fictício 0499 - Energia limpa;PE;MG;2025-06-17;Desenvolvimento;1997365.63
500;Projeto fictício 0500 - Biotecnologia;GO;AM;2021-11-13;Validação;1967759.63
501;Projeto fictício 0501 - Biotecnologia;BA;SP;2021-02-22;Desenvolvimento;558501.98
502;Projeto fictício 0502 - Biotecnologia;RS;SP;2024-07-23;Pesquisa;4798358.09
503;Projeto fictício 0503 - Biotecnologia;AM;BA;2025-09-04;Prototipagem;4248604.96
504;Projeto fictício 0504 - Indústria 4.0;CE;SP;2021-01-01;Validação;1683572.80
505;Projeto fictício 0505 - Saúde digital;RJ;GO;2021-06-11;Validação;3316619.93
506;Projeto fictício 0506 - Energia limpa;AC;SP;2021-07-16;Prototipagem;990793.81
507;Projeto fictício 0507 - Agricultura;CE;RS;2022-11-19;Validação;3723022.65
508;Projeto fictício 0508 - Saúde digital;BA;CE;2021-07-19;Prototipagem;4068086.33
509;Projeto fictício 0509 - Agricultura;PE;RS;2021-04-24;Pesquisa;4561487.29
510;Projeto fictício 0510 - Indústria 4.0;PR;AC;2025-11-05;Prototipagem;5162499.57
511;Projeto fictício 0511 - Indústria 4.0;BA;AM;2025-02-10;Desenvolvimento;5540869.87
512;Projeto fictício 0512 - Energia limpa;PR;CE;2026-09-18;Pesquisa;3671274.96
513;Projeto fictício 0513 - Biotecnologia;DF;GO;2021-01-10;Pesquisa;1669671.66
514;Projeto fictício 0514 - Indústria 4.0;CE;RJ;2023-11-24;Desenvolvimento;127519.22
515;Projeto fictício 0515 - Indústria 4.0;PE;GO;2023-08-18;Validação;870541.00
516;Projeto fictício 0516 - Energia limpa;GO;PR;2022-01-12;Desenvolvimento;3107305.78
517;Projeto fictício 0517 - Agricultura;AM;BA;2024-09-16;Prototipagem;5904026.96
518;Projeto fictício 0518 - Biotecnologia;AC;GO;2021-05-01;Pesquisa;5411772.67
519;Projeto fictício 0519 - Saúde digital;PR;AC;2026-01-30;Prototipagem;5877803.73
520;Projeto fictício 0520 - Indústria 4.0;AM;PR;2022-06-21;Concluído;5320454.95
521;Projeto fictício 0521 - Saúde digital;PE;BA;2023-09-13;Validação;5444968.14
522;Projeto fictício 0522 - Agricultura;AM;AM;2023-05-10;Pesquisa;5660711.54
523;Projeto fictício 0523 - Biotecnologia;SP;PE;2021-02-10;Pesquisa;3262547.85
524;Projeto fictício 0524 - Energia limpa;RJ;PE;2023-06-23;Pesquisa;3068394.49
525;Projeto fictício 0525 - Agricultura;AC;SP;2023-12-09;Concluído;2103595.14
526;Projeto fictício 0526 - Indústria 4.0;RJ;RJ;2022-05-19;Concluído;873016.61
527;Projeto fictício 0527 - Biotecnologia;CE;DF;2022-05-02;Prototipagem;5381868.67
528;Projeto fictício 0528 - Agricultura;AC;AC;2025-09-27;Concluído;857584.17
529;Projeto fictício 0529 - Energia limpa;RJ;BA;2021-12-03;Validação;3923038.02
530;Projeto fictício 0530 - Biotecnologia;AM;AM;2022-09-07;Prototipagem;1068226.62
531;Projeto fictício 0531 - Saúde digital;DF;PE;2026-03-31;Pesquisa;2065550.97
532;Projeto fictício 0532 - Saúde digital;DF;AM;2023-04-26;Validação;5250343.25
533;Projeto fictício 0533 - Indústria 4.0;SP;BA;2023-05-22;Validação;529646.73
534;Projeto fictício 0534 - Energia limpa;GO;RS;2022-04-12;Concluído;3658861.10
535;Projeto fictício 0535 - Biotecnologia;BA;GO;2026-01-08;Concluído;5275437.63
536;Projeto fictício 0536 - Indústria 4.0;RS;AC;2024-09-25;Concluído;3239933.01
537;Projeto fictício 0537 - Saúde digital;RS;SP;2025-09-07;Desenvolvimento;3968542.02
538;Projeto fictício 0538 - Indústria 4.0;BA;PR;2026-09-05;Pesquisa;511005.92
539;Projeto fictício 0539 - Agricultura;PE;BA;2021-05-15;Prototipagem;1285183.23
540;Projeto fictício 0540 - Indústria 4.0;DF;BA;2024-07-22;Concluído;5583160.04
541;Projeto fictício 0541 - Biotecnologia;PE;GO;2022-11-01;Concluído;298558.00
542;Projeto fictício 0542 - Saúde digital;AM;RS;2023-05-29;Desenvolvimento;2713817.26
543;Projeto fictício 0543 - Agricultura;PR;RJ;2024-11-22;Prototipagem;4013102.42
544;Projeto fictício 0544 - Saúde digital;AC;DF;2023-08-15;Pesquisa;5174645.92
545;Projeto fictício 0545 - Saúde digital;DF;CE;2023-08-17;Validação;3351852.48
546;Projeto fictício 0546 - Agricultura;PR;GO;2021-01-05;Desenvolvimento;817750.85
547;Projeto fictício 0547 - Agricultura;SP;AM;2023-10-14;Pesquisa;382759.24
548;Projeto fictício 0548 - Saúde digital;MG;DF;2025-10-19;Concluído;256578.00
549;Projeto fictício 0549 - Indústria 4.0;SP;AC;2021-06-06;Prototipagem;2241390.29
550;Projeto fictício 0550 - Indústria 4.0;CE;AC;2024-04-28;Desenvolvimento;1086790.16
551;Projeto fictício 0551 - Indústria 4.0;DF;RJ;2023-04-11;Prototipagem;2661420.83
552;Projeto fictício 0552 - Saúde digital;PR;DF;2023-03-11;Desenvolvimento;759281.20
553;Projeto fictício 0553 - Agricultura;RJ;PR;2021-02-25;Concluído;5938336.51
554;Projeto fictício 0554 - Biotecnologia;RS;MG;2022-07-28;Desenvolvimento;1755614.58
555;Projeto fictício 0555 - Saúde digital;SP;PE;2025-06-08;Desenvolvimento;194929.36
556;Projeto fictício 0556 - Saúde digital;DF;AC;2025-06-02;Desenvolvimento;5449942.57
557;Projeto fictício 0557 - Indústria 4.0;PR;GO;2022-05-07;Desenvolvimento;4306564.56
558;Projeto fictício 0558 - Energia limpa;MG;PR;2022-09-24;Prototipagem;4788677.25
559;Projeto fictício 0559 - Indústria 4.0;MG;PE;2023-02-07;Concluído;1687457.88
560;Projeto fictício 0560 - Biotecnologia;PE;CE;2025-12-25;Prototipagem;4301344.46
561;Projeto fictício 0561 - Agricultura;CE;AC;2025-05-12;Concluído;5482463.51
562;Projeto fictício 0562 - Agricultura;AC;MG;2024-07-24;Validação;3952122.60
563;Projeto fictício 0563 - Energia limpa;RS;AM;2026-09-21;Pesquisa;4065743.00
564;Projeto fictício 0564 - Agricultura;AM;DF;2022-09-25;Concluído;5731336.68
565;Projeto fictício 0565 - Agricultura;CE;SP;2025-08-06;Pesquisa;5812148.43
566;Projeto fictício 0566 - Biotecnologia;MG;MG;2025-11-29;Prototipagem;2925926.49
567;Projeto fictício 0567 - Saúde digital;SP;PE;2023-11-16;Validação;1694966.77
568;Projeto fictício 0568 - Biotecnologia;BA;AM;2022-05-22;Prototipagem;4219660.22
569;Projeto fictício 0569 - Biotecnologia;AM;RJ;2025-11-10;Desenvolvimento;3624777.06
570;Projeto fictício 0570 - Energia limpa;BA;RJ;2026-04-04;Validação;2781118.67
571;Projeto fictício 0571 - Agricultura;MG;MG;2022-10-10;Desenvolvimento;391419.76
572;Projeto fictício 0572 - Agricultura;GO;RS;2021-12-15;Prototipagem;1253638.16
573;Projeto fictício 0573 - Biotecnologia;PR;CE;2022-09-08;Validação;2992637.12
574;Projeto fictício 0574 - Saúde digital;MG;GO;2022-08-11;Pesquisa;926676.82
575;Projeto fictício 0575 - Saúde digital;AC;DF;2025-11-03;Desenvolvimento;3053211.58
576;Projeto fictício 0576 - Agricultura;DF;CE;2021-04-08;Validação;5354838.47
577;Projeto fictício 0577 - Indústria 4.0;PE;CE;2025-11-30;Prototipagem;1177331.96
578;Projeto fictício 0578 - Biotecnologia;AM;DF;2026-07-07;Pesquisa;3913161.75
579;Projeto fictício 0579 - Agricultura;BA;SP;2023-11-18;Concluído;35738.43
580;Projeto fictício 0580 - Saúde digital;PE;AC;2021-11-07;Prototipagem;4722030.31
581;Projeto fictício 0581 - Agricultura;DF;MG;2026-05-21;Desenvolvimento;1930682.77
582;Projeto fictício 0582 - Saúde digital;RJ;RS;2024-03-01;Concluído;2338746.87
583;Projeto fictício 0583 - Saúde digital;MG;DF;2024-11-19;Pesquisa;4004333.44
584;Projeto fictício 0584 - Agricultura;CE;GO;2023-01-20;Prototipagem;2836121.39
585;Projeto fictício 0585 - Energia limpa;MG;AM;2024-12-10;Concluído;3688409.76
586;Projeto fictício 0586 - Biotecnologia;SP;AC;2024-04-22;Pesquisa;3710127.25
587;Projeto fictício 0587 - Energia limpa;AC;AM;2024-11-09;Concluído;4224679.22
588;Projeto fictício 0588 - Agricultura;RS;AC;2026-03-17;Prototipagem;4731975.90
589;Projeto fictício 0589 - Biotecnologia;AM;BA;2024-01-29;Validação;940972.54
590;Projeto fictício 0590 - Saúde digital;PE;AC;2022-10-11;Validação;4268250.28
591;Projeto fictício 0591 - Agricultura;RJ;SP;2023-11-28;Concluído;4880131.06
592;Projeto fictício 0592 - Agricultura;PE;BA;2025-07-13;Prototipagem;3699430.13
593;Projeto fictício 0593 - Saúde digital;AC;DF;2023-09-16;Validação;4527019.88
594;Projeto fictício 0594 - Energia limpa;DF;PE;2022-01-07;Desenvolvimento;4813653.35
595;Projeto fictício 0595 - Energia limpa;DF;CE;2024-07-04;Prototipagem;3295745.73
596;Projeto fictício 0596 - Energia limpa;MG;PR;2026-03-17;Pesquisa;3433495.39
597;Projeto fictício 0597 - Saúde digital;PE;MG;2024-04-13;Pesquisa;3370540.31
598;Projeto fictício 0598 - Energia limpa;RS;AM;2021-05-02;Prototipagem;2070615.77
599;Projeto fictício 0599 - Biotecnologia;GO;RS;2021-03-29;Desenvolvimento;3477807.96
600;Projeto fictício 0600 - Saúde digital;PE;CE;2024-11-16;Desenvolvimento;3999233.35
601;Projeto fictício 0601 - Saúde digital;DF;AM;2024-04-29;Validação;4937632.85
602;Projeto fictício 0602 - Saúde digital;MG;RJ;2026-08-20;Concluído;4458354.97
603;Projeto fictício 0603 - Indústria 4.0;PE;BA;2022-02-17;Pesquisa;1309266.40
604;Projeto fictício 0604 - Energia limpa;AM;AM;2021-08-15;Desenvolvimento;3280111.62
605;Projeto fictício 0605 - Biotecnologia;RJ;AC;2022-08-15;Pesquisa;2528624.22
606;Projeto fictício 0606 - Agricultura;RJ;SP;2023-12-25;Desenvolvimento;3746579.50
607;Projeto fictício 0607 - Saúde digital;GO;RJ;2023-03-22;Concluído;4575322.94
608;Projeto fictício 0608 - Indústria 4.0;RJ;RJ;2023-12-20;Concluído;3438832.43
609;Projeto fictício 0609 - Biotecnologia;CE;PR;2022-06-10;Pesquisa;3403456.30
610;Projeto fictício 0610 - Energia limpa;GO;RJ;2025-04-13;Prototipagem;683097.91
611;Projeto fictício 0611 - Agricultura;DF;CE;2023-07-29;Pesquisa;5270171.25
612;Projeto fictício 0612 - Energia limpa;DF;PR;2024-01-15;Validação;3779071.85
613;Projeto fictício 0613 - Biotecnologia;MG;RJ;2025-04-25;Concluído;3594131.49
614;Projeto fictício 0614 - Biotecnologia;BA;SP;2024-01-19;Prototipagem;2090359.65
615;Projeto fictício 0615 - Energia limpa;PE;AM;2025-07-03;Desenvolvimento;2498903.34
616;Projeto fictício 0616 - Biotecnologia;MG;DF;2024-05-13;Desenvolvimento;1837793.84
617;Projeto fictício 0617 - Saúde digital;AC;PR;2021-11-03;Validação;316409.07
618;Projeto fictício 0618 - Biotecnologia;GO;RS;2023-05-29;Validação;4989516.84
619;Projeto fictício 0619 - Biotecnologia;MG;PR;2021-01-13;Prototipagem;1181911.67
620;Projeto fictício 0620 - Saúde digital;GO;AM;2022-04-18;Desenvolvimento;2877157.18
621;Projeto fictício 0621 - Saúde digital;PR;BA;2023-08-01;Validação;5702841.39
622;Projeto fictício 0622 - Biotecnologia;AC;CE;2026-06-20;Pesquisa;699658.29
623;Projeto fictício 0623 - Saúde digital;DF;AM;2024-11-15;Prototipagem;2419857.06
624;Projeto fictício 0624 - Energia limpa;BA;PR;2022-11-17;Prototipagem;1180616.29
625;Projeto fictício 0625 - Biotecnologia;SP;GO;2025-04-22;Concluído;1296343.04
626;Projeto fictício 0626 - Agricultura;SP;RJ;2021-02-15;Validação;5829252.37
627;Projeto fictício 0627 - Energia limpa;SP;RJ;2022-06-26;Prototipagem;732760.80
628;Projeto fictício 0628 - Saúde digital;AC;GO;2024-03-24;Prototipagem;4235527.58
629;Projeto fictício 0629 - Saúde digital;DF;RS;2022-07-07;Validação;379898.30
630;Projeto fictício 0630 - Biotecnologia;RS;PR;2026-04-26;Concluído;3565065.24
631;Projeto fictício 0631 - Indústria 4.0;AC;CE;2025-02-10;Prototipagem;761075.54
632;Projeto fictício 0632 - Agricultura;AC;PR;2025-06-04;Concluído;3025806.96
633;Projeto fictício 0633 - Agricultura;RS;AC;2026-06-19;Pesquisa;268676.71
634;Projeto fictício 0634 - Agricultura;RS;RS;2023-03-22;Validação;2789215.80
635;Projeto fictício 0635 - Agricultura;SP;BA;2023-04-04;Prototipagem;4974555.80
636;Projeto fictício 0636 - Indústria 4.0;RS;MG;2022-09-27;Prototipagem;4248968.90
637;Projeto fictício 0637 - Agricultura;DF;MG;2023-07-07;Prototipagem;4956110.69
638;Projeto fictício 0638 - Energia limpa;RS;RJ;2025-05-10;Validação;942539.49
639;Projeto fictício 0639 - Biotecnologia;AM;SP;2024-12-06;Concluído;4898054.75
640;Projeto fictício 0640 - Indústria 4.0;PE;PR;2023-04-28;Pesquisa;3647551.72
641;Projeto fictício 0641 - Indústria 4.0;AM;BA;2022-07-20;Desenvolvimento;3705152.57
642;Projeto fictício 0642 - Agricultura;BA;SP;2025-07-08;Pesquisa;5671224.50
643;Projeto fictício 0643 - Biotecnologia;AC;CE;2023-02-07;Desenvolvimento;2335535.14
644;Projeto fictício 0644 - Biotecnologia;BA;GO;2023-07-01;Desenvolvimento;5759367.63
645;Projeto fictício 0645 - Energia limpa;AC;MG;2025-06-25;Validação;433477.40
646;Projeto fictício 0646 - Energia limpa;PR;AC;2025-11-03;Validação;2928339.39
647;Projeto fictício 0647 - Agricultura;CE;AM;2022-09-09;Pesquisa;1454218.92
648;Projeto fictício 0648 - Energia limpa;PE;AC;2024-10-11;Desenvolvimento;1900326.50
649;Projeto fictício 0649 - Biotecnologia;MG;PE;2026-04-13;Pesquisa;5757139.48
650;Projeto fictício 0650 - Energia limpa;BA;PR;2023-01-11;Validação;5211334.53
651;Projeto fictício 0651 - Energia limpa;GO;RS;2026-03-30;Prototipagem;533804.79
652;Projeto fictício 0652 - Saúde digital;DF;DF;2026-03-07;Concluído;3010428.45
653;Projeto fictício 0653 - Agricultura;RS;MG;2021-09-28;Desenvolvimento;2767850.67
654;Projeto fictício 0654 - Indústria 4.0;PE;GO;2021-07-30;Pesquisa;3677180.36
655;Projeto fictício 0655 - Saúde digital;CE;PE;2025-10-20;Desenvolvimento;459680.41
656;Projeto fictício 0656 - Biotecnologia;PE;RJ;2023-10-02;Pesquisa;5544033.17
657;Projeto fictício 0657 - Saúde digital;RJ;GO;2022-03-22;Prototipagem;4909487.83
658;Projeto fictício 0658 - Saúde digital;BA;RJ;2023-03-15;Validação;4428015.81
659;Projeto fictício 0659 - Agricultura;GO;AC;2026-09-06;Desenvolvimento;3979799.54
660;Projeto fictício 0660 - Agricultura;PR;RS;2024-10-11;Prototipagem;2575786.59
661;Projeto fictício 0661 - Agricultura;RS;BA;2025-02-04;Prototipagem;1033754.26
662;Projeto fictício 0662 - Biotecnologia;GO;AC;2022-02-15;Validação;231239.25
663;Projeto fictício 0663 - Saúde digital;PR;GO;2022-06-24;Validação;577714.13
664;Projeto fictício 0664 - Saúde digital;AC;DF;2025-03-16;Prototipagem;3810354.69
665;Projeto fictício 0665 - Energia limpa;RS;PR;2023-03-08;Validação;274173.51
666;Projeto fictício 0666 - Agricultura;PE;AM;2025-01-01;Validação;3243077.32
667;Projeto fictício 0667 - Biotecnologia;BA;SP;2023-11-02;Prototipagem;2273984.11
668;Projeto fictício 0668 - Energia limpa;DF;BA;2025-06-14;Desenvolvimento;3124730.41
669;Projeto fictício 0669 - Indústria 4.0;RJ;AM;2023-11-04;Desenvolvimento;1832891.44
670;Projeto fictício 0670 - Energia limpa;BA;PE;2024-07-13;Desenvolvimento;4047373.70
671;Projeto fictício 0671 - Indústria 4.0;GO;SP;2023-08-24;Validação;1120089.14
672;Projeto fictício 0672 - Biotecnologia;MG;RJ;2022-02-21;Concluído;102926.99
673;Projeto fictício 0673 - Saúde digital;PE;PE;2021-07-17;Concluído;3381655.48
674;Projeto fictício 0674 - Agricultura;BA;PR;2023-12-05;Prototipagem;613089.03
675;Projeto fictício 0675 - Biotecnologia;BA;BA;2023-08-08;Concluído;843446.40
676;Projeto fictício 0676 - Agricultura;RS;PR;2024-06-28;Validação;4626336.84
677;Projeto fictício 0677 - Biotecnologia;AM;SP;2023-05-26;Desenvolvimento;1540670.15
678;Projeto fictício 0678 - Agricultura;MG;DF;2026-03-01;Prototipagem;1096724.61
679;Projeto fictício 0679 - Biotecnologia;MG;GO;2021-01-13;Concluído;5009604.77
680;Projeto fictício 0680 - Energia limpa;BA;DF;2023-01-06;Validação;2667579.56
681;Projeto fictício 0681 - Agricultura;RJ;DF;2021-05-03;Pesquisa;891247.55
682;Projeto fictício 0682 - Energia limpa;BA;SP;2023-01-22;Validação;4280944.02
683;Projeto fictício 0683 - Saúde digital;PR;SP;2023-01-28;Pesquisa;4668055.02
684;Projeto fictício 0684 - Biotecnologia;MG;SP;2021-07-28;Validação;3039967.17
685;Projeto fictício 0685 - Saúde digital;CE;PE;2022-07-24;Validação;4200384.62
686;Projeto fictício 0686 - Biotecnologia;BA;PE;2023-09-09;Validação;3549588.76
687;Projeto fictício 0687 - Biotecnologia;PE;BA;2022-12-12;Validação;1669323.34
688;Projeto fictício 0688 - Energia limpa;DF;RJ;2025-12-23;Validação;74047.84
689;Projeto fictício 0689 - Indústria 4.0;GO;PR;2024-11-27;Desenvolvimento;4759844.73
690;Projeto fictício 0690 - Agricultura;MG;AC;2022-08-04;Prototipagem;5237367.66
691;Projeto fictício 0691 - Biotecnologia;PE;SP;2026-09-15;Concluído;2966605.35
692;Projeto fictício 0692 - Agricultura;GO;RJ;2023-08-13;Concluído;5378583.28
693;Projeto fictício 0693 - Indústria 4.0;RS;BA;2021-11-21;Pesquisa;2049545.85
694;Projeto fictício 0694 - Agricultura;PE;BA;2025-09-07;Validação;337616.97
695;Projeto fictício 0695 - Energia limpa;RJ;PE;2023-08-10;Desenvolvimento;4388322.18
696;Projeto fictício 0696 - Saúde digital;CE;RJ;2024-06-07;Prototipagem;3596874.57
697;Projeto fictício 0697 - Biotecnologia;AC;AC;2023-01-10;Validação;5716350.50
698;Projeto fictício 0698 - Agricultura;MG;BA;2021-07-31;Pesquisa;4488867.21
699;Projeto fictício 0699 - Saúde digital;BA;RJ;2025-06-26;Pesquisa;1938257.67
700;Projeto fictício 0700 - Agricultura;DF;PE;2025-07-14;Validação;2437835.06
701;Projeto fictício 0701 - Agricultura;RJ;PE;2023-06-19;Pesquisa;4150696.73
702;Projeto fictício 0702 - Energia limpa;GO;BA;2026-06-20;Desenvolvimento;1375127.61
703;Projeto fictício 0703 - Biotecnologia;PE;DF;2022-01-06;Desenvolvimento;4123295.84
704;Projeto fictício 0704 - Saúde digital;MG;MG;2022-01-29;Validação;4804462.74
705;Projeto fictício 0705 - Indústria 4.0;GO;PE;2023-07-09;Pesquisa;91515.52
706;Projeto fictício 0706 - Biotecnologia;GO;RJ;2024-02-27;Validação;2588101.97
707;Projeto fictício 0707 - Indústria 4.0;BA;GO;2023-12-05;Prototipagem;688971.41
708;Projeto fictício 0708 - Energia limpa;GO;SP;2022-03-11;Concluído;1037842.80
709;Projeto fictício 0709 - Biotecnologia;RS;PR;2024-02-07;Prototipagem;3693273.47
710;Projeto fictício 0710 - Agricultura;PR;AC;2025-06-15;Concluído;2620235.08
711;Projeto fictício 0711 - Agricultura;RS;RJ;2021-12-10;Pesquisa;567257.32
712;Projeto fictício 0712 - Agricultura;AC;AC;2022-08-06;Validação;1586427.94
713;Projeto fictício 0713 - Indústria 4.0;RJ;RJ;2024-03-16;Pesquisa;1170495.88
714;Projeto fictício 0714 - Biotecnologia;AM;RS;2025-05-17;Validação;5148070.85
715;Projeto fictício 0715 - Energia limpa;AM;BA;2022-04-21;Validação;2146397.87
716;Projeto fictício 0716 - Indústria 4.0;PE;AC;2022-12-08;Pesquisa;5640722.63
717;Projeto fictício 0717 - Saúde digital;CE;BA;2024-01-30;Pesquisa;2838022.45
718;Projeto fictício 0718 - Indústria 4.0;PE;PR;2025-10-30;Desenvolvimento;141047.03
719;Projeto fictício 0719 - Indústria 4.0;RS;DF;2024-07-09;Pesquisa;571915.68
720;Projeto fictício 0720 - Agricultura;RS;CE;2026-03-16;Prototipagem;3781557.32
721;Projeto fictício 0721 - Indústria 4.0;PR;RS;2022-05-28;Prototipagem;5791499.11
722;Projeto fictício 0722 - Energia limpa;AC;MG;2024-04-05;Desenvolvimento;4255426.03
723;Projeto fictício 0723 - Indústria 4.0;AM;SP;2026-08-12;Prototipagem;4279841.22
724;Projeto fictício 0724 - Saúde digital;PE;GO;2023-11-28;Desenvolvimento;4078110.22
725;Projeto fictício 0725 - Energia limpa;GO;MG;2021-09-07;Desenvolvimento;3800120.38
726;Projeto fictício 0726 - Energia limpa;SP;CE;2021-12-05;Concluído;2499140.62
727;Projeto fictício 0727 - Energia limpa;BA;AC;2024-12-05;Concluído;1930908.65
728;Projeto fictício 0728 - Energia limpa;AM;PR;2021-02-05;Validação;2773777.05
729;Projeto fictício 0729 - Energia limpa;MG;AM;2021-06-09;Desenvolvimento;2117568.20
730;Projeto fictício 0730 - Energia limpa;PE;SP;2025-05-28;Validação;2437274.95
731;Projeto fictício 0731 - Energia limpa;PE;RS;2022-12-09;Prototipagem;1506954.43
732;Projeto fictício 0732 - Biotecnologia;CE;RJ;2023-07-13;Desenvolvimento;4259501.73
733;Projeto fictício 0733 - Agricultura;RJ;DF;2026-04-03;Validação;2133805.16
734;Projeto fictício 0734 - Saúde digital;PE;CE;2023-09-18;Validação;2616671.27
735;Projeto fictício 0735 - Energia limpa;RJ;AC;2024-05-14;Desenvolvimento;5327884.02
736;Projeto fictício 0736 - Saúde digital;RS;MG;2026-04-21;Validação;2302224.17
737;Projeto fictício 0737 - Indústria 4.0;DF;RS;2022-08-22;Validação;2530380.69
738;Projeto fictício 0738 - Biotecnologia;SP;RJ;2021-05-08;Pesquisa;3577339.44
739;Projeto fictício 0739 - Saúde digital;PE;MG;2023-04-12;Pesquisa;2433705.76
740;Projeto fictício 0740 - Energia limpa;PE;PE;2024-02-14;Pesquisa;792613.06
741;Projeto fictício 0741 - Biotecnologia;PE;GO;2022-02-05;Pesquisa;594194.88
742;Projeto fictício 0742 - Agricultura;PR;SP;2021-05-20;Desenvolvimento;5332437.01
743;Projeto fictício 0743 - Energia limpa;MG;CE;2021-11-21;Prototipagem;4474563.26
744;Projeto fictício 0744 - Saúde digital;DF;GO;2024-01-23;Concluído;1965820.43
745;Projeto fictício 0745 - Saúde digital;PR;PR;2023-10-26;Prototipagem;2545912.30
746;Projeto fictício 0746 - Indústria 4.0;SP;AC;2024-11-11;Prototipagem;354637.60
747;Projeto fictício 0747 - Agricultura;DF;MG;2021-03-19;Validação;1641810.64
748;Projeto fictício 0748 - Indústria 4.0;RS;RJ;2021-11-22;Prototipagem;3617689.87
749;Projeto fictício 0749 - Saúde digital;SP;MG;2021-12-04;Desenvolvimento;5885300.91
750;Projeto fictício 0750 - Energia limpa;AC;DF;2025-05-09;Validação;4116001.77
751;Projeto fictício 0751 - Indústria 4.0;CE;AM;2026-07-18;Concluído;2660478.93
752;Projeto fictício 0752 - Indústria 4.0;GO;RJ;2024-03-08;Prototipagem;545890.28
753;Projeto fictício 0753 - Biotecnologia;CE;AC;2023-11-22;Concluído;2266029.79
754;Projeto fictício 0754 - Biotecnologia;RS;SP;2022-06-01;Desenvolvimento;5312444.36
755;Projeto fictício 0755 - Saúde digital;RJ;SP;2025-10-11;Prototipagem;1067120.97
756;Projeto fictício 0756 - Agricultura;RJ;RJ;2023-05-12;Pesquisa;3545539.31
757;Projeto fictício 0757 - Agricultura;PE;BA;2021-12-27;Desenvolvimento;5033096.94
758;Projeto fictício 0758 - Saúde digital;DF;GO;2021-04-04;Prototipagem;3625586.99
759;Projeto fictício 0759 - Energia limpa;DF;RJ;2025-12-07;Prototipagem;5225635.10
760;Projeto fictício 0760 - Saúde digital;AM;CE;2022-02-05;Desenvolvimento;2966782.21
761;Projeto fictício 0761 - Energia limpa;SP;GO;2026-04-21;Desenvolvimento;5736870.67
762;Projeto fictício 0762 - Saúde digital;CE;SP;2024-05-19;Desenvolvimento;2263020.60
763;Projeto fictício 0763 - Saúde digital;RJ;CE;2024-02-14;Prototipagem;2805957.11
764;Projeto fictício 0764 - Saúde digital;CE;SP;2022-11-25;Pesquisa;4315673.69
765;Projeto fictício 0765 - Biotecnologia;MG;SP;2026-08-15;Desenvolvimento;2884975.68
766;Projeto fictício 0766 - Energia limpa;PE;AC;2024-04-08;Concluído;4043866.37
767;Projeto fictício 0767 - Agricultura;RJ;MG;2026-02-15;Desenvolvimento;5317202.62
768;Projeto fictício 0768 - Agricultura;CE;AC;2022-04-06;Validação;4900717.17
769;Projeto fictício 0769 - Indústria 4.0;BA;CE;2021-09-29;Pesquisa;1173201.04
770;Projeto fictício 0770 - Biotecnologia;PR;DF;2021-09-04;Pesquisa;1510515.33
771;Projeto fictício 0771 - Agricultura;BA;PR;2021-09-14;Validação;600993.93
772;Projeto fictício 0772 - Saúde digital;MG;DF;2021-11-21;Pesquisa;5574773.73
773;Projeto fictício 0773 - Biotecnologia;PR;BA;2022-05-04;Concluído;3733080.26
774;Projeto fictício 0774 - Saúde digital;PR;PR;2026-03-16;Prototipagem;1811226.74
775;Projeto fictício 0775 - Agricultura;AM;CE;2024-08-28;Desenvolvimento;1332322.18
776;Projeto fictício 0776 - Agricultura;GO;RJ;2023-05-03;Pesquisa;4186196.39
777;Projeto fictício 0777 - Saúde digital;DF;AC;2023-07-20;Desenvolvimento;1791423.71
778;Projeto fictício 0778 - Indústria 4.0;DF;RS;2026-08-31;Prototipagem;1374682.21
779;Projeto fictício 0779 - Energia limpa;AM;MG;2026-03-15;Pesquisa;2692494.89
780;Projeto fictício 0780 - Agricultura;MG;BA;2024-06-15;Prototipagem;3595754.39
781;Projeto fictício 0781 - Biotecnologia;PR;PE;2023-01-12;Validação;1247117.65
782;Projeto fictício 0782 - Indústria 4.0;AM;CE;2025-07-26;Validação;4892342.91
783;Projeto fictício 0783 - Saúde digital;DF;PE;2024-11-23;Prototipagem;1827931.75
784;Projeto fictício 0784 - Agricultura;GO;PR;2022-03-13;Pesquisa;3526067.75
785;Projeto fictício 0785 - Saúde digital;SP;SP;2021-05-09;Desenvolvimento;4794639.56
786;Projeto fictício 0786 - Indústria 4.0;MG;SP;2023-07-06;Validação;3073722.23
787;Projeto fictício 0787 - Biotecnologia;DF;AC;2025-01-06;Prototipagem;4931456.83
788;Projeto fictício 0788 - Energia limpa;GO;RS;2021-09-26;Pesquisa;1001371.87
789;Projeto fictício 0789 - Biotecnologia;AC;AC;2023-12-26;Desenvolvimento;5347247.42
790;Projeto fictício 0790 - Agricultura;CE;DF;2021-01-05;Prototipagem;1299941.88
791;Projeto fictício 0791 - Agricultura;AC;PR;2026-04-04;Validação;491567.21
792;Projeto fictício 0792 - Saúde digital;DF;PE;2025-03-04;Pesquisa;5657728.22
793;Projeto fictício 0793 - Indústria 4.0;PE;PE;2021-01-12;Prototipagem;4906765.24
794;Projeto fictício 0794 - Energia limpa;DF;AM;2026-05-18;Pesquisa;4283666.20
795;Projeto fictício 0795 - Biotecnologia;DF;SP;2024-09-18;Pesquisa;3578843.12
796;Projeto fictício 0796 - Energia limpa;AC;AC;2023-08-26;Prototipagem;510083.26
797;Projeto fictício 0797 - Indústria 4.0;GO;GO;2023-11-23;Validação;4890491.01
798;Projeto fictício 0798 - Indústria 4.0;MG;SP;2023-07-01;Desenvolvimento;788343.17
799;Projeto fictício 0799 - Indústria 4.0;PE;MG;2024-06-24;Pesquisa;5640911.28
800;Projeto fictício 0800 - Energia limpa;DF;BA;2022-10-18;Desenvolvimento;375485.57
801;Projeto fictício 0801 - Indústria 4.0;GO;MG;2021-01-05;Prototipagem;1588251.14
802;Projeto fictício 0802 - Agricultura;PR;PR;2023-03-14;Concluído;1385783.96
803;Projeto fictício 0803 - Biotecnologia;AM;MG;2021-04-10;Validação;4556632.92
804;Projeto fictício 0804 - Agricultura;GO;CE;2024-08-02;Pesquisa;1605004.40
805;Projeto fictício 0805 - Indústria 4.0;BA;AM;2023-03-03;Desenvolvimento;1471301.79
806;Projeto fictício 0806 - Biotecnologia;PE;SP;2025-04-25;Desenvolvimento;1899897.49
807;Projeto fictício 0807 - Energia limpa;AC;RS;2024-09-02;Concluído;3333783.09
808;Projeto fictício 0808 - Energia limpa;SP;AC;2021-12-18;Pesquisa;5657638.76
809;Projeto fictício 0809 - Indústria 4.0;PR;AC;2021-04-21;Validação;5707211.68
810;Projeto fictício 0810 - Energia limpa;MG;CE;2025-01-04;Prototipagem;4620221.70
811;Projeto fictício 0811 - Energia limpa;SP;DF;2021-09-13;Validação;3810565.28
812;Projeto fictício 0812 - Biotecnologia;GO;RJ;2026-08-19;Desenvolvimento;3769368.77
813;Projeto fictício 0813 - Biotecnologia;RJ;SP;2021-11-05;Prototipagem;2886090.97
814;Projeto fictício 0814 - Agricultura;AC;BA;2024-10-16;Concluído;2949241.23
815;Projeto fictício 0815 - Energia limpa;PE;DF;2022-10-31;Pesquisa;171159.49
816;Projeto fictício 0816 - Agricultura;BA;AC;2021-03-23;Desenvolvimento;5096514.91
817;Projeto fictício 0817 - Biotecnologia;DF;AM;2025-01-01;Prototipagem;1951696.45
818;Projeto fictício 0818 - Saúde digital;PR;GO;2024-10-20;Pesquisa;5977675.30
819;Projeto fictício 0819 - Indústria 4.0;PR;MG;2025-02-24;Prototipagem;2822772.89
820;Projeto fictício 0820 - Energia limpa;CE;RJ;2021-01-27;Concluído;2035102.69
821;Projeto fictício 0821 - Energia limpa;GO;GO;2022-04-14;Pesquisa;1105033.14
822;Projeto fictício 0822 - Agricultura;MG;RJ;2023-02-05;Concluído;1948261.80
823;Projeto fictício 0823 - Biotecnologia;AM;CE;2025-01-25;Prototipagem;281963.06
824;Projeto fictício 0824 - Agricultura;PE;BA;2025-11-06;Prototipagem;2066994.47
825;Projeto fictício 0825 - Saúde digital;AM;DF;2021-04-30;Prototipagem;5561931.05
826;Projeto fictício 0826 - Biotecnologia;BA;AM;2026-08-01;Prototipagem;1084176.72
827;Projeto fictício 0827 - Biotecnologia;AC;DF;2023-05-13;Concluído;1949134.93
828;Projeto fictício 0828 - Energia limpa;SP;PE;2022-01-22;Concluído;4532731.56
829;Projeto fictício 0829 - Biotecnologia;DF;RJ;2021-11-16;Prototipagem;1066482.99
830;Projeto fictício 0830 - Saúde digital;AM;GO;2026-04-11;Desenvolvimento;2114464.40
831;Projeto fictício 0831 - Saúde digital;CE;MG;2026-02-26;Validação;644657.84
832;Projeto fictício 0832 - Energia limpa;SP;AC;2023-11-06;Concluído;4398700.86
833;Projeto fictício 0833 - Agricultura;PE;RS;2022-03-18;Desenvolvimento;1487372.48
834;Projeto fictício 0834 - Indústria 4.0;BA;AC;2025-02-13;Concluído;473581.71
835;Projeto fictício 0835 - Indústria 4.0;DF;MG;2026-01-18;Prototipagem;4236006.80
836;Projeto fictício 0836 - Saúde digital;GO;GO;2026-08-18;Pesquisa;5489991.67
837;Projeto fictício 0837 - Biotecnologia;RS;AC;2024-10-17;Prototipagem;1972033.38
838;Projeto fictício 0838 - Indústria 4.0;MG;MG;2021-02-12;Concluído;5491443.52
839;Projeto fictício 0839 - Agricultura;MG;PR;2025-06-27;Validação;2968875.93
840;Projeto fictício 0840 - Saúde digital;CE;AM;2024-06-11;Pesquisa;527380.10
841;Projeto fictício 0841 - Agricultura;GO;CE;2021-02-18;Desenvolvimento;952695.78
842;Projeto fictício 0842 - Energia limpa;RS;AM;2022-01-18;Desenvolvimento;2357686.49
843;Projeto fictício 0843 - Agricultura;DF;PR;2024-03-06;Validação;2749361.78
844;Projeto fictício 0844 - Biotecnologia;GO;MG;2023-05-28;Concluído;1781403.86
845;Projeto fictício 0845 - Biotecnologia;RS;DF;2022-09-28;Prototipagem;5946070.77
846;Projeto fictício 0846 - Agricultura;BA;RJ;2026-06-26;Concluído;2460032.33
847;Projeto fictício 0847 - Agricultura;BA;AC;2025-10-02;Validação;3846798.41
848;Projeto fictício 0848 - Saúde digital;SP;DF;2025-09-14;Validação;5278613.58
849;Projeto fictício 0849 - Agricultura;DF;GO;2021-09-05;Concluído;5117654.54
850;Projeto fictício 0850 - Biotecnologia;DF;CE;2025-08-20;Prototipagem;5540974.96
851;Projeto fictício 0851 - Indústria 4.0;DF;AM;2022-08-17;Prototipagem;1483807.87
852;Projeto fictício 0852 - Saúde digital;PR;BA;2026-07-10;Desenvolvimento;3414055.66
853;Projeto fictício 0853 - Biotecnologia;GO;AC;2026-08-03;Concluído;54800.96
854;Projeto fictício 0854 - Agricultura;RJ;MG;2025-11-29;Concluído;322744.93
855;Projeto fictício 0855 - Biotecnologia;RS;PR;2022-04-15;Validação;274563.12
856;Projeto fictício 0856 - Saúde digital;DF;CE;2024-12-06;Prototipagem;5421005.18
857;Projeto fictício 0857 - Agricultura;GO;SP;2021-03-18;Validação;267598.93
858;Projeto fictício 0858 - Agricultura;GO;RS;2021-10-06;Concluído;3439409.36
859;Projeto fictício 0859 - Indústria 4.0;DF;GO;2025-03-11;Validação;1781167.79
860;Projeto fictício 0860 - Indústria 4.0;RJ;RS;2021-05-21;Desenvolvimento;4437624.05
861;Projeto fictício 0861 - Indústria 4.0;AC;SP;2026-01-18;Prototipagem;154600.39
862;Projeto fictício 0862 - Indústria 4.0;RS;BA;2021-01-25;Pesquisa;1418424.10
863;Projeto fictício 0863 - Energia limpa;SP;PR;2021-08-19;Prototipagem;5962474.20
864;Projeto fictício 0864 - Agricultura;CE;CE;2024-09-23;Validação;3651162.49
865;Projeto fictício 0865 - Indústria 4.0;DF;CE;2025-10-22;Pesquisa;4081568.32
866;Projeto fictício 0866 - Energia limpa;AM;RS;2024-05-19;Concluído;4167572.79
867;Projeto fictício 0867 - Agricultura;PR;SP;2021-12-15;Pesquisa;2954139.03
868;Projeto fictício 0868 - Energia limpa;AM;PE;2025-04-17;Concluído;5348601.19
869;Projeto fictício 0869 - Agricultura;PR;BA;2023-04-26;Concluído;3068364.60
870;Projeto fictício 0870 - Biotecnologia;GO;GO;2025-05-07;Prototipagem;464405.84
871;Projeto fictício 0871 - Agricultura;BA;SP;2025-12-22;Concluído;2714799.65
872;Projeto fictício 0872 - Indústria 4.0;SP;RJ;2025-02-20;Validação;5511885.85
873;Projeto fictício 0873 - Saúde digital;PE;DF;2025-06-06;Validação;4916020.15
874;Projeto fictício 0874 - Indústria 4.0;BA;RJ;2025-04-28;Desenvolvimento;2568121.50
875;Projeto fictício 0875 - Energia limpa;CE;PR;2023-12-20;Validação;2061203.08
876;Projeto fictício 0876 - Biotecnologia;AM;AC;2021-06-23;Desenvolvimento;4988430.16
877;Projeto fictício 0877 - Saúde digital;PR;AM;2023-08-16;Prototipagem;458970.54
878;Projeto fictício 0878 - Indústria 4.0;AM;RJ;2021-08-29;Validação;135675.37
879;Projeto fictício 0879 - Indústria 4.0;AM;DF;2022-07-11;Desenvolvimento;2947948.27
880;Projeto fictício 0880 - Biotecnologia;AM;SP;2022-09-30;Prototipagem;5316432.90
881;Projeto fictício 0881 - Saúde digital;BA;SP;2022-10-07;Concluído;3063976.24
882;Projeto fictício 0882 - Saúde digital;BA;BA;2025-01-13;Validação;2370846.50
883;Projeto fictício 0883 - Agricultura;PR;CE;2023-09-14;Concluído;5415806.56
884;Projeto fictício 0884 - Saúde digital;PR;MG;2022-10-12;Concluído;4640227.71
885;Projeto fictício 0885 - Biotecnologia;AC;RS;2025-11-21;Concluído;109729.26
886;Projeto fictício 0886 - Agricultura;DF;PE;2024-06-07;Desenvolvimento;5680409.56
887;Projeto fictício 0887 - Saúde digital;CE;RS;2023-03-04;Desenvolvimento;4324578.32
888;Projeto fictício 0888 - Energia limpa;PR;RS;2024-05-21;Pesquisa;2000166.59
889;Projeto fictício 0889 - Energia limpa;RJ;DF;2024-04-23;Prototipagem;3695418.07
890;Projeto fictício 0890 - Indústria 4.0;AM;RS;2025-05-31;Prototipagem;3014030.53
891;Projeto fictício 0891 - Energia limpa;BA;RJ;2025-07-18;Validação;5541438.45
892;Projeto fictício 0892 - Biotecnologia;PE;AC;2021-12-28;Prototipagem;2095430.75
893;Projeto fictício 0893 - Indústria 4.0;AC;PR;2024-04-27;Prototipagem;3182396.14
894;Projeto fictício 0894 - Saúde digital;CE;RS;2025-09-13;Concluído;671170.18
895;Projeto fictício 0895 - Biotecnologia;PE;PE;2023-07-03;Desenvolvimento;1102445.20
896;Projeto fictício 0896 - Indústria 4.0;GO;RS;2025-12-24;Pesquisa;1530797.14
897;Projeto fictício 0897 - Biotecnologia;BA;PE;2025-12-31;Pesquisa;3943231.80
898;Projeto fictício 0898 - Indústria 4.0;PE;RS;2024-02-18;Validação;1675169.85
899;Projeto fictício 0899 - Agricultura;GO;AM;2024-06-21;Concluído;4744160.23
900;Projeto fictício 0900 - Agricultura;DF;SP;2023-05-18;Desenvolvimento;2437887.77
901;Projeto fictício 0901 - Saúde digital;RJ;GO;2021-09-17;Concluído;3904653.03
902;Projeto fictício 0902 - Indústria 4.0;AC;RJ;2026-03-18;Pesquisa;2371527.59
903;Projeto fictício 0903 - Agricultura;PR;PE;2023-06-22;Concluído;4433599.02
904;Projeto fictício 0904 - Indústria 4.0;RJ;RS;2021-06-28;Prototipagem;1326767.90
905;Projeto fictício 0905 - Saúde digital;MG;CE;2024-07-20;Pesquisa;2447140.16
906;Projeto fictício 0906 - Saúde digital;PR;PR;2022-01-03;Prototipagem;3006328.60
907;Projeto fictício 0907 - Saúde digital;RS;CE;2023-11-11;Validação;5890011.86
908;Projeto fictício 0908 - Agricultura;DF;PE;2025-08-16;Pesquisa;5833612.01
909;Projeto fictício 0909 - Indústria 4.0;RS;DF;2026-04-22;Validação;5470915.56
910;Projeto fictício 0910 - Indústria 4.0;BA;BA;2021-10-25;Desenvolvimento;742748.47
911;Projeto fictício 0911 - Saúde digital;PE;CE;2025-07-22;Pesquisa;1278137.51
912;Projeto fictício 0912 - Indústria 4.0;SP;BA;2021-10-02;Validação;3513322.18
913;Projeto fictício 0913 - Saúde digital;SP;AC;2022-04-01;Pesquisa;4073067.71
914;Projeto fictício 0914 - Energia limpa;MG;RJ;2025-01-08;Validação;3734260.43
915;Projeto fictício 0915 - Saúde digital;DF;PR;2021-11-30;Desenvolvimento;5738045.91
916;Projeto fictício 0916 - Indústria 4.0;PR;MG;2022-12-30;Desenvolvimento;3088449.61
917;Projeto fictício 0917 - Energia limpa;DF;MG;2022-11-29;Pesquisa;321886.65
918;Projeto fictício 0918 - Biotecnologia;DF;GO;2025-03-28;Concluído;788775.09
919;Projeto fictício 0919 - Indústria 4.0;GO;MG;2024-11-17;Pesquisa;1011620.55
920;Projeto fictício 0920 - Indústria 4.0;DF;DF;2026-04-22;Pesquisa;1804077.11
921;Projeto fictício 0921 - Indústria 4.0;PR;PE;2024-05-30;Validação;5516933.92
922;Projeto fictício 0922 - Agricultura;PE;MG;2023-03-11;Prototipagem;4143047.18
923;Projeto fictício 0923 - Biotecnologia;CE;MG;2024-03-19;Validação;2528719.59
924;Projeto fictício 0924 - Energia limpa;PR;GO;2026-07-18;Pesquisa;4303292.79
925;Projeto fictício 0925 - Indústria 4.0;GO;PE;2022-02-25;Desenvolvimento;4843696.91
926;Projeto fictício 0926 - Energia limpa;GO;RS;2021-10-08;Validação;5756224.41
927;Projeto fictício 0927 - Indústria 4.0;BA;CE;2022-06-01;Desenvolvimento;2259909.80
928;Projeto fictício 0928 - Energia limpa;PE;RJ;2022-09-15;Validação;777163.30
929;Projeto fictício 0929 - Indústria 4.0;AC;BA;2021-08-11;Pesquisa;5685747.77
930;Projeto fictício 0930 - Energia limpa;AC;PE;2025-07-24;Pesquisa;3712670.20
931;Projeto fictício 0931 - Energia limpa;AC;BA;2021-02-01;Prototipagem;3629974.99
932;Projeto fictício 0932 - Biotecnologia;DF;RJ;2021-08-28;Prototipagem;1282294.72
933;Projeto fictício 0933 - Agricultura;SP;RS;2022-06-23;Concluído;3292169.20
934;Projeto fictício 0934 - Saúde digital;MG;RS;2024-05-14;Validação;3213695.07
935;Projeto fictício 0935 - Energia limpa;RS;BA;2021-07-30;Concluído;1999501.62
936;Projeto fictício 0936 - Agricultura;RJ;PE;2024-01-29;Concluído;3055889.41
937;Projeto fictício 0937 - Energia limpa;MG;DF;2022-09-30;Pesquisa;4452026.58
938;Projeto fictício 0938 - Saúde digital;AM;RS;2022-09-21;Concluído;3314224.93
939;Projeto fictício 0939 - Biotecnologia;AC;RS;2024-07-24;Concluído;1031215.54
940;Projeto fictício 0940 - Energia limpa;AM;BA;2024-01-22;Desenvolvimento;1593759.11
941;Projeto fictício 0941 - Indústria 4.0;MG;PR;2022-04-08;Validação;1924006.38
942;Projeto fictício 0942 - Energia limpa;SP;PR;2024-11-29;Concluído;1902634.63
943;Projeto fictício 0943 - Saúde digital;RS;RJ;2024-01-15;Concluído;2044340.64
944;Projeto fictício 0944 - Biotecnologia;RJ;AC;2025-08-04;Pesquisa;998651.22
945;Projeto fictício 0945 - Energia limpa;GO;SP;2025-04-28;Validação;1000039.52
946;Projeto fictício 0946 - Indústria 4.0;BA;BA;2025-01-17;Pesquisa;4306764.19
947;Projeto fictício 0947 - Agricultura;DF;PR;2026-05-27;Prototipagem;1420455.75
948;Projeto fictício 0948 - Biotecnologia;RJ;PR;2026-08-05;Validação;259766.60
949;Projeto fictício 0949 - Biotecnologia;SP;CE;2026-04-06;Pesquisa;352901.69
950;Projeto fictício 0950 - Energia limpa;PR;RS;2026-07-11;Validação;3869036.84
951;Projeto fictício 0951 - Agricultura;SP;AM;2023-02-02;Validação;4153571.94
952;Projeto fictício 0952 - Energia limpa;MG;DF;2026-06-14;Prototipagem;3565406.18
953;Projeto fictício 0953 - Indústria 4.0;GO;PE;2021-05-19;Prototipagem;3176175.21
954;Projeto fictício 0954 - Saúde digital;BA;CE;2024-08-11;Desenvolvimento;2330065.38
955;Projeto fictício 0955 - Saúde digital;DF;MG;2023-10-26;Prototipagem;5778729.96
956;Projeto fictício 0956 - Biotecnologia;CE;SP;2023-03-24;Validação;797941.35
957;Projeto fictício 0957 - Biotecnologia;DF;AC;2024-05-01;Pesquisa;385658.61
958;Projeto fictício 0958 - Energia limpa;MG;CE;2022-12-10;Prototipagem;5756127.12
959;Projeto fictício 0959 - Indústria 4.0;MG;SP;2025-03-09;Prototipagem;5355314.75
960;Projeto fictício 0960 - Saúde digital;AM;AC;2021-09-12;Concluído;3160168.52
961;Projeto fictício 0961 - Energia limpa;MG;AC;2023-06-14;Validação;3533959.42
962;Projeto fictício 0962 - Biotecnologia;CE;RS;2024-01-04;Concluído;252055.36
963;Projeto fictício 0963 - Indústria 4.0;CE;GO;2023-05-15;Prototipagem;4671330.44
964;Projeto fictício 0964 - Agricultura;CE;PE;2023-02-28;Prototipagem;2030435.54
965;Projeto fictício 0965 - Saúde digital;DF;CE;2022-11-26;Desenvolvimento;3002265.04
966;Projeto fictício 0966 - Energia limpa;PE;BA;2021-06-21;Validação;5031204.60
967;Projeto fictício 0967 - Energia limpa;PE;DF;2025-01-01;Validação;1589432.70
968;Projeto fictício 0968 - Saúde digital;CE;DF;2022-02-02;Validação;3996908.48
969;Projeto fictício 0969 - Saúde digital;DF;RS;2024-12-05;Desenvolvimento;3811433.11
970;Projeto fictício 0970 - Biotecnologia;PR;PE;2023-10-09;Pesquisa;4625545.89
971;Projeto fictício 0971 - Saúde digital;MG;AM;2022-10-02;Concluído;4055047.91
972;Projeto fictício 0972 - Saúde digital;MG;GO;2026-08-01;Prototipagem;4638926.72
973;Projeto fictício 0973 - Saúde digital;PR;RJ;2025-04-23;Pesquisa;175748.44
974;Projeto fictício 0974 - Saúde digital;AC;PR;2021-09-28;Desenvolvimento;5441322.88
975;Projeto fictício 0975 - Saúde digital;DF;AM;2026-03-26;Concluído;5791590.05
976;Projeto fictício 0976 - Energia limpa;RS;GO;2023-04-23;Validação;2373168.00
977;Projeto fictício 0977 - Energia limpa;PE;AC;2021-04-24;Desenvolvimento;5171550.06
978;Projeto fictício 0978 - Indústria 4.0;AM;AM;2021-03-02;Concluído;5765057.51
979;Projeto fictício 0979 - Agricultura;RJ;PE;2023-04-09;Pesquisa;1790656.90
980;Projeto fictício 0980 - Indústria 4.0;BA;DF;2022-09-20;Validação;127344.18
981;Projeto fictício 0981 - Energia limpa;AM;MG;2022-07-06;Prototipagem;5321044.98
982;Projeto fictício 0982 - Biotecnologia;DF;SP;2024-04-29;Pesquisa;4928833.61
983;Projeto fictício 0983 - Indústria 4.0;PE;RJ;2025-11-30;Concluído;702199.61
984;Projeto fictício 0984 - Energia limpa;PE;AC;2022-08-10;Validação;3638209.59
985;Projeto fictício 0985 - Energia limpa;PR;GO;2026-02-22;Desenvolvimento;4733757.75
986;Projeto fictício 0986 - Biotecnologia;MG;RS;2024-12-24;Validação;134978.36
987;Projeto fictício 0987 - Energia limpa;DF;MG;2023-10-27;Prototipagem;4026415.66
988;Projeto fictício 0988 - Saúde digital;RJ;RS;2025-02-27;Concluído;2096775.58
989;Projeto fictício 0989 - Biotecnologia;GO;DF;2022-11-22;Validação;1276123.78
990;Projeto fictício 0990 - Biotecnologia;DF;AM;2021-12-10;Desenvolvimento;3894095.01
991;Projeto fictício 0991 - Energia limpa;RS;DF;2026-06-18;Desenvolvimento;2412631.41
992;Projeto fictício 0992 - Energia limpa;PE;RS;2022-12-20;Pesquisa;5583613.51
993;Projeto fictício 0993 - Indústria 4.0;BA;MG;2024-09-19;Desenvolvimento;1642472.51
994;Projeto fictício 0994 - Saúde digital;BA;DF;2026-06-02;Desenvolvimento;4738993.94
995;Projeto fictício 0995 - Saúde digital;RJ;AM;2024-08-16;Concluído;3355576.89
996;Projeto fictício 0996 - Agricultura;BA;AM;2024-05-04;Desenvolvimento;719467.55
997;Projeto fictício 0997 - Indústria 4.0;GO;DF;2025-01-05;Prototipagem;374274.55
998;Projeto fictício 0998 - Biotecnologia;RS;DF;2024-10-05;Validação;482772.31
999;Projeto fictício 0999 - Saúde digital;CE;BA;2024-12-11;Pesquisa;3770891.91
1000;Projeto fictício 1000 - Agricultura;CE;CE;2025-12-17;Validação;2754200.67
1001;Projeto fictício 1001 - Saúde digital;MG;SP;2026-09-14;Pesquisa;2887356.25
1002;Projeto fictício 1002 - Indústria 4.0;DF;PE;2024-06-15;Validação;2459016.85
1003;Projeto fictício 1003 - Biotecnologia;RS;AC;2026-07-30;Concluído;2300638.29
1004;Projeto fictício 1004 - Saúde digital;CE;RS;2023-08-25;Desenvolvimento;777437.11
1005;Projeto fictício 1005 - Saúde digital;RS;SP;2026-05-12;Prototipagem;173290.95
1006;Projeto fictício 1006 - Indústria 4.0;SP;GO;2026-08-21;Validação;94541.70
1007;Projeto fictício 1007 - Indústria 4.0;SP;RJ;2023-10-29;Prototipagem;1509045.23
1008;Projeto fictício 1008 - Agricultura;BA;RS;2024-08-27;Prototipagem;5541813.07
1009;Projeto fictício 1009 - Saúde digital;PR;AC;2023-08-26;Pesquisa;123153.39
1010;Projeto fictício 1010 - Biotecnologia;MG;PE;2022-10-21;Pesquisa;3525673.21
1011;Projeto fictício 1011 - Energia limpa;DF;RJ;2022-11-17;Desenvolvimento;3621573.91
1012;Projeto fictício 1012 - Biotecnologia;SP;AC;2023-03-20;Validação;3588841.31
1013;Projeto fictício 1013 - Saúde digital;GO;MG;2024-05-24;Concluído;2828310.08
1014;Projeto fictício 1014 - Saúde digital;PR;AM;2026-08-30;Desenvolvimento;617964.41
1015;Projeto fictício 1015 - Agricultura;CE;CE;2025-10-31;Validação;1760048.33
1016;Projeto fictício 1016 - Agricultura;MG;RJ;2021-07-21;Prototipagem;5233539.58
1017;Projeto fictício 1017 - Agricultura;PR;RS;2024-02-22;Validação;2524006.53
1018;Projeto fictício 1018 - Agricultura;MG;BA;2025-08-16;Prototipagem;2178630.51
1019;Projeto fictício 1019 - Agricultura;RJ;RJ;2025-04-15;Pesquisa;5563171.15
1020;Projeto fictício 1020 - Agricultura;AC;RJ;2022-02-16;Desenvolvimento;266106.63
1021;Projeto fictício 1021 - Agricultura;CE;MG;2025-01-12;Concluído;4576866.79
1022;Projeto fictício 1022 - Indústria 4.0;AC;CE;2024-08-29;Desenvolvimento;1889021.85
1023;Projeto fictício 1023 - Agricultura;MG;BA;2024-12-18;Desenvolvimento;5412945.68
1024;Projeto fictício 1024 - Biotecnologia;CE;AC;2021-05-20;Pesquisa;2764679.45
1025;Projeto fictício 1025 - Biotecnologia;MG;PE;2022-03-15;Concluído;3559487.64
1026;Projeto fictício 1026 - Energia limpa;PR;CE;2025-05-03;Prototipagem;2461178.65
1027;Projeto fictício 1027 - Biotecnologia;SP;BA;2024-05-17;Desenvolvimento;3716783.13
1028;Projeto fictício 1028 - Biotecnologia;AC;AM;2021-06-06;Validação;1504885.41
1029;Projeto fictício 1029 - Biotecnologia;PE;RS;2022-09-01;Pesquisa;5126522.82
1030;Projeto fictício 1030 - Indústria 4.0;RS;AC;2026-02-27;Concluído;3992356.66
1031;Projeto fictício 1031 - Indústria 4.0;MG;MG;2023-04-07;Prototipagem;5502690.34
1032;Projeto fictício 1032 - Saúde digital;CE;AC;2025-12-06;Pesquisa;943051.60
1033;Projeto fictício 1033 - Indústria 4.0;PE;GO;2026-02-12;Concluído;4275678.98
1034;Projeto fictício 1034 - Biotecnologia;RS;RJ;2021-12-04;Pesquisa;84319.71
1035;Projeto fictício 1035 - Indústria 4.0;SP;PE;2025-02-12;Desenvolvimento;5019253.25
1036;Projeto fictício 1036 - Indústria 4.0;SP;RS;2025-02-01;Validação;3944009.39
1037;Projeto fictício 1037 - Saúde digital;AC;PR;2024-07-19;Desenvolvimento;4058671.14
1038;Projeto fictício 1038 - Biotecnologia;GO;PE;2025-06-07;Pesquisa;2962350.68
1039;Projeto fictício 1039 - Indústria 4.0;RS;PR;2023-06-13;Desenvolvimento;5539396.70
1040;Projeto fictício 1040 - Biotecnologia;PR;PE;2026-07-23;Desenvolvimento;5286979.73
1041;Projeto fictício 1041 - Energia limpa;BA;RJ;2026-01-31;Pesquisa;4203219.96
1042;Projeto fictício 1042 - Saúde digital;RJ;AC;2023-01-02;Pesquisa;4585718.26
1043;Projeto fictício 1043 - Biotecnologia;PE;CE;2024-10-09;Prototipagem;1295511.21
1044;Projeto fictício 1044 - Energia limpa;SP;RS;2023-08-18;Desenvolvimento;5763266.77
1045;Projeto fictício 1045 - Saúde digital;BA;CE;2021-01-12;Concluído;3336394.28
1046;Projeto fictício 1046 - Indústria 4.0;PE;GO;2022-08-01;Validação;4210787.08
1047;Projeto fictício 1047 - Indústria 4.0;MG;BA;2023-11-03;Pesquisa;5736757.78
1048;Projeto fictício 1048 - Indústria 4.0;PE;CE;2024-06-04;Concluído;4006062.84
1049;Projeto fictício 1049 - Energia limpa;SP;PE;2025-05-31;Concluído;5645692.04
1050;Projeto fictício 1050 - Indústria 4.0;CE;RS;2026-08-13;Validação;4250783.15
1051;Projeto fictício 1051 - Agricultura;RJ;GO;2021-10-22;Desenvolvimento;1007643.29
1052;Projeto fictício 1052 - Energia limpa;GO;RS;2025-09-21;Concluído;2214259.92
1053;Projeto fictício 1053 - Saúde digital;CE;DF;2022-08-02;Prototipagem;5828675.38
1054;Projeto fictício 1054 - Saúde digital;SP;AM;2023-12-16;Pesquisa;5473641.04
1055;Projeto fictício 1055 - Saúde digital;CE;AM;2021-03-30;Concluído;1574033.51
1056;Projeto fictício 1056 - Indústria 4.0;PE;AM;2025-06-16;Desenvolvimento;181100.43
1057;Projeto fictício 1057 - Energia limpa;GO;DF;2022-03-15;Pesquisa;3735575.18
1058;Projeto fictício 1058 - Saúde digital;RS;DF;2022-09-27;Desenvolvimento;3972001.74
1059;Projeto fictício 1059 - Indústria 4.0;RS;AM;2025-08-26;Concluído;2829846.09
1060;Projeto fictício 1060 - Agricultura;SP;SP;2024-02-17;Concluído;4348606.79
1061;Projeto fictício 1061 - Biotecnologia;SP;CE;2023-02-22;Concluído;416160.90
1062;Projeto fictício 1062 - Indústria 4.0;SP;BA;2021-12-18;Desenvolvimento;4338226.66
1063;Projeto fictício 1063 - Saúde digital;AC;CE;2024-02-23;Desenvolvimento;201514.38
1064;Projeto fictício 1064 - Biotecnologia;BA;PR;2022-12-18;Concluído;1740808.47
1065;Projeto fictício 1065 - Biotecnologia;GO;PR;2023-06-10;Prototipagem;2621246.78
1066;Projeto fictício 1066 - Indústria 4.0;AM;MG;2025-12-23;Validação;1758146.64
1067;Projeto fictício 1067 - Agricultura;AC;RJ;2023-07-20;Desenvolvimento;1861189.36
1068;Projeto fictício 1068 - Indústria 4.0;DF;PE;2026-08-06;Desenvolvimento;1418496.28
1069;Projeto fictício 1069 - Agricultura;AC;DF;2021-02-17;Concluído;5386531.09
1070;Projeto fictício 1070 - Saúde digital;AC;SP;2025-05-25;Pesquisa;554633.66
1071;Projeto fictício 1071 - Energia limpa;CE;AM;2026-04-20;Prototipagem;5130042.21
1072;Projeto fictício 1072 - Indústria 4.0;MG;GO;2024-10-16;Desenvolvimento;3048714.09
1073;Projeto fictício 1073 - Agricultura;PE;PE;2026-03-15;Prototipagem;5935454.09
1074;Projeto fictício 1074 - Agricultura;DF;BA;2024-07-17;Validação;3948659.54
1075;Projeto fictício 1075 - Saúde digital;CE;MG;2025-09-10;Concluído;860757.44
1076;Projeto fictício 1076 - Energia limpa;BA;AM;2026-01-14;Desenvolvimento;5713179.55
1077;Projeto fictício 1077 - Indústria 4.0;GO;CE;2023-04-15;Desenvolvimento;193752.05
1078;Projeto fictício 1078 - Agricultura;PE;SP;2025-07-29;Pesquisa;5901149.39
1079;Projeto fictício 1079 - Agricultura;CE;AC;2024-10-09;Prototipagem;5386486.30
1080;Projeto fictício 1080 - Energia limpa;RJ;CE;2024-06-09;Pesquisa;5745892.21
1081;Projeto fictício 1081 - Biotecnologia;SP;SP;2025-01-14;Desenvolvimento;4681124.83
1082;Projeto fictício 1082 - Agricultura;SP;RJ;2026-09-18;Desenvolvimento;1284925.23
1083;Projeto fictício 1083 - Saúde digital;PE;CE;2026-08-01;Desenvolvimento;2971449.53
1084;Projeto fictício 1084 - Energia limpa;DF;AC;2021-07-18;Concluído;1867303.46
1085;Projeto fictício 1085 - Indústria 4.0;AC;DF;2025-01-12;Desenvolvimento;2797547.33
1086;Projeto fictício 1086 - Indústria 4.0;DF;PR;2021-10-27;Desenvolvimento;361857.13
1087;Projeto fictício 1087 - Biotecnologia;RS;CE;2024-11-10;Pesquisa;1506641.72
1088;Projeto fictício 1088 - Saúde digital;RJ;DF;2025-11-02;Pesquisa;2317814.47
1089;Projeto fictício 1089 - Agricultura;RS;AM;2026-03-08;Validação;5897480.29
1090;Projeto fictício 1090 - Agricultura;SP;RJ;2026-08-14;Prototipagem;4320625.94
1091;Projeto fictício 1091 - Saúde digital;PE;AC;2022-12-23;Concluído;1904770.29
1092;Projeto fictício 1092 - Indústria 4.0;RS;GO;2022-08-07;Pesquisa;676205.19
1093;Projeto fictício 1093 - Biotecnologia;SP;PE;2021-09-15;Prototipagem;1096774.00
1094;Projeto fictício 1094 - Saúde digital;PR;AC;2021-07-14;Prototipagem;155457.65
1095;Projeto fictício 1095 - Saúde digital;BA;PE;2025-07-18;Validação;1054329.32
1096;Projeto fictício 1096 - Biotecnologia;DF;AC;2021-08-24;Concluído;3350114.46
1097;Projeto fictício 1097 - Saúde digital;DF;DF;2025-01-02;Concluído;2891007.75
1098;Projeto fictício 1098 - Agricultura;PR;AC;2026-04-24;Pesquisa;5663067.49
1099;Projeto fictício 1099 - Biotecnologia;RJ;MG;2021-12-24;Pesquisa;554908.32
1100;Projeto fictício 1100 - Saúde digital;MG;BA;2022-01-29;Validação;5892404.63
1101;Projeto fictício 1101 - Energia limpa;RJ;RS;2023-07-01;Concluído;5536335.97
1102;Projeto fictício 1102 - Biotecnologia;CE;PE;2025-02-28;Pesquisa;487993.36
1103;Projeto fictício 1103 - Indústria 4.0;RJ;MG;2025-08-03;Validação;1200934.57
1104;Projeto fictício 1104 - Saúde digital;CE;DF;2026-08-11;Pesquisa;1494040.65
1105;Projeto fictício 1105 - Agricultura;BA;AM;2025-09-10;Pesquisa;607624.15
1106;Projeto fictício 1106 - Energia limpa;AM;BA;2026-07-28;Desenvolvimento;3769035.82
1107;Projeto fictício 1107 - Biotecnologia;RS;RJ;2023-08-31;Validação;4936937.46
1108;Projeto fictício 1108 - Biotecnologia;MG;DF;2025-07-26;Validação;3880323.01
1109;Projeto fictício 1109 - Saúde digital;SP;MG;2025-05-29;Prototipagem;3313133.02
1110;Projeto fictício 1110 - Saúde digital;RS;PE;2024-08-12;Desenvolvimento;750268.83
1111;Projeto fictício 1111 - Biotecnologia;RJ;AC;2025-12-10;Validação;5860537.37
1112;Projeto fictício 1112 - Indústria 4.0;RS;GO;2024-09-07;Prototipagem;5604428.60
1113;Projeto fictício 1113 - Biotecnologia;BA;SP;2024-03-10;Prototipagem;4043712.43
1114;Projeto fictício 1114 - Agricultura;RS;PE;2023-02-01;Validação;2123937.16
1115;Projeto fictício 1115 - Indústria 4.0;RS;AM;2024-03-23;Validação;5732842.02
1116;Projeto fictício 1116 - Biotecnologia;PR;SP;2025-02-19;Validação;3066778.07
1117;Projeto fictício 1117 - Biotecnologia;DF;DF;2026-04-03;Pesquisa;4055533.07
1118;Projeto fictício 1118 - Agricultura;CE;PE;2022-03-03;Concluído;729099.19
1119;Projeto fictício 1119 - Agricultura;RJ;RS;2026-02-28;Desenvolvimento;3142137.61
1120;Projeto fictício 1120 - Saúde digital;PR;AC;2023-12-31;Prototipagem;5441836.03
1121;Projeto fictício 1121 - Saúde digital;MG;RS;2022-09-28;Validação;3264145.76
1122;Projeto fictício 1122 - Biotecnologia;SP;AM;2022-11-05;Validação;3007602.44
1123;Projeto fictício 1123 - Energia limpa;MG;PR;2021-03-09;Validação;1319942.57
1124;Projeto fictício 1124 - Agricultura;AM;BA;2024-09-22;Pesquisa;1751860.58
1125;Projeto fictício 1125 - Biotecnologia;PE;CE;2022-08-28;Prototipagem;4678180.46
1126;Projeto fictício 1126 - Agricultura;PE;MG;2024-07-03;Pesquisa;1471351.36
1127;Projeto fictício 1127 - Agricultura;BA;SP;2022-07-01;Concluído;2793582.84
1128;Projeto fictício 1128 - Energia limpa;PE;RS;2024-10-23;Pesquisa;1915649.18
1129;Projeto fictício 1129 - Biotecnologia;CE;GO;2026-03-28;Desenvolvimento;2836474.22
1130;Projeto fictício 1130 - Agricultura;RJ;RJ;2024-10-06;Desenvolvimento;4816518.51
1131;Projeto fictício 1131 - Saúde digital;DF;RJ;2024-02-09;Validação;896786.07
1132;Projeto fictício 1132 - Indústria 4.0;RJ;PE;2021-09-01;Concluído;1717688.98
1133;Projeto fictício 1133 - Biotecnologia;GO;RJ;2022-10-13;Pesquisa;5124623.64
1134;Projeto fictício 1134 - Saúde digital;GO;AC;2021-10-21;Desenvolvimento;2037874.24
1135;Projeto fictício 1135 - Indústria 4.0;CE;SP;2025-12-15;Concluído;2614164.49
1136;Projeto fictício 1136 - Saúde digital;PR;AM;2025-08-10;Desenvolvimento;3989400.15
1137;Projeto fictício 1137 - Energia limpa;PR;AC;2021-05-05;Prototipagem;1684399.25
1138;Projeto fictício 1138 - Saúde digital;DF;CE;2024-12-04;Pesquisa;2086762.45
1139;Projeto fictício 1139 - Indústria 4.0;RS;RJ;2021-01-21;Validação;2407373.91
1140;Projeto fictício 1140 - Indústria 4.0;SP;RS;2026-04-14;Prototipagem;262866.30
1141;Projeto fictício 1141 - Saúde digital;CE;AM;2023-10-20;Validação;5004224.94
1142;Projeto fictício 1142 - Saúde digital;PR;MG;2023-06-24;Concluído;4967083.47
1143;Projeto fictício 1143 - Saúde digital;AC;SP;2025-09-16;Desenvolvimento;5399222.78
1144;Projeto fictício 1144 - Saúde digital;CE;GO;2021-12-07;Prototipagem;2807119.66
1145;Projeto fictício 1145 - Agricultura;SP;DF;2022-11-28;Desenvolvimento;903331.78
1146;Projeto fictício 1146 - Biotecnologia;PR;PR;2024-01-05;Desenvolvimento;2191527.04
1147;Projeto fictício 1147 - Indústria 4.0;AM;PE;2022-10-25;Desenvolvimento;4601194.97
1148;Projeto fictício 1148 - Saúde digital;AC;MG;2021-02-26;Pesquisa;5219543.59
1149;Projeto fictício 1149 - Biotecnologia;PR;RS;2021-09-10;Pesquisa;4317109.69
1150;Projeto fictício 1150 - Saúde digital;BA;PE;2025-05-13;Pesquisa;1664999.91
1151;Projeto fictício 1151 - Indústria 4.0;MG;AC;2022-03-11;Pesquisa;380348.42
1152;Projeto fictício 1152 - Energia limpa;BA;MG;2025-01-20;Concluído;1567448.40
1153;Projeto fictício 1153 - Energia limpa;CE;RS;2021-01-03;Pesquisa;5443470.30
1154;Projeto fictício 1154 - Agricultura;GO;SP;2021-05-15;Desenvolvimento;3668630.04
1155;Projeto fictício 1155 - Agricultura;RS;DF;2025-06-18;Pesquisa;5019673.56
1156;Projeto fictício 1156 - Saúde digital;SP;RJ;2023-08-12;Concluído;3665487.55
1157;Projeto fictício 1157 - Agricultura;PR;CE;2024-04-06;Pesquisa;5205913.20
1158;Projeto fictício 1158 - Biotecnologia;MG;AC;2021-07-10;Desenvolvimento;2338933.20
1159;Projeto fictício 1159 - Biotecnologia;PE;CE;2025-06-24;Prototipagem;1599276.73
1160;Projeto fictício 1160 - Biotecnologia;CE;AM;2023-06-26;Pesquisa;3810497.83
1161;Projeto fictício 1161 - Saúde digital;PE;AC;2025-03-04;Validação;2956741.52
1162;Projeto fictício 1162 - Agricultura;RS;CE;2025-05-09;Concluído;5861008.53
1163;Projeto fictício 1163 - Indústria 4.0;GO;PR;2022-03-11;Concluído;557115.27
1164;Projeto fictício 1164 - Biotecnologia;CE;GO;2023-10-08;Concluído;5371819.86
1165;Projeto fictício 1165 - Biotecnologia;AC;PR;2024-08-07;Pesquisa;1490178.31
1166;Projeto fictício 1166 - Biotecnologia;PR;CE;2021-12-17;Concluído;4847930.90
1167;Projeto fictício 1167 - Saúde digital;GO;CE;2026-05-07;Pesquisa;5482167.73
1168;Projeto fictício 1168 - Agricultura;RS;PE;2026-04-03;Pesquisa;1202637.03
1169;Projeto fictício 1169 - Biotecnologia;DF;CE;2023-06-27;Concluído;246733.67
1170;Projeto fictício 1170 - Biotecnologia;BA;MG;2024-08-11;Desenvolvimento;4588130.12
1171;Projeto fictício 1171 - Saúde digital;AM;SP;2026-04-15;Prototipagem;1845037.22
1172;Projeto fictício 1172 - Biotecnologia;PE;PE;2021-03-12;Concluído;4955398.70
1173;Projeto fictício 1173 - Agricultura;GO;RJ;2022-02-20;Validação;2694687.80
1174;Projeto fictício 1174 - Biotecnologia;PR;BA;2024-03-16;Concluído;2456946.84
1175;Projeto fictício 1175 - Biotecnologia;GO;GO;2023-11-18;Pesquisa;973091.26
1176;Projeto fictício 1176 - Biotecnologia;GO;AC;2024-04-24;Prototipagem;1682739.50
1177;Projeto fictício 1177 - Energia limpa;DF;PE;2022-08-10;Prototipagem;170195.53
1178;Projeto fictício 1178 - Biotecnologia;BA;DF;2022-03-22;Prototipagem;1669470.76
1179;Projeto fictício 1179 - Indústria 4.0;MG;CE;2021-08-08;Pesquisa;5911608.94
1180;Projeto fictício 1180 - Biotecnologia;CE;AM;2023-02-06;Pesquisa;1612734.25
1181;Projeto fictício 1181 - Agricultura;MG;PR;2024-09-28;Pesquisa;4679782.90
1182;Projeto fictício 1182 - Agricultura;RJ;PR;2023-05-04;Prototipagem;5786993.78
1183;Projeto fictício 1183 - Agricultura;SP;BA;2021-12-07;Validação;966420.77
1184;Projeto fictício 1184 - Agricultura;BA;RJ;2024-02-01;Validação;2930828.80
1185;Projeto fictício 1185 - Biotecnologia;RJ;AM;2024-07-24;Concluído;3544100.98
1186;Projeto fictício 1186 - Biotecnologia;PR;GO;2022-08-11;Prototipagem;4499087.29
1187;Projeto fictício 1187 - Agricultura;AC;AM;2023-12-13;Validação;1649668.21
1188;Projeto fictício 1188 - Energia limpa;PE;GO;2025-06-07;Pesquisa;2379355.29
1189;Projeto fictício 1189 - Energia limpa;MG;RJ;2023-03-29;Prototipagem;3901979.39
1190;Projeto fictício 1190 - Biotecnologia;AM;RS;2021-04-14;Desenvolvimento;1269474.48
1191;Projeto fictício 1191 - Biotecnologia;AM;GO;2023-12-16;Desenvolvimento;483023.10
1192;Projeto fictício 1192 - Saúde digital;MG;PR;2022-04-12;Validação;5412406.42
1193;Projeto fictício 1193 - Agricultura;PR;CE;2025-04-21;Prototipagem;5566246.22
1194;Projeto fictício 1194 - Saúde digital;AM;SP;2022-08-24;Desenvolvimento;4108619.11
1195;Projeto fictício 1195 - Saúde digital;RJ;RS;2024-11-16;Concluído;2445123.71
1196;Projeto fictício 1196 - Biotecnologia;RJ;SP;2023-12-03;Prototipagem;2140765.16
1197;Projeto fictício 1197 - Saúde digital;RJ;MG;2024-10-29;Concluído;4889822.34
1198;Projeto fictício 1198 - Agricultura;CE;AC;2022-07-24;Concluído;2237463.04
1199;Projeto fictício 1199 - Biotecnologia;CE;AM;2026-05-05;Concluído;1672045.00
1200;Projeto fictício 1200 - Indústria 4.0;AC;SP;2023-12-21;Pesquisa;5847831.81
1201;Projeto fictício 1201 - Indústria 4.0;BA;DF;2021-04-21;Pesquisa;4651576.50
1202;Projeto fictício 1202 - Indústria 4.0;AC;MG;2021-08-06;Desenvolvimento;5908972.59
1203;Projeto fictício 1203 - Energia limpa;AM;SP;2021-10-02;Pesquisa;1523738.42
1204;Projeto fictício 1204 - Indústria 4.0;PR;CE;2021-10-20;Pesquisa;2700189.22
1205;Projeto fictício 1205 - Agricultura;AC;CE;2023-03-19;Concluído;4360105.94
1206;Projeto fictício 1206 - Indústria 4.0;SP;PE;2023-07-18;Validação;2732714.38
1207;Projeto fictício 1207 - Indústria 4.0;MG;GO;2023-04-18;Desenvolvimento;1826205.04
1208;Projeto fictício 1208 - Biotecnologia;SP;AM;2024-03-19;Desenvolvimento;218606.92
1209;Projeto fictício 1209 - Agricultura;AM;DF;2025-11-01;Concluído;3506586.97
1210;Projeto fictício 1210 - Energia limpa;AM;RJ;2024-12-13;Desenvolvimento;894791.08
1211;Projeto fictício 1211 - Energia limpa;MG;GO;2025-07-23;Desenvolvimento;183240.74
1212;Projeto fictício 1212 - Energia limpa;AC;PE;2022-10-24;Concluído;1124959.68
1213;Projeto fictício 1213 - Agricultura;DF;PR;2021-05-29;Pesquisa;246775.33
1214;Projeto fictício 1214 - Energia limpa;SP;BA;2023-08-22;Concluído;5548181.99
1215;Projeto fictício 1215 - Agricultura;CE;MG;2023-05-13;Pesquisa;4113863.23
1216;Projeto fictício 1216 - Agricultura;GO;RS;2021-06-27;Desenvolvimento;2935378.10
1217;Projeto fictício 1217 - Biotecnologia;RS;AC;2023-03-13;Prototipagem;4096386.27
1218;Projeto fictício 1218 - Biotecnologia;MG;AM;2022-02-11;Validação;1938182.60
1219;Projeto fictício 1219 - Energia limpa;RS;RJ;2025-03-03;Pesquisa;5478233.19
1220;Projeto fictício 1220 - Indústria 4.0;DF;PR;2025-11-22;Validação;2934358.52
1221;Projeto fictício 1221 - Biotecnologia;SP;CE;2025-06-23;Pesquisa;1887552.67
1222;Projeto fictício 1222 - Biotecnologia;AC;RJ;2022-04-03;Prototipagem;4524549.82
1223;Projeto fictício 1223 - Agricultura;GO;GO;2023-03-28;Desenvolvimento;4012354.49
1224;Projeto fictício 1224 - Biotecnologia;CE;AM;2021-06-28;Validação;773657.98
1225;Projeto fictício 1225 - Saúde digital;PE;PE;2023-09-20;Validação;1566475.52
1226;Projeto fictício 1226 - Energia limpa;PE;DF;2026-04-18;Concluído;4397410.43
1227;Projeto fictício 1227 - Energia limpa;PE;RJ;2023-03-19;Pesquisa;2713194.39
1228;Projeto fictício 1228 - Saúde digital;BA;SP;2026-05-12;Prototipagem;3177412.31
1229;Projeto fictício 1229 - Biotecnologia;CE;PR;2022-11-24;Prototipagem;1141011.02
1230;Projeto fictício 1230 - Agricultura;MG;AM;2026-04-07;Concluído;2225268.94
1231;Projeto fictício 1231 - Energia limpa;DF;AM;2026-01-07;Prototipagem;5981778.54
1232;Projeto fictício 1232 - Agricultura;CE;PE;2025-11-25;Desenvolvimento;3518140.43
1233;Projeto fictício 1233 - Biotecnologia;CE;BA;2022-10-02;Concluído;3288418.29
1234;Projeto fictício 1234 - Energia limpa;PR;MG;2024-06-01;Validação;3333392.43
1235;Projeto fictício 1235 - Indústria 4.0;PE;BA;2023-02-15;Pesquisa;4957852.37
1236;Projeto fictício 1236 - Biotecnologia;AC;RJ;2022-12-27;Validação;2079979.80
1237;Projeto fictício 1237 - Indústria 4.0;AM;AC;2023-09-22;Concluído;2841711.35
1238;Projeto fictício 1238 - Saúde digital;AM;MG;2023-09-17;Concluído;727630.91
1239;Projeto fictício 1239 - Saúde digital;BA;PE;2025-03-20;Prototipagem;3905031.31
1240;Projeto fictício 1240 - Energia limpa;GO;DF;2026-03-17;Desenvolvimento;2371096.48
1241;Projeto fictício 1241 - Agricultura;RS;GO;2022-12-18;Pesquisa;4649965.76
1242;Projeto fictício 1242 - Agricultura;SP;DF;2026-04-14;Prototipagem;2683716.31
1243;Projeto fictício 1243 - Biotecnologia;RJ;CE;2023-05-27;Pesquisa;2829501.19
1244;Projeto fictício 1244 - Saúde digital;RS;GO;2025-04-06;Desenvolvimento;3866737.71
1245;Projeto fictício 1245 - Saúde digital;GO;BA;2023-12-29;Pesquisa;4662861.36
1246;Projeto fictício 1246 - Saúde digital;AC;BA;2024-04-04;Desenvolvimento;4011704.70
1247;Projeto fictício 1247 - Saúde digital;SP;MG;2026-07-08;Pesquisa;5112246.77
1248;Projeto fictício 1248 - Saúde digital;BA;AM;2022-08-16;Concluído;1636682.64
1249;Projeto fictício 1249 - Energia limpa;GO;GO;2026-06-26;Concluído;4421831.60
1250;Projeto fictício 1250 - Energia limpa;BA;PE;2023-09-24;Pesquisa;3939829.69
1251;Projeto fictício 1251 - Saúde digital;PR;PE;2026-07-09;Validação;998448.39
1252;Projeto fictício 1252 - Saúde digital;RS;SP;2023-05-25;Pesquisa;3382497.51
1253;Projeto fictício 1253 - Biotecnologia;PR;PE;2021-07-15;Validação;4341746.82
1254;Projeto fictício 1254 - Energia limpa;RS;RJ;2022-03-03;Concluído;3381573.16
1255;Projeto fictício 1255 - Indústria 4.0;RJ;PR;2021-09-03;Prototipagem;1258732.36
1256;Projeto fictício 1256 - Agricultura;SP;RJ;2024-03-08;Desenvolvimento;766526.12
1257;Projeto fictício 1257 - Energia limpa;AM;GO;2022-02-02;Concluído;551995.00
1258;Projeto fictício 1258 - Biotecnologia;RS;CE;2025-07-12;Concluído;460142.22
1259;Projeto fictício 1259 - Indústria 4.0;RJ;DF;2023-12-15;Desenvolvimento;5206429.46
1260;Projeto fictício 1260 - Agricultura;MG;PR;2026-07-12;Desenvolvimento;1105263.18
1261;Projeto fictício 1261 - Indústria 4.0;PE;DF;2025-01-28;Validação;2839996.13
1262;Projeto fictício 1262 - Energia limpa;RS;RS;2025-10-31;Concluído;4936285.50
1263;Projeto fictício 1263 - Energia limpa;AC;GO;2023-03-11;Pesquisa;275949.23
1264;Projeto fictício 1264 - Indústria 4.0;RS;DF;2022-04-15;Validação;4525777.95
1265;Projeto fictício 1265 - Energia limpa;MG;RJ;2022-03-08;Validação;1799307.91
1266;Projeto fictício 1266 - Energia limpa;RJ;AM;2025-05-15;Desenvolvimento;4253561.88
1267;Projeto fictício 1267 - Agricultura;PE;BA;2022-01-30;Validação;3164967.13
1268;Projeto fictício 1268 - Agricultura;PE;BA;2024-06-28;Pesquisa;1187396.19
1269;Projeto fictício 1269 - Saúde digital;PR;MG;2022-05-14;Concluído;1247104.03
1270;Projeto fictício 1270 - Indústria 4.0;PE;GO;2025-07-26;Prototipagem;1472750.31
1271;Projeto fictício 1271 - Saúde digital;DF;RS;2025-04-11;Concluído;2776452.88
1272;Projeto fictício 1272 - Energia limpa;PR;BA;2023-10-02;Prototipagem;4063248.86
1273;Projeto fictício 1273 - Saúde digital;CE;SP;2022-01-26;Validação;866718.05
1274;Projeto fictício 1274 - Agricultura;MG;BA;2023-07-20;Prototipagem;4228852.90
1275;Projeto fictício 1275 - Energia limpa;PE;MG;2025-05-01;Prototipagem;1856122.51
1276;Projeto fictício 1276 - Biotecnologia;MG;RJ;2025-04-19;Desenvolvimento;928637.30
1277;Projeto fictício 1277 - Agricultura;CE;CE;2023-12-02;Concluído;1344386.30
1278;Projeto fictício 1278 - Biotecnologia;RJ;AC;2023-06-19;Validação;5120601.68
1279;Projeto fictício 1279 - Energia limpa;SP;PR;2025-01-01;Pesquisa;1540829.41
1280;Projeto fictício 1280 - Energia limpa;SP;MG;2025-02-28;Prototipagem;2334943.86
1281;Projeto fictício 1281 - Biotecnologia;MG;AC;2021-01-12;Desenvolvimento;3294226.04
1282;Projeto fictício 1282 - Biotecnologia;PR;AM;2025-05-04;Concluído;3977444.13
1283;Projeto fictício 1283 - Indústria 4.0;DF;RJ;2022-10-09;Prototipagem;4172109.87
1284;Projeto fictício 1284 - Agricultura;PR;CE;2024-03-16;Desenvolvimento;2536900.41
1285;Projeto fictício 1285 - Energia limpa;BA;RS;2021-09-04;Concluído;4227379.09
1286;Projeto fictício 1286 - Energia limpa;AC;PE;2021-08-16;Prototipagem;1762533.72
1287;Projeto fictício 1287 - Energia limpa;AM;CE;2023-01-22;Concluído;1007933.41
1288;Projeto fictício 1288 - Biotecnologia;RS;BA;2026-08-23;Concluído;2468027.00
1289;Projeto fictício 1289 - Biotecnologia;SP;CE;2025-10-20;Prototipagem;5338381.24
1290;Projeto fictício 1290 - Indústria 4.0;BA;GO;2025-06-27;Pesquisa;3425938.93
1291;Projeto fictício 1291 - Indústria 4.0;GO;SP;2026-08-25;Pesquisa;394439.55
1292;Projeto fictício 1292 - Agricultura;GO;AM;2023-10-07;Desenvolvimento;5907389.46
1293;Projeto fictício 1293 - Agricultura;RJ;PE;2024-07-06;Validação;1098559.52
1294;Projeto fictício 1294 - Agricultura;PE;DF;2026-05-04;Pesquisa;3698438.13
1295;Projeto fictício 1295 - Agricultura;SP;AC;2021-06-01;Pesquisa;5625179.34
1296;Projeto fictício 1296 - Energia limpa;RJ;DF;2024-04-26;Prototipagem;4984072.44
1297;Projeto fictício 1297 - Indústria 4.0;AC;CE;2024-04-03;Desenvolvimento;2128573.38
1298;Projeto fictício 1298 - Indústria 4.0;AM;RS;2025-05-15;Concluído;2539205.58
1299;Projeto fictício 1299 - Saúde digital;RJ;MG;2023-12-28;Pesquisa;4182569.75
1300;Projeto fictício 1300 - Biotecnologia;DF;AC;2024-12-19;Desenvolvimento;1146346.74
1301;Projeto fictício 1301 - Agricultura;RS;PR;2024-05-11;Validação;654569.78
1302;Projeto fictício 1302 - Indústria 4.0;SP;SP;2025-02-09;Pesquisa;1621784.17
1303;Projeto fictício 1303 - Biotecnologia;BA;PE;2025-06-15;Concluído;200337.18
1304;Projeto fictício 1304 - Energia limpa;PE;MG;2023-03-21;Prototipagem;3416919.64
1305;Projeto fictício 1305 - Biotecnologia;SP;RS;2021-01-04;Pesquisa;4867775.94
1306;Projeto fictício 1306 - Biotecnologia;AM;AM;2022-08-18;Desenvolvimento;211836.36
1307;Projeto fictício 1307 - Indústria 4.0;PE;RJ;2022-09-18;Prototipagem;1116643.56
1308;Projeto fictício 1308 - Saúde digital;GO;AM;2023-11-03;Pesquisa;3306895.98
1309;Projeto fictício 1309 - Saúde digital;RS;AM;2022-02-20;Pesquisa;2946231.48
1310;Projeto fictício 1310 - Indústria 4.0;MG;AC;2022-07-20;Prototipagem;2124267.34
1311;Projeto fictício 1311 - Agricultura;BA;PR;2021-03-30;Pesquisa;1146264.58
1312;Projeto fictício 1312 - Energia limpa;CE;RS;2026-06-29;Desenvolvimento;1090449.00
1313;Projeto fictício 1313 - Biotecnologia;AC;PE;2023-08-15;Pesquisa;5915219.24
1314;Projeto fictício 1314 - Biotecnologia;SP;RS;2025-08-18;Concluído;3867367.98
1315;Projeto fictício 1315 - Biotecnologia;RS;PE;2021-05-27;Validação;1405707.65
1316;Projeto fictício 1316 - Biotecnologia;SP;RS;2024-02-09;Concluído;3418924.73
1317;Projeto fictício 1317 - Energia limpa;MG;CE;2023-12-31;Pesquisa;1050811.89
1318;Projeto fictício 1318 - Agricultura;CE;CE;2025-04-04;Pesquisa;5075701.01
1319;Projeto fictício 1319 - Indústria 4.0;PE;RS;2021-07-17;Desenvolvimento;863564.33
1320;Projeto fictício 1320 - Energia limpa;BA;PR;2026-06-03;Prototipagem;1005958.36
1321;Projeto fictício 1321 - Saúde digital;GO;CE;2026-05-09;Desenvolvimento;5502673.90
1322;Projeto fictício 1322 - Indústria 4.0;CE;PR;2021-02-15;Concluído;55701.88
1323;Projeto fictício 1323 - Indústria 4.0;GO;MG;2022-07-20;Prototipagem;4858230.14
1324;Projeto fictício 1324 - Biotecnologia;BA;AC;2025-04-12;Pesquisa;242676.34
1325;Projeto fictício 1325 - Saúde digital;AM;AC;2021-04-06;Pesquisa;1002808.61
1326;Projeto fictício 1326 - Biotecnologia;PR;CE;2026-08-29;Validação;4191747.69
1327;Projeto fictício 1327 - Indústria 4.0;MG;RS;2024-07-23;Pesquisa;3001876.19
1328;Projeto fictício 1328 - Indústria 4.0;GO;BA;2025-08-06;Concluído;4501125.80
1329;Projeto fictício 1329 - Indústria 4.0;PE;AM;2023-10-06;Concluído;1635532.82
1330;Projeto fictício 1330 - Biotecnologia;BA;DF;2026-06-15;Desenvolvimento;4927669.94
1331;Projeto fictício 1331 - Saúde digital;PE;RJ;2025-02-15;Concluído;4821089.54
1332;Projeto fictício 1332 - Energia limpa;RJ;RJ;2022-07-02;Concluído;515554.23
1333;Projeto fictício 1333 - Indústria 4.0;AM;RJ;2026-04-06;Prototipagem;30318.65
1334;Projeto fictício 1334 - Indústria 4.0;RS;MG;2025-03-23;Validação;2654490.10
1335;Projeto fictício 1335 - Saúde digital;RJ;RS;2024-01-17;Prototipagem;5184422.86
1336;Projeto fictício 1336 - Biotecnologia;DF;PE;2021-03-09;Desenvolvimento;301971.97
1337;Projeto fictício 1337 - Agricultura;PE;AC;2024-09-05;Validação;2810329.09
1338;Projeto fictício 1338 - Energia limpa;GO;PR;2024-05-27;Prototipagem;2502429.78
1339;Projeto fictício 1339 - Energia limpa;PE;SP;2026-05-20;Desenvolvimento;3331700.63
1340;Projeto fictício 1340 - Indústria 4.0;RS;PR;2024-04-08;Validação;2136294.98
1341;Projeto fictício 1341 - Agricultura;RJ;PE;2024-10-19;Pesquisa;141914.56
1342;Projeto fictício 1342 - Biotecnologia;RS;SP;2025-04-19;Pesquisa;5626011.50
1343;Projeto fictício 1343 - Energia limpa;CE;RS;2021-10-25;Desenvolvimento;2958008.01
1344;Projeto fictício 1344 - Energia limpa;PR;MG;2024-07-19;Validação;5173305.76
1345;Projeto fictício 1345 - Agricultura;CE;AM;2026-01-07;Validação;113650.54
1346;Projeto fictício 1346 - Agricultura;PR;BA;2026-06-11;Prototipagem;2251734.70
1347;Projeto fictício 1347 - Biotecnologia;SP;MG;2025-09-23;Validação;2299290.13
1348;Projeto fictício 1348 - Agricultura;CE;PR;2025-03-10;Pesquisa;124194.36
1349;Projeto fictício 1349 - Energia limpa;AM;PR;2026-09-07;Validação;3782112.43
1350;Projeto fictício 1350 - Agricultura;AM;MG;2025-05-13;Prototipagem;2426984.09
1351;Projeto fictício 1351 - Saúde digital;MG;RS;2021-02-12;Prototipagem;1606253.75
1352;Projeto fictício 1352 - Saúde digital;CE;SP;2023-08-24;Desenvolvimento;4179969.66
1353;Projeto fictício 1353 - Biotecnologia;AC;RS;2026-04-11;Validação;1471656.51
1354;Projeto fictício 1354 - Saúde digital;CE;MG;2021-10-13;Concluído;3371346.72
1355;Projeto fictício 1355 - Biotecnologia;GO;PR;2026-09-01;Concluído;1494847.15
1356;Projeto fictício 1356 - Saúde digital;CE;MG;2022-02-11;Pesquisa;2480801.76
1357;Projeto fictício 1357 - Biotecnologia;GO;DF;2023-06-03;Pesquisa;4268468.08
1358;Projeto fictício 1358 - Energia limpa;PR;GO;2025-09-24;Desenvolvimento;1252134.30
1359;Projeto fictício 1359 - Indústria 4.0;AC;PE;2022-02-09;Validação;4347754.48
1360;Projeto fictício 1360 - Energia limpa;CE;RS;2026-04-08;Prototipagem;1302586.68
1361;Projeto fictício 1361 - Biotecnologia;RS;SP;2026-09-04;Desenvolvimento;5509933.84
1362;Projeto fictício 1362 - Indústria 4.0;PE;SP;2024-10-03;Prototipagem;3550853.34
1363;Projeto fictício 1363 - Agricultura;MG;BA;2023-03-03;Pesquisa;1787116.25
1364;Projeto fictício 1364 - Energia limpa;SP;RS;2021-03-08;Validação;746095.28
1365;Projeto fictício 1365 - Saúde digital;GO;CE;2022-04-22;Validação;957921.66
1366;Projeto fictício 1366 - Agricultura;RJ;PR;2025-12-12;Concluído;4689221.59
1367;Projeto fictício 1367 - Agricultura;CE;RJ;2023-06-14;Concluído;1944101.28
1368;Projeto fictício 1368 - Agricultura;PE;CE;2025-07-10;Desenvolvimento;730779.65
1369;Projeto fictício 1369 - Indústria 4.0;RS;MG;2025-05-29;Concluído;2838916.38
1370;Projeto fictício 1370 - Saúde digital;RS;RJ;2022-12-22;Prototipagem;4076469.83
1371;Projeto fictício 1371 - Agricultura;SP;MG;2022-07-09;Prototipagem;5726285.13
1372;Projeto fictício 1372 - Biotecnologia;RJ;PR;2024-08-03;Concluído;393439.68
1373;Projeto fictício 1373 - Indústria 4.0;AC;AM;2024-08-10;Concluído;3426472.32
1374;Projeto fictício 1374 - Indústria 4.0;RS;DF;2022-08-19;Concluído;1602052.62
1375;Projeto fictício 1375 - Energia limpa;CE;PR;2022-09-21;Concluído;2813985.90
1376;Projeto fictício 1376 - Energia limpa;BA;DF;2024-12-10;Concluído;3974106.27
1377;Projeto fictício 1377 - Energia limpa;SP;PE;2022-09-08;Desenvolvimento;4496423.27
1378;Projeto fictício 1378 - Saúde digital;PR;AM;2022-10-07;Desenvolvimento;35574.58
1379;Projeto fictício 1379 - Agricultura;RS;PR;2023-01-29;Desenvolvimento;2621187.30
1380;Projeto fictício 1380 - Biotecnologia;RS;RS;2021-10-27;Prototipagem;161728.49
1381;Projeto fictício 1381 - Biotecnologia;BA;RS;2023-07-31;Prototipagem;1607221.36
1382;Projeto fictício 1382 - Saúde digital;GO;MG;2026-06-14;Prototipagem;3802860.88
1383;Projeto fictício 1383 - Indústria 4.0;PR;AM;2024-01-22;Validação;1797092.81
1384;Projeto fictício 1384 - Saúde digital;RJ;MG;2022-06-15;Pesquisa;115942.12
1385;Projeto fictício 1385 - Biotecnologia;SP;AM;2025-03-06;Validação;3370507.73
1386;Projeto fictício 1386 - Agricultura;PE;RS;2025-07-05;Pesquisa;3143927.99
1387;Projeto fictício 1387 - Agricultura;AM;BA;2025-09-28;Pesquisa;5669679.34
1388;Projeto fictício 1388 - Energia limpa;SP;CE;2023-09-25;Concluído;904346.77
1389;Projeto fictício 1389 - Indústria 4.0;MG;SP;2022-08-24;Desenvolvimento;5292701.11
1390;Projeto fictício 1390 - Energia limpa;RS;DF;2022-12-08;Pesquisa;1823178.35
1391;Projeto fictício 1391 - Energia limpa;MG;SP;2021-06-04;Desenvolvimento;1142317.34
1392;Projeto fictício 1392 - Saúde digital;BA;SP;2022-01-25;Prototipagem;4578539.28
1393;Projeto fictício 1393 - Agricultura;CE;RJ;2023-03-06;Desenvolvimento;1148474.24
1394;Projeto fictício 1394 - Agricultura;BA;SP;2021-06-24;Prototipagem;2757584.92
1395;Projeto fictício 1395 - Agricultura;PR;MG;2026-06-07;Concluído;4158466.29
1396;Projeto fictício 1396 - Saúde digital;CE;PR;2023-02-06;Prototipagem;3108765.87
1397;Projeto fictício 1397 - Saúde digital;AM;GO;2022-07-02;Validação;3343045.95
1398;Projeto fictício 1398 - Agricultura;BA;RJ;2022-08-04;Desenvolvimento;2939845.19
1399;Projeto fictício 1399 - Agricultura;MG;DF;2023-10-13;Pesquisa;4175215.69
1400;Projeto fictício 1400 - Saúde digital;RS;BA;2022-07-13;Pesquisa;2788929.38
1401;Projeto fictício 1401 - Biotecnologia;RJ;CE;2021-05-27;Concluído;4216816.22
1402;Projeto fictício 1402 - Indústria 4.0;PR;PE;2022-09-08;Desenvolvimento;2790456.59
1403;Projeto fictício 1403 - Agricultura;BA;RS;2021-04-06;Concluído;662345.18
1404;Projeto fictício 1404 - Biotecnologia;RJ;SP;2023-03-19;Desenvolvimento;2808758.90
1405;Projeto fictício 1405 - Energia limpa;AC;SP;2023-08-11;Pesquisa;5472018.82
1406;Projeto fictício 1406 - Indústria 4.0;CE;MG;2024-10-12;Pesquisa;3034995.37
1407;Projeto fictício 1407 - Agricultura;BA;GO;2021-05-11;Prototipagem;5760044.02
1408;Projeto fictício 1408 - Energia limpa;PE;BA;2023-05-22;Desenvolvimento;1720370.43
1409;Projeto fictício 1409 - Energia limpa;CE;RJ;2025-10-31;Validação;813868.29
1410;Projeto fictício 1410 - Agricultura;PR;PE;2021-09-11;Prototipagem;1931457.18
1411;Projeto fictício 1411 - Saúde digital;SP;PR;2024-10-24;Prototipagem;1557616.29
1412;Projeto fictício 1412 - Agricultura;CE;RS;2026-04-11;Prototipagem;3925831.99
1413;Projeto fictício 1413 - Biotecnologia;BA;BA;2026-01-28;Concluído;5029198.32
1414;Projeto fictício 1414 - Biotecnologia;AC;AM;2023-07-26;Concluído;3335805.17
1415;Projeto fictício 1415 - Saúde digital;DF;RS;2024-08-06;Concluído;2695948.14
1416;Projeto fictício 1416 - Indústria 4.0;CE;AM;2023-09-29;Concluído;700495.17
1417;Projeto fictício 1417 - Indústria 4.0;RJ;AC;2021-12-16;Pesquisa;1556834.18
1418;Projeto fictício 1418 - Agricultura;RJ;RS;2021-04-27;Pesquisa;3077268.05
1419;Projeto fictício 1419 - Energia limpa;PE;CE;2024-12-14;Concluído;1257136.35
1420;Projeto fictício 1420 - Indústria 4.0;AC;RS;2021-06-13;Prototipagem;63787.34
1421;Projeto fictício 1421 - Saúde digital;RS;RS;2022-03-07;Concluído;1467420.23
1422;Projeto fictício 1422 - Indústria 4.0;SP;CE;2024-05-23;Validação;3112118.76
1423;Projeto fictício 1423 - Energia limpa;PE;PR;2023-12-29;Concluído;3655337.47
1424;Projeto fictício 1424 - Biotecnologia;MG;RJ;2023-07-12;Validação;4640133.45
1425;Projeto fictício 1425 - Energia limpa;GO;AM;2024-07-17;Validação;431668.90
1426;Projeto fictício 1426 - Saúde digital;CE;AC;2023-10-21;Concluído;4538955.87
1427;Projeto fictício 1427 - Saúde digital;SP;PR;2026-06-04;Prototipagem;3118962.23
1428;Projeto fictício 1428 - Energia limpa;RJ;DF;2024-12-23;Desenvolvimento;5027723.42
1429;Projeto fictício 1429 - Energia limpa;RJ;PR;2021-10-27;Concluído;4755652.68
1430;Projeto fictício 1430 - Biotecnologia;AM;CE;2022-02-26;Validação;2871993.52
1431;Projeto fictício 1431 - Agricultura;DF;GO;2022-03-06;Prototipagem;3164977.55
1432;Projeto fictício 1432 - Saúde digital;PE;AM;2022-02-14;Desenvolvimento;3918902.61
1433;Projeto fictício 1433 - Indústria 4.0;SP;DF;2026-07-11;Desenvolvimento;1382087.43
1434;Projeto fictício 1434 - Indústria 4.0;AM;SP;2025-05-30;Concluído;5718562.34
1435;Projeto fictício 1435 - Energia limpa;RS;RJ;2023-11-20;Pesquisa;5975572.90
1436;Projeto fictício 1436 - Saúde digital;BA;SP;2026-03-18;Validação;4197589.85
1437;Projeto fictício 1437 - Biotecnologia;MG;BA;2023-01-22;Pesquisa;4288096.66
1438;Projeto fictício 1438 - Indústria 4.0;AC;RS;2021-09-23;Desenvolvimento;2168932.01
1439;Projeto fictício 1439 - Saúde digital;RJ;SP;2024-12-21;Prototipagem;3047777.64
1440;Projeto fictício 1440 - Energia limpa;AC;BA;2025-04-04;Concluído;2264605.07
1441;Projeto fictício 1441 - Agricultura;GO;SP;2023-09-01;Concluído;1884734.10
1442;Projeto fictício 1442 - Indústria 4.0;DF;PE;2025-08-12;Prototipagem;4218069.46
1443;Projeto fictício 1443 - Biotecnologia;PE;AM;2023-07-18;Validação;2712191.95
1444;Projeto fictício 1444 - Saúde digital;AC;GO;2023-04-05;Validação;5194933.83
1445;Projeto fictício 1445 - Biotecnologia;SP;MG;2021-11-07;Desenvolvimento;5228177.82
1446;Projeto fictício 1446 - Biotecnologia;MG;SP;2021-06-21;Prototipagem;3702657.15
1447;Projeto fictício 1447 - Agricultura;RS;PE;2021-09-28;Prototipagem;708703.51
1448;Projeto fictício 1448 - Biotecnologia;AC;RJ;2026-02-22;Concluído;4372087.14
1449;Projeto fictício 1449 - Agricultura;MG;CE;2024-03-07;Desenvolvimento;100402.30
1450;Projeto fictício 1450 - Indústria 4.0;GO;RJ;2026-06-15;Concluído;659101.96
1451;Projeto fictício 1451 - Indústria 4.0;CE;AC;2022-02-27;Prototipagem;1255921.00
1452;Projeto fictício 1452 - Indústria 4.0;PE;MG;2021-05-25;Prototipagem;5562537.46
1453;Projeto fictício 1453 - Biotecnologia;GO;SP;2026-04-19;Concluído;1036037.13
1454;Projeto fictício 1454 - Agricultura;PE;RJ;2023-07-23;Validação;4401961.59
1455;Projeto fictício 1455 - Energia limpa;RJ;RS;2026-04-26;Pesquisa;1262894.73
1456;Projeto fictício 1456 - Indústria 4.0;DF;MG;2022-06-10;Pesquisa;4579301.63
1457;Projeto fictício 1457 - Saúde digital;BA;DF;2022-01-10;Validação;2537165.10
1458;Projeto fictício 1458 - Saúde digital;GO;AC;2023-10-12;Pesquisa;2656215.67
1459;Projeto fictício 1459 - Energia limpa;RS;AM;2022-03-03;Prototipagem;1196267.53
1460;Projeto fictício 1460 - Energia limpa;CE;RS;2021-08-31;Concluído;4853377.96
1461;Projeto fictício 1461 - Saúde digital;CE;RS;2023-04-28;Desenvolvimento;4972921.86
1462;Projeto fictício 1462 - Biotecnologia;GO;AM;2023-05-03;Validação;396719.28
1463;Projeto fictício 1463 - Agricultura;RJ;BA;2024-01-10;Pesquisa;3485528.68
1464;Projeto fictício 1464 - Agricultura;PR;PR;2025-10-05;Pesquisa;1041931.46
1465;Projeto fictício 1465 - Agricultura;PE;CE;2022-05-27;Desenvolvimento;393663.81
1466;Projeto fictício 1466 - Energia limpa;MG;BA;2021-02-16;Validação;3724379.38
1467;Projeto fictício 1467 - Indústria 4.0;PR;MG;2024-03-10;Desenvolvimento;3718735.99
1468;Projeto fictício 1468 - Energia limpa;CE;DF;2022-09-17;Prototipagem;3928103.21
1469;Projeto fictício 1469 - Biotecnologia;RJ;BA;2021-10-21;Prototipagem;5290770.53
1470;Projeto fictício 1470 - Indústria 4.0;BA;PE;2024-02-13;Concluído;1020687.28
1471;Projeto fictício 1471 - Saúde digital;BA;AM;2022-05-10;Concluído;5591264.78
1472;Projeto fictício 1472 - Energia limpa;AM;CE;2023-11-03;Validação;3657136.81
1473;Projeto fictício 1473 - Energia limpa;DF;BA;2023-05-09;Pesquisa;1817663.76
1474;Projeto fictício 1474 - Indústria 4.0;GO;PR;2024-09-25;Desenvolvimento;5802878.21
1475;Projeto fictício 1475 - Indústria 4.0;SP;BA;2022-05-02;Concluído;2648918.15
1476;Projeto fictício 1476 - Saúde digital;RS;RS;2021-08-28;Desenvolvimento;5631707.39
1477;Projeto fictício 1477 - Indústria 4.0;RS;AM;2026-09-07;Concluído;5676238.84
1478;Projeto fictício 1478 - Indústria 4.0;GO;CE;2025-05-09;Concluído;2027207.85
1479;Projeto fictício 1479 - Agricultura;SP;PR;2024-01-29;Pesquisa;1341917.17
1480;Projeto fictício 1480 - Energia limpa;MG;PR;2025-11-17;Pesquisa;2804046.30
1481;Projeto fictício 1481 - Biotecnologia;BA;PR;2023-10-20;Pesquisa;2790005.47
1482;Projeto fictício 1482 - Energia limpa;GO;RJ;2021-09-30;Pesquisa;3462481.09
1483;Projeto fictício 1483 - Agricultura;SP;CE;2022-11-06;Validação;4645512.47
1484;Projeto fictício 1484 - Biotecnologia;BA;AM;2026-03-25;Prototipagem;4571325.54
1485;Projeto fictício 1485 - Indústria 4.0;PR;PE;2021-01-21;Desenvolvimento;3307076.88
1486;Projeto fictício 1486 - Biotecnologia;BA;CE;2023-11-23;Prototipagem;4820171.86
1487;Projeto fictício 1487 - Biotecnologia;BA;MG;2022-02-18;Desenvolvimento;2091178.07
1488;Projeto fictício 1488 - Energia limpa;PR;BA;2024-11-15;Pesquisa;874460.47
1489;Projeto fictício 1489 - Energia limpa;BA;RS;2025-03-16;Validação;621635.78
1490;Projeto fictício 1490 - Agricultura;RS;RJ;2022-03-31;Validação;3975292.70
1491;Projeto fictício 1491 - Energia limpa;MG;AM;2026-07-03;Desenvolvimento;5195065.09
1492;Projeto fictício 1492 - Saúde digital;RJ;PR;2025-07-12;Desenvolvimento;1134944.65
1493;Projeto fictício 1493 - Energia limpa;CE;SP;2025-03-23;Prototipagem;2455919.19
1494;Projeto fictício 1494 - Biotecnologia;SP;RJ;2022-12-31;Pesquisa;2804265.76
1495;Projeto fictício 1495 - Biotecnologia;DF;RJ;2023-06-05;Validação;3391568.21
1496;Projeto fictício 1496 - Biotecnologia;PR;AM;2026-09-14;Prototipagem;1809333.36
1497;Projeto fictício 1497 - Energia limpa;RJ;MG;2024-01-08;Concluído;2904486.49
1498;Projeto fictício 1498 - Energia limpa;AC;RJ;2026-01-23;Pesquisa;2917899.30
1499;Projeto fictício 1499 - Biotecnologia;SP;GO;2025-12-13;Prototipagem;4787017.19
1500;Projeto fictício 1500 - Energia limpa;AM;RS;2024-04-22;Validação;2341311.10
1501;Projeto fictício 1501 - Indústria 4.0;RS;PR;2024-07-22;Pesquisa;2864786.52
1502;Projeto fictício 1502 - Agricultura;PR;RJ;2023-04-22;Desenvolvimento;2934867.64
1503;Projeto fictício 1503 - Saúde digital;RJ;RS;2023-10-11;Validação;4336067.82
1504;Projeto fictício 1504 - Saúde digital;PE;BA;2026-02-26;Prototipagem;696542.61
1505;Projeto fictício 1505 - Indústria 4.0;RS;AM;2025-12-17;Pesquisa;5955122.87
1506;Projeto fictício 1506 - Indústria 4.0;GO;RS;2026-02-28;Prototipagem;406378.71
1507;Projeto fictício 1507 - Indústria 4.0;PR;SP;2022-07-25;Validação;2852104.70
1508;Projeto fictício 1508 - Indústria 4.0;BA;PR;2022-06-19;Validação;1072368.05
1509;Projeto fictício 1509 - Energia limpa;PE;GO;2026-05-08;Prototipagem;1088280.74
1510;Projeto fictício 1510 - Energia limpa;CE;PR;2021-05-18;Pesquisa;1022544.68
1511;Projeto fictício 1511 - Indústria 4.0;RJ;PE;2026-02-21;Concluído;1678271.38
1512;Projeto fictício 1512 - Indústria 4.0;BA;DF;2025-07-28;Concluído;2189256.35
1513;Projeto fictício 1513 - Saúde digital;PE;DF;2024-10-13;Pesquisa;1524976.98
1514;Projeto fictício 1514 - Indústria 4.0;AC;DF;2021-11-15;Prototipagem;5137273.96
1515;Projeto fictício 1515 - Saúde digital;PE;DF;2021-12-22;Validação;5467293.05
1516;Projeto fictício 1516 - Biotecnologia;AM;DF;2025-04-24;Pesquisa;5070157.36
1517;Projeto fictício 1517 - Agricultura;GO;AC;2025-05-02;Concluído;1902864.43
1518;Projeto fictício 1518 - Biotecnologia;SP;SP;2023-11-18;Validação;2194603.15
1519;Projeto fictício 1519 - Biotecnologia;AC;MG;2022-03-25;Concluído;5063062.97
1520;Projeto fictício 1520 - Biotecnologia;GO;GO;2022-03-31;Desenvolvimento;1394021.24
1521;Projeto fictício 1521 - Energia limpa;AM;BA;2024-03-11;Desenvolvimento;1506896.01
1522;Projeto fictício 1522 - Indústria 4.0;GO;PR;2021-01-08;Concluído;2889505.39
1523;Projeto fictício 1523 - Indústria 4.0;AM;PR;2025-11-10;Prototipagem;709138.21
1524;Projeto fictício 1524 - Agricultura;AM;CE;2021-05-19;Concluído;3064983.54
1525;Projeto fictício 1525 - Biotecnologia;RS;AM;2024-02-26;Pesquisa;544975.46
1526;Projeto fictício 1526 - Indústria 4.0;PE;CE;2023-01-17;Concluído;728329.03
1527;Projeto fictício 1527 - Biotecnologia;MG;DF;2021-04-16;Concluído;3304099.47
1528;Projeto fictício 1528 - Agricultura;AC;GO;2026-07-31;Validação;692670.12
1529;Projeto fictício 1529 - Energia limpa;MG;AM;2024-10-22;Prototipagem;656939.01
1530;Projeto fictício 1530 - Energia limpa;AM;GO;2024-03-08;Concluído;2827744.94
1531;Projeto fictício 1531 - Saúde digital;PE;DF;2022-10-19;Concluído;582644.32
1532;Projeto fictício 1532 - Energia limpa;GO;GO;2023-01-03;Concluído;5271807.28
1533;Projeto fictício 1533 - Biotecnologia;SP;PR;2026-07-15;Prototipagem;992197.54
1534;Projeto fictício 1534 - Energia limpa;CE;CE;2024-11-22;Pesquisa;726280.47
1535;Projeto fictício 1535 - Saúde digital;PE;SP;2025-07-15;Desenvolvimento;1395589.76
1536;Projeto fictício 1536 - Energia limpa;SP;AC;2026-09-15;Concluído;4674461.05
1537;Projeto fictício 1537 - Agricultura;AM;CE;2022-09-06;Pesquisa;80186.42
1538;Projeto fictício 1538 - Agricultura;RJ;DF;2021-03-29;Validação;1371076.37
1539;Projeto fictício 1539 - Saúde digital;AC;DF;2022-06-20;Validação;5871609.39
1540;Projeto fictício 1540 - Agricultura;CE;AC;2023-01-26;Prototipagem;4038935.15
1541;Projeto fictício 1541 - Agricultura;GO;AM;2024-11-16;Validação;3531148.40
1542;Projeto fictício 1542 - Energia limpa;SP;AM;2021-08-15;Validação;2855826.76
1543;Projeto fictício 1543 - Biotecnologia;GO;CE;2021-01-27;Pesquisa;544493.39
1544;Projeto fictício 1544 - Energia limpa;MG;AC;2023-02-04;Prototipagem;1270235.43
1545;Projeto fictício 1545 - Biotecnologia;DF;CE;2021-01-11;Desenvolvimento;3462853.28
1546;Projeto fictício 1546 - Agricultura;RS;PR;2025-03-30;Pesquisa;2961506.99
1547;Projeto fictício 1547 - Indústria 4.0;MG;MG;2021-02-28;Pesquisa;4476996.75
1548;Projeto fictício 1548 - Agricultura;DF;PR;2022-06-19;Validação;3526030.87
1549;Projeto fictício 1549 - Indústria 4.0;GO;PE;2023-11-30;Concluído;5987550.01
1550;Projeto fictício 1550 - Biotecnologia;RJ;MG;2022-05-24;Prototipagem;1115522.42
1551;Projeto fictício 1551 - Indústria 4.0;RS;MG;2025-01-05;Concluído;1020778.69
1552;Projeto fictício 1552 - Saúde digital;MG;RJ;2022-04-09;Pesquisa;3669681.24
1553;Projeto fictício 1553 - Indústria 4.0;RS;PR;2023-03-03;Pesquisa;4862314.12
1554;Projeto fictício 1554 - Indústria 4.0;CE;SP;2025-08-03;Validação;4390128.62
1555;Projeto fictício 1555 - Agricultura;MG;RJ;2023-05-15;Desenvolvimento;1207320.81
1556;Projeto fictício 1556 - Agricultura;PR;RJ;2023-04-25;Desenvolvimento;4934657.63
1557;Projeto fictício 1557 - Indústria 4.0;CE;GO;2021-09-04;Pesquisa;4539105.59
1558;Projeto fictício 1558 - Agricultura;CE;AC;2021-06-03;Validação;160328.60
1559;Projeto fictício 1559 - Saúde digital;RS;DF;2026-05-08;Pesquisa;327931.03
1560;Projeto fictício 1560 - Biotecnologia;RJ;MG;2026-01-14;Validação;2723106.35
1561;Projeto fictício 1561 - Indústria 4.0;GO;BA;2024-03-08;Prototipagem;62742.66
1562;Projeto fictício 1562 - Indústria 4.0;GO;DF;2025-04-13;Concluído;1203509.71
1563;Projeto fictício 1563 - Biotecnologia;DF;AM;2022-12-02;Concluído;2901827.12
1564;Projeto fictício 1564 - Indústria 4.0;MG;DF;2022-09-04;Desenvolvimento;398294.17
1565;Projeto fictício 1565 - Agricultura;MG;GO;2023-11-11;Validação;2193166.99
1566;Projeto fictício 1566 - Agricultura;BA;SP;2023-01-20;Prototipagem;2551659.63
1567;Projeto fictício 1567 - Saúde digital;DF;AM;2022-03-04;Prototipagem;592184.78
1568;Projeto fictício 1568 - Saúde digital;RS;RS;2025-10-14;Validação;3314423.78
1569;Projeto fictício 1569 - Indústria 4.0;MG;RJ;2023-05-28;Desenvolvimento;3547471.02
1570;Projeto fictício 1570 - Saúde digital;AC;RJ;2022-06-27;Concluído;3848806.51
1571;Projeto fictício 1571 - Energia limpa;DF;AC;2024-12-18;Desenvolvimento;4723521.58
1572;Projeto fictício 1572 - Saúde digital;SP;AC;2021-03-28;Concluído;3486322.46
1573;Projeto fictício 1573 - Energia limpa;CE;BA;2024-11-11;Concluído;984471.85
1574;Projeto fictício 1574 - Indústria 4.0;SP;RJ;2024-12-15;Prototipagem;178439.72
1575;Projeto fictício 1575 - Saúde digital;AC;BA;2022-07-18;Prototipagem;1420481.25
1576;Projeto fictício 1576 - Biotecnologia;PR;GO;2021-01-28;Desenvolvimento;5675472.11
1577;Projeto fictício 1577 - Indústria 4.0;CE;GO;2025-09-18;Concluído;2877516.26
1578;Projeto fictício 1578 - Saúde digital;DF;DF;2024-09-26;Pesquisa;1429273.33
1579;Projeto fictício 1579 - Biotecnologia;SP;RJ;2022-09-11;Concluído;273018.74
1580;Projeto fictício 1580 - Saúde digital;AC;GO;2026-03-09;Validação;5225576.61
1581;Projeto fictício 1581 - Agricultura;PR;DF;2025-03-13;Prototipagem;1397435.37
1582;Projeto fictício 1582 - Energia limpa;PE;BA;2025-12-14;Validação;4548582.98
1583;Projeto fictício 1583 - Biotecnologia;AM;PR;2026-05-25;Concluído;5269632.59
1584;Projeto fictício 1584 - Indústria 4.0;CE;RS;2023-06-19;Desenvolvimento;1941537.42
1585;Projeto fictício 1585 - Indústria 4.0;BA;DF;2026-09-13;Pesquisa;4326433.58
1586;Projeto fictício 1586 - Indústria 4.0;SP;RJ;2022-04-23;Validação;5186368.72
1587;Projeto fictício 1587 - Saúde digital;PE;AM;2025-12-21;Desenvolvimento;3821004.84
1588;Projeto fictício 1588 - Indústria 4.0;MG;MG;2024-12-05;Pesquisa;5890577.26
1589;Projeto fictício 1589 - Indústria 4.0;MG;AM;2022-07-30;Validação;4946294.19
1590;Projeto fictício 1590 - Indústria 4.0;AM;PE;2023-11-18;Validação;5704126.85
1591;Projeto fictício 1591 - Agricultura;GO;CE;2023-05-03;Validação;2124255.97
1592;Projeto fictício 1592 - Saúde digital;PR;RJ;2026-05-02;Prototipagem;4852895.13
1593;Projeto fictício 1593 - Biotecnologia;AM;SP;2021-03-20;Pesquisa;3581902.17
1594;Projeto fictício 1594 - Saúde digital;AM;AC;2022-08-11;Validação;752034.00
1595;Projeto fictício 1595 - Agricultura;SP;DF;2022-06-25;Pesquisa;384989.21
1596;Projeto fictício 1596 - Energia limpa;RS;BA;2026-02-23;Desenvolvimento;5883662.46
1597;Projeto fictício 1597 - Indústria 4.0;AM;AC;2021-10-04;Concluído;1927022.89
1598;Projeto fictício 1598 - Agricultura;RJ;SP;2025-03-07;Validação;5339050.04
1599;Projeto fictício 1599 - Agricultura;AC;GO;2021-01-26;Concluído;4681452.01
1600;Projeto fictício 1600 - Agricultura;CE;CE;2024-10-11;Prototipagem;4629774.65
1601;Projeto fictício 1601 - Indústria 4.0;PR;MG;2021-01-16;Concluído;1310892.25
1602;Projeto fictício 1602 - Indústria 4.0;DF;AM;2024-07-21;Validação;5487096.23
1603;Projeto fictício 1603 - Biotecnologia;RS;AM;2023-04-28;Validação;2493068.86
1604;Projeto fictício 1604 - Energia limpa;RJ;PR;2021-02-14;Pesquisa;5086682.20
1605;Projeto fictício 1605 - Saúde digital;CE;PR;2022-12-13;Prototipagem;846675.26
1606;Projeto fictício 1606 - Energia limpa;DF;AC;2022-04-17;Concluído;4944735.68
1607;Projeto fictício 1607 - Indústria 4.0;RJ;CE;2024-11-07;Desenvolvimento;3123833.57
1608;Projeto fictício 1608 - Energia limpa;SP;AM;2021-01-17;Concluído;5383887.06
1609;Projeto fictício 1609 - Saúde digital;RJ;PR;2024-09-09;Validação;2849922.10
1610;Projeto fictício 1610 - Agricultura;CE;RS;2024-09-27;Validação;5235894.52
1611;Projeto fictício 1611 - Energia limpa;PE;AM;2024-01-29;Prototipagem;750172.56
1612;Projeto fictício 1612 - Energia limpa;GO;DF;2024-06-24;Prototipagem;4384143.36
1613;Projeto fictício 1613 - Agricultura;GO;DF;2021-08-15;Desenvolvimento;605468.24
1614;Projeto fictício 1614 - Biotecnologia;CE;GO;2026-08-02;Pesquisa;2480696.99
1615;Projeto fictício 1615 - Biotecnologia;RJ;AC;2024-11-30;Pesquisa;984695.60
1616;Projeto fictício 1616 - Indústria 4.0;CE;SP;2021-02-25;Pesquisa;4278322.26
1617;Projeto fictício 1617 - Indústria 4.0;GO;GO;2024-08-01;Prototipagem;3648514.76
1618;Projeto fictício 1618 - Agricultura;MG;PR;2023-08-25;Concluído;1357242.77
1619;Projeto fictício 1619 - Biotecnologia;CE;AC;2026-05-10;Prototipagem;986336.59
1620;Projeto fictício 1620 - Biotecnologia;RS;AC;2021-02-07;Desenvolvimento;2025167.51
1621;Projeto fictício 1621 - Agricultura;BA;CE;2024-02-05;Pesquisa;2417429.55
1622;Projeto fictício 1622 - Indústria 4.0;CE;SP;2025-03-30;Pesquisa;1549761.04
1623;Projeto fictício 1623 - Biotecnologia;GO;BA;2022-03-04;Desenvolvimento;584413.85
1624;Projeto fictício 1624 - Energia limpa;AC;GO;2025-09-26;Concluído;361781.41
1625;Projeto fictício 1625 - Energia limpa;CE;CE;2025-12-06;Prototipagem;284482.76
1626;Projeto fictício 1626 - Energia limpa;CE;RJ;2021-12-07;Desenvolvimento;2837938.69
1627;Projeto fictício 1627 - Biotecnologia;PR;BA;2026-07-18;Prototipagem;3925953.61
1628;Projeto fictício 1628 - Energia limpa;GO;AM;2023-12-18;Concluído;2000380.75
1629;Projeto fictício 1629 - Indústria 4.0;GO;MG;2024-02-29;Desenvolvimento;2744418.16
1630;Projeto fictício 1630 - Biotecnologia;PE;DF;2024-11-06;Validação;306812.22
1631;Projeto fictício 1631 - Energia limpa;AM;AM;2025-03-08;Validação;836770.90
1632;Projeto fictício 1632 - Energia limpa;DF;PE;2025-05-05;Concluído;941857.67
1633;Projeto fictício 1633 - Indústria 4.0;PE;DF;2024-03-01;Prototipagem;4379765.84
1634;Projeto fictício 1634 - Indústria 4.0;MG;PE;2024-02-16;Validação;1756349.81
1635;Projeto fictício 1635 - Biotecnologia;RS;GO;2024-02-01;Prototipagem;4763218.73
1636;Projeto fictício 1636 - Energia limpa;PR;BA;2025-01-08;Concluído;2022115.24
1637;Projeto fictício 1637 - Indústria 4.0;RJ;PR;2021-04-22;Desenvolvimento;3575065.83
1638;Projeto fictício 1638 - Energia limpa;AC;GO;2021-11-14;Validação;3926066.40
1639;Projeto fictício 1639 - Indústria 4.0;BA;GO;2022-08-20;Validação;5482887.60
1640;Projeto fictício 1640 - Agricultura;RJ;SP;2023-11-27;Desenvolvimento;2126644.97
1641;Projeto fictício 1641 - Energia limpa;RS;GO;2022-12-03;Desenvolvimento;3953600.10
1642;Projeto fictício 1642 - Agricultura;PR;PE;2024-07-31;Prototipagem;3403672.80
1643;Projeto fictício 1643 - Indústria 4.0;PE;CE;2025-11-14;Concluído;238335.96
1644;Projeto fictício 1644 - Energia limpa;CE;MG;2024-12-11;Desenvolvimento;1313059.43
1645;Projeto fictício 1645 - Saúde digital;MG;RS;2023-06-16;Pesquisa;1505390.08
1646;Projeto fictício 1646 - Energia limpa;DF;PE;2025-06-09;Pesquisa;2034084.23
1647;Projeto fictício 1647 - Saúde digital;PE;DF;2022-04-04;Pesquisa;983795.51
1648;Projeto fictício 1648 - Saúde digital;BA;DF;2021-10-30;Pesquisa;2523060.27
1649;Projeto fictício 1649 - Saúde digital;SP;DF;2023-07-28;Desenvolvimento;881990.03
1650;Projeto fictício 1650 - Biotecnologia;MG;AC;2022-03-05;Prototipagem;3280079.81
1651;Projeto fictício 1651 - Agricultura;AC;PE;2023-05-10;Concluído;5663655.56
1652;Projeto fictício 1652 - Biotecnologia;PE;BA;2026-05-10;Pesquisa;4593416.84
1653;Projeto fictício 1653 - Indústria 4.0;SP;RJ;2024-12-06;Validação;3725642.96
1654;Projeto fictício 1654 - Indústria 4.0;PE;AC;2024-12-04;Concluído;5453223.98
1655;Projeto fictício 1655 - Indústria 4.0;DF;GO;2022-05-11;Validação;3719903.87
1656;Projeto fictício 1656 - Agricultura;BA;MG;2026-05-30;Prototipagem;2261809.35
1657;Projeto fictício 1657 - Agricultura;AC;PE;2022-02-20;Concluído;5409564.47
1658;Projeto fictício 1658 - Energia limpa;GO;BA;2024-06-11;Desenvolvimento;3999674.71
1659;Projeto fictício 1659 - Agricultura;AC;AM;2023-03-27;Concluído;1433215.65
1660;Projeto fictício 1660 - Indústria 4.0;AM;SP;2023-07-31;Validação;5905006.72
1661;Projeto fictício 1661 - Indústria 4.0;RJ;SP;2022-08-09;Pesquisa;3713237.41
1662;Projeto fictício 1662 - Biotecnologia;CE;GO;2021-09-20;Prototipagem;3548733.33
1663;Projeto fictício 1663 - Saúde digital;BA;RS;2026-08-05;Desenvolvimento;256212.15
1664;Projeto fictício 1664 - Saúde digital;MG;PR;2021-11-12;Desenvolvimento;2360248.51
1665;Projeto fictício 1665 - Saúde digital;RS;PE;2025-08-23;Validação;2631794.12
1666;Projeto fictício 1666 - Saúde digital;GO;GO;2021-08-02;Concluído;4848636.93
1667;Projeto fictício 1667 - Agricultura;BA;BA;2021-11-04;Prototipagem;1681199.03
1668;Projeto fictício 1668 - Indústria 4.0;RJ;MG;2022-06-22;Validação;5599012.39
1669;Projeto fictício 1669 - Agricultura;MG;SP;2023-03-13;Concluído;5904894.96
1670;Projeto fictício 1670 - Indústria 4.0;PE;MG;2025-01-16;Concluído;2487360.13
1671;Projeto fictício 1671 - Biotecnologia;MG;AC;2024-12-21;Concluído;3717291.36
1672;Projeto fictício 1672 - Energia limpa;PE;SP;2022-11-13;Prototipagem;3594367.06
1673;Projeto fictício 1673 - Biotecnologia;SP;BA;2021-07-10;Pesquisa;1511375.88
1674;Projeto fictício 1674 - Indústria 4.0;MG;SP;2023-05-29;Concluído;1268600.11
1675;Projeto fictício 1675 - Saúde digital;MG;CE;2022-06-12;Validação;611376.32
1676;Projeto fictício 1676 - Energia limpa;AM;CE;2025-09-27;Pesquisa;5818746.97
1677;Projeto fictício 1677 - Energia limpa;PE;DF;2022-03-27;Validação;5770773.58
1678;Projeto fictício 1678 - Agricultura;SP;MG;2024-08-05;Validação;3664873.23
1679;Projeto fictício 1679 - Energia limpa;CE;BA;2026-09-16;Concluído;5688805.04
1680;Projeto fictício 1680 - Saúde digital;RJ;PR;2023-03-31;Pesquisa;3124467.99
1681;Projeto fictício 1681 - Saúde digital;AC;RS;2022-10-02;Desenvolvimento;2533099.44
1682;Projeto fictício 1682 - Indústria 4.0;PE;PR;2026-02-05;Pesquisa;4655506.84
1683;Projeto fictício 1683 - Biotecnologia;RS;PR;2023-04-26;Concluído;4517281.35
1684;Projeto fictício 1684 - Energia limpa;CE;CE;2024-05-24;Pesquisa;91213.57
1685;Projeto fictício 1685 - Agricultura;PR;PR;2023-11-25;Concluído;3736476.45
1686;Projeto fictício 1686 - Energia limpa;PR;PE;2025-02-06;Pesquisa;2347049.46
1687;Projeto fictício 1687 - Biotecnologia;CE;GO;2023-04-16;Desenvolvimento;4619932.89
1688;Projeto fictício 1688 - Agricultura;BA;RJ;2021-01-19;Pesquisa;4777137.52
1689;Projeto fictício 1689 - Indústria 4.0;SP;RJ;2026-03-02;Prototipagem;335890.52
1690;Projeto fictício 1690 - Indústria 4.0;PR;MG;2025-09-20;Concluído;1867951.30
1691;Projeto fictício 1691 - Agricultura;RJ;AC;2026-08-06;Pesquisa;5363099.69
1692;Projeto fictício 1692 - Energia limpa;DF;RS;2024-01-27;Desenvolvimento;5697824.23
1693;Projeto fictício 1693 - Biotecnologia;AM;RS;2024-12-01;Prototipagem;716421.48
1694;Projeto fictício 1694 - Biotecnologia;GO;RJ;2023-03-27;Pesquisa;1134145.28
1695;Projeto fictício 1695 - Agricultura;SP;CE;2023-03-26;Concluído;5934077.70
1696;Projeto fictício 1696 - Biotecnologia;AC;AM;2022-10-21;Prototipagem;607870.75
1697;Projeto fictício 1697 - Saúde digital;BA;DF;2021-10-09;Pesquisa;3437204.02
1698;Projeto fictício 1698 - Saúde digital;MG;AC;2025-09-26;Concluído;4502860.18
1699;Projeto fictício 1699 - Agricultura;RJ;SP;2023-02-17;Pesquisa;2749014.55
1700;Projeto fictício 1700 - Saúde digital;PR;DF;2026-05-12;Prototipagem;1146350.49
1701;Projeto fictício 1701 - Agricultura;CE;AC;2024-08-19;Concluído;1638215.90
1702;Projeto fictício 1702 - Energia limpa;GO;RS;2024-07-22;Pesquisa;4046041.39
1703;Projeto fictício 1703 - Biotecnologia;CE;SP;2025-08-14;Prototipagem;3004126.97
1704;Projeto fictício 1704 - Agricultura;PR;RJ;2021-12-11;Validação;3062691.08
1705;Projeto fictício 1705 - Indústria 4.0;RS;GO;2026-02-01;Pesquisa;3456368.64
1706;Projeto fictício 1706 - Energia limpa;BA;SP;2024-08-21;Prototipagem;5952387.31
1707;Projeto fictício 1707 - Agricultura;RJ;PR;2026-01-13;Concluído;3814550.57
1708;Projeto fictício 1708 - Biotecnologia;CE;SP;2021-05-15;Desenvolvimento;1557731.45
1709;Projeto fictício 1709 - Biotecnologia;SP;PE;2023-07-08;Pesquisa;3193635.29
1710;Projeto fictício 1710 - Energia limpa;RS;BA;2026-02-16;Pesquisa;1639468.46
1711;Projeto fictício 1711 - Agricultura;BA;CE;2024-03-12;Pesquisa;311392.77
1712;Projeto fictício 1712 - Saúde digital;GO;SP;2026-07-10;Desenvolvimento;768460.88
1713;Projeto fictício 1713 - Biotecnologia;CE;AM;2024-09-14;Prototipagem;2332109.77
1714;Projeto fictício 1714 - Energia limpa;MG;SP;2021-07-13;Concluído;864288.41
1715;Projeto fictício 1715 - Energia limpa;DF;SP;2021-12-17;Pesquisa;2381519.63
1716;Projeto fictício 1716 - Biotecnologia;CE;RJ;2026-01-11;Desenvolvimento;1646806.48
1717;Projeto fictício 1717 - Agricultura;AC;RS;2023-08-20;Pesquisa;238986.42
1718;Projeto fictício 1718 - Energia limpa;RS;CE;2023-06-11;Validação;634608.98
1719;Projeto fictício 1719 - Energia limpa;MG;CE;2026-07-16;Prototipagem;3092141.01
1720;Projeto fictício 1720 - Energia limpa;PR;PE;2024-06-28;Pesquisa;4031487.01
1721;Projeto fictício 1721 - Agricultura;GO;MG;2022-05-20;Pesquisa;5630328.54
1722;Projeto fictício 1722 - Energia limpa;GO;GO;2025-05-26;Desenvolvimento;1523431.48
1723;Projeto fictício 1723 - Energia limpa;PE;GO;2024-01-14;Prototipagem;4734691.55
1724;Projeto fictício 1724 - Saúde digital;GO;BA;2024-04-12;Desenvolvimento;5942745.70
1725;Projeto fictício 1725 - Biotecnologia;AC;RS;2023-11-06;Validação;5452545.39
1726;Projeto fictício 1726 - Saúde digital;MG;SP;2021-02-02;Validação;3647070.16
1727;Projeto fictício 1727 - Indústria 4.0;GO;RJ;2022-11-29;Concluído;2262620.46
1728;Projeto fictício 1728 - Saúde digital;PR;AM;2023-08-20;Pesquisa;2786972.89
1729;Projeto fictício 1729 - Saúde digital;PE;RS;2022-06-11;Desenvolvimento;3213298.16
1730;Projeto fictício 1730 - Saúde digital;SP;SP;2023-02-23;Pesquisa;4864241.04
1731;Projeto fictício 1731 - Agricultura;RJ;AM;2023-09-24;Desenvolvimento;948863.79
1732;Projeto fictício 1732 - Agricultura;PR;RJ;2025-11-30;Prototipagem;5781684.97
1733;Projeto fictício 1733 - Saúde digital;CE;MG;2021-10-07;Pesquisa;2900820.42
1734;Projeto fictício 1734 - Indústria 4.0;PR;MG;2026-05-07;Prototipagem;2208585.68
1735;Projeto fictício 1735 - Indústria 4.0;PE;RJ;2022-01-05;Desenvolvimento;3690797.25
1736;Projeto fictício 1736 - Energia limpa;RJ;PE;2022-06-03;Validação;4655912.20
1737;Projeto fictício 1737 - Saúde digital;CE;RS;2024-03-30;Concluído;3259972.73
1738;Projeto fictício 1738 - Indústria 4.0;AC;GO;2021-05-23;Prototipagem;2297440.16
1739;Projeto fictício 1739 - Indústria 4.0;PR;DF;2021-09-27;Desenvolvimento;3701056.86
1740;Projeto fictício 1740 - Biotecnologia;RJ;PE;2024-07-30;Concluído;4762471.30
1741;Projeto fictício 1741 - Energia limpa;SP;PE;2023-08-03;Desenvolvimento;162663.06
1742;Projeto fictício 1742 - Biotecnologia;MG;PE;2024-01-04;Desenvolvimento;3976470.61
1743;Projeto fictício 1743 - Saúde digital;CE;DF;2021-02-27;Prototipagem;3684354.46
1744;Projeto fictício 1744 - Indústria 4.0;GO;MG;2023-05-28;Desenvolvimento;5429790.04
1745;Projeto fictício 1745 - Saúde digital;GO;BA;2021-04-01;Concluído;372031.71
1746;Projeto fictício 1746 - Saúde digital;DF;AM;2021-02-27;Desenvolvimento;1897714.68
1747;Projeto fictício 1747 - Indústria 4.0;RS;RJ;2021-09-18;Prototipagem;578226.93
1748;Projeto fictício 1748 - Saúde digital;PR;AC;2026-07-18;Validação;1632415.70
1749;Projeto fictício 1749 - Energia limpa;BA;RS;2021-03-10;Validação;5086635.27
1750;Projeto fictício 1750 - Agricultura;MG;BA;2021-06-09;Desenvolvimento;3756452.79
1751;Projeto fictício 1751 - Energia limpa;PE;SP;2024-07-22;Pesquisa;996430.20
1752;Projeto fictício 1752 - Energia limpa;PR;GO;2021-02-17;Validação;3128742.84
1753;Projeto fictício 1753 - Indústria 4.0;RS;MG;2023-02-17;Prototipagem;1243165.83
1754;Projeto fictício 1754 - Indústria 4.0;AC;SP;2022-10-18;Validação;1334046.88
1755;Projeto fictício 1755 - Indústria 4.0;AC;PE;2025-09-18;Pesquisa;1516343.07
1756;Projeto fictício 1756 - Indústria 4.0;CE;PE;2022-09-28;Concluído;4281617.21
1757;Projeto fictício 1757 - Indústria 4.0;AM;BA;2023-11-17;Prototipagem;3296546.25
1758;Projeto fictício 1758 - Indústria 4.0;RJ;PR;2025-04-01;Prototipagem;5511414.50
1759;Projeto fictício 1759 - Biotecnologia;GO;SP;2025-07-10;Pesquisa;4169120.16
1760;Projeto fictício 1760 - Energia limpa;BA;GO;2023-08-09;Concluído;5466775.52
1761;Projeto fictício 1761 - Biotecnologia;MG;CE;2022-04-24;Pesquisa;4273200.52
1762;Projeto fictício 1762 - Energia limpa;AM;RS;2023-11-01;Concluído;696324.31
1763;Projeto fictício 1763 - Saúde digital;RJ;MG;2026-03-13;Validação;998848.86
1764;Projeto fictício 1764 - Agricultura;BA;AC;2025-06-06;Prototipagem;1330946.97
1765;Projeto fictício 1765 - Energia limpa;SP;PE;2022-05-02;Prototipagem;5000005.05
1766;Projeto fictício 1766 - Biotecnologia;CE;PR;2022-05-23;Desenvolvimento;1326676.11
1767;Projeto fictício 1767 - Biotecnologia;RJ;PR;2026-09-10;Concluído;4787472.32
1768;Projeto fictício 1768 - Saúde digital;AM;GO;2023-09-04;Validação;721135.82
1769;Projeto fictício 1769 - Biotecnologia;AM;PR;2025-06-01;Pesquisa;2782507.29
1770;Projeto fictício 1770 - Saúde digital;RJ;GO;2026-05-27;Pesquisa;83806.94
1771;Projeto fictício 1771 - Biotecnologia;RS;RJ;2021-01-11;Validação;2074765.05
1772;Projeto fictício 1772 - Energia limpa;CE;PR;2023-10-04;Concluído;801471.23
1773;Projeto fictício 1773 - Indústria 4.0;DF;GO;2022-10-25;Concluído;1942476.11
1774;Projeto fictício 1774 - Energia limpa;DF;AC;2022-10-12;Pesquisa;1125503.33
1775;Projeto fictício 1775 - Biotecnologia;GO;MG;2024-10-24;Desenvolvimento;1308162.98
1776;Projeto fictício 1776 - Indústria 4.0;CE;DF;2026-01-14;Pesquisa;2059175.64
1777;Projeto fictício 1777 - Indústria 4.0;AC;PE;2023-10-12;Validação;5943326.13
1778;Projeto fictício 1778 - Agricultura;BA;GO;2022-03-04;Pesquisa;422435.07
1779;Projeto fictício 1779 - Biotecnologia;RS;RJ;2024-10-06;Concluído;1786958.40
1780;Projeto fictício 1780 - Agricultura;PE;RS;2026-01-05;Desenvolvimento;2908599.70
1781;Projeto fictício 1781 - Energia limpa;MG;DF;2024-02-15;Validação;1454011.23
1782;Projeto fictício 1782 - Agricultura;RJ;RJ;2022-12-23;Desenvolvimento;1554730.37
1783;Projeto fictício 1783 - Indústria 4.0;DF;RS;2023-02-27;Concluído;586099.72
1784;Projeto fictício 1784 - Saúde digital;AM;SP;2026-01-06;Desenvolvimento;1028725.56
1785;Projeto fictício 1785 - Agricultura;AC;PR;2024-01-17;Concluído;1951074.88
1786;Projeto fictício 1786 - Agricultura;SP;AC;2026-03-11;Prototipagem;321437.20
1787;Projeto fictício 1787 - Saúde digital;AM;PR;2026-06-30;Desenvolvimento;168218.98
1788;Projeto fictício 1788 - Biotecnologia;SP;GO;2022-10-02;Desenvolvimento;838318.09
1789;Projeto fictício 1789 - Agricultura;CE;CE;2021-11-29;Pesquisa;4559236.67
1790;Projeto fictício 1790 - Energia limpa;RS;CE;2025-10-24;Concluído;4503621.74
1791;Projeto fictício 1791 - Energia limpa;PE;DF;2025-02-21;Desenvolvimento;3250803.44
1792;Projeto fictício 1792 - Indústria 4.0;CE;PR;2023-01-22;Concluído;4474758.11
1793;Projeto fictício 1793 - Energia limpa;GO;PR;2021-11-30;Prototipagem;1948696.42
1794;Projeto fictício 1794 - Energia limpa;DF;MG;2024-08-11;Concluído;3688221.09
1795;Projeto fictício 1795 - Energia limpa;SP;PR;2025-12-18;Prototipagem;4225079.07
1796;Projeto fictício 1796 - Biotecnologia;PE;DF;2026-09-24;Pesquisa;1129776.61
1797;Projeto fictício 1797 - Agricultura;RS;PE;2022-03-10;Validação;2688758.73
1798;Projeto fictício 1798 - Energia limpa;AC;DF;2021-12-02;Pesquisa;3336171.12
1799;Projeto fictício 1799 - Indústria 4.0;SP;RJ;2024-10-06;Prototipagem;3480287.14
1800;Projeto fictício 1800 - Energia limpa;PE;AC;2022-05-12;Validação;1792667.15
1801;Projeto fictício 1801 - Energia limpa;PR;AM;2025-04-17;Prototipagem;203416.19
1802;Projeto fictício 1802 - Biotecnologia;DF;RS;2023-11-07;Pesquisa;3012026.76
1803;Projeto fictício 1803 - Energia limpa;MG;AM;2022-07-27;Desenvolvimento;1710898.69
1804;Projeto fictício 1804 - Indústria 4.0;RJ;DF;2025-03-15;Pesquisa;4655773.39
1805;Projeto fictício 1805 - Biotecnologia;RS;PE;2021-01-24;Desenvolvimento;3770130.45
1806;Projeto fictício 1806 - Energia limpa;RS;CE;2023-08-28;Concluído;5393316.21
1807;Projeto fictício 1807 - Biotecnologia;MG;PE;2021-04-27;Validação;3819711.95
1808;Projeto fictício 1808 - Energia limpa;DF;AC;2024-08-11;Desenvolvimento;5291772.92
1809;Projeto fictício 1809 - Energia limpa;CE;DF;2024-04-18;Pesquisa;3880975.71
1810;Projeto fictício 1810 - Saúde digital;PE;PR;2025-02-14;Prototipagem;4215748.42
1811;Projeto fictício 1811 - Saúde digital;GO;PE;2026-01-07;Desenvolvimento;201848.03
1812;Projeto fictício 1812 - Saúde digital;BA;MG;2022-12-03;Validação;1157438.48
1813;Projeto fictício 1813 - Indústria 4.0;PE;CE;2023-05-02;Pesquisa;3218145.84
1814;Projeto fictício 1814 - Energia limpa;AC;PE;2024-02-08;Prototipagem;2784741.11
1815;Projeto fictício 1815 - Energia limpa;DF;RS;2021-06-18;Concluído;103940.86
1816;Projeto fictício 1816 - Energia limpa;RS;DF;2025-07-05;Concluído;2381640.92
1817;Projeto fictício 1817 - Energia limpa;AC;BA;2021-04-29;Desenvolvimento;4846677.25
1818;Projeto fictício 1818 - Indústria 4.0;SP;AC;2024-05-10;Prototipagem;5267688.81
1819;Projeto fictício 1819 - Indústria 4.0;PE;MG;2022-02-21;Pesquisa;702645.68
1820;Projeto fictício 1820 - Indústria 4.0;CE;RJ;2025-05-31;Pesquisa;5780977.64
1821;Projeto fictício 1821 - Indústria 4.0;CE;DF;2023-10-01;Prototipagem;5477597.59
1822;Projeto fictício 1822 - Saúde digital;BA;MG;2024-05-17;Desenvolvimento;727729.56
1823;Projeto fictício 1823 - Agricultura;MG;CE;2024-03-22;Desenvolvimento;1366794.19
1824;Projeto fictício 1824 - Energia limpa;SP;SP;2025-11-06;Pesquisa;901783.07
1825;Projeto fictício 1825 - Indústria 4.0;PE;RJ;2024-06-02;Prototipagem;398169.63
1826;Projeto fictício 1826 - Indústria 4.0;AM;CE;2023-10-08;Validação;2970577.62
1827;Projeto fictício 1827 - Saúde digital;MG;BA;2026-06-01;Concluído;4971590.88
1828;Projeto fictício 1828 - Saúde digital;CE;DF;2025-05-05;Concluído;659287.17
1829;Projeto fictício 1829 - Biotecnologia;PE;CE;2021-10-09;Prototipagem;4599715.69
1830;Projeto fictício 1830 - Saúde digital;GO;RS;2024-09-18;Prototipagem;2173467.87
1831;Projeto fictício 1831 - Agricultura;SP;GO;2022-02-09;Prototipagem;5793138.99
1832;Projeto fictício 1832 - Biotecnologia;RS;GO;2021-04-27;Prototipagem;4235451.60
1833;Projeto fictício 1833 - Agricultura;SP;RS;2026-07-21;Desenvolvimento;2779070.47
1834;Projeto fictício 1834 - Indústria 4.0;RS;RS;2022-07-13;Validação;430291.83
1835;Projeto fictício 1835 - Agricultura;SP;MG;2025-11-27;Concluído;5764496.90
1836;Projeto fictício 1836 - Agricultura;BA;PR;2021-11-07;Prototipagem;3433719.80
1837;Projeto fictício 1837 - Biotecnologia;PE;PE;2026-08-17;Prototipagem;3709282.89
1838;Projeto fictício 1838 - Saúde digital;BA;AM;2022-01-16;Pesquisa;3108796.23
1839;Projeto fictício 1839 - Biotecnologia;GO;CE;2025-12-06;Prototipagem;903384.54
1840;Projeto fictício 1840 - Indústria 4.0;PR;DF;2025-02-06;Prototipagem;4214649.71
1841;Projeto fictício 1841 - Agricultura;CE;AM;2022-10-08;Desenvolvimento;2579999.04
1842;Projeto fictício 1842 - Saúde digital;CE;MG;2023-11-05;Prototipagem;715325.46
1843;Projeto fictício 1843 - Saúde digital;SP;GO;2025-04-14;Concluído;1126946.41
1844;Projeto fictício 1844 - Agricultura;RJ;MG;2021-10-27;Concluído;5746220.28
1845;Projeto fictício 1845 - Energia limpa;DF;PE;2026-09-18;Concluído;4632585.46
1846;Projeto fictício 1846 - Energia limpa;BA;SP;2025-11-07;Prototipagem;1023935.11
1847;Projeto fictício 1847 - Energia limpa;RJ;RJ;2023-09-28;Desenvolvimento;2763174.37
1848;Projeto fictício 1848 - Saúde digital;BA;RS;2026-06-10;Concluído;562984.47
1849;Projeto fictício 1849 - Saúde digital;AC;GO;2023-12-14;Desenvolvimento;230480.37
1850;Projeto fictício 1850 - Biotecnologia;GO;PE;2023-04-21;Desenvolvimento;1829638.42
1851;Projeto fictício 1851 - Agricultura;MG;BA;2022-09-10;Validação;4123385.28
1852;Projeto fictício 1852 - Saúde digital;PE;RS;2025-10-18;Validação;650815.02
1853;Projeto fictício 1853 - Agricultura;AM;RJ;2023-09-08;Prototipagem;4724967.21
1854;Projeto fictício 1854 - Biotecnologia;PR;PE;2024-07-27;Desenvolvimento;30341.72
1855;Projeto fictício 1855 - Biotecnologia;AM;RJ;2024-05-07;Desenvolvimento;1360134.76
1856;Projeto fictício 1856 - Agricultura;AM;BA;2026-03-21;Validação;1092778.16
1857;Projeto fictício 1857 - Saúde digital;RJ;RJ;2022-02-25;Concluído;161540.93
1858;Projeto fictício 1858 - Energia limpa;GO;RJ;2022-09-30;Validação;1256390.09
1859;Projeto fictício 1859 - Indústria 4.0;MG;BA;2024-07-11;Prototipagem;5465192.35
1860;Projeto fictício 1860 - Biotecnologia;RJ;PE;2026-03-13;Pesquisa;5605603.98
1861;Projeto fictício 1861 - Indústria 4.0;PE;SP;2022-04-15;Concluído;2191200.45
1862;Projeto fictício 1862 - Indústria 4.0;PR;RJ;2023-05-29;Pesquisa;3229408.25
1863;Projeto fictício 1863 - Energia limpa;DF;GO;2025-12-05;Pesquisa;5012987.63
1864;Projeto fictício 1864 - Agricultura;PE;GO;2022-11-19;Pesquisa;2415599.74
1865;Projeto fictício 1865 - Agricultura;RJ;AM;2022-01-12;Concluído;1299590.44
1866;Projeto fictício 1866 - Energia limpa;MG;BA;2022-10-08;Validação;3585815.84
1867;Projeto fictício 1867 - Saúde digital;BA;BA;2023-12-20;Concluído;4954006.50
1868;Projeto fictício 1868 - Biotecnologia;GO;BA;2024-03-07;Desenvolvimento;3756830.11
1869;Projeto fictício 1869 - Agricultura;MG;DF;2021-11-11;Pesquisa;1508110.67
1870;Projeto fictício 1870 - Saúde digital;GO;RJ;2024-12-10;Desenvolvimento;3698387.41
1871;Projeto fictício 1871 - Indústria 4.0;PR;MG;2025-08-29;Prototipagem;3329344.27
1872;Projeto fictício 1872 - Saúde digital;CE;SP;2021-08-19;Desenvolvimento;1690032.41
1873;Projeto fictício 1873 - Saúde digital;GO;MG;2024-07-07;Pesquisa;4592643.68
1874;Projeto fictício 1874 - Biotecnologia;AC;PR;2021-10-18;Pesquisa;317256.90
1875;Projeto fictício 1875 - Biotecnologia;CE;RJ;2024-06-04;Validação;5820127.38
1876;Projeto fictício 1876 - Saúde digital;CE;DF;2024-08-27;Validação;3149026.03
1877;Projeto fictício 1877 - Agricultura;AM;PE;2021-05-22;Validação;2114393.48
1878;Projeto fictício 1878 - Agricultura;PE;MG;2026-06-30;Validação;4965299.18
1879;Projeto fictício 1879 - Energia limpa;PR;RS;2021-12-03;Concluído;223978.44
1880;Projeto fictício 1880 - Energia limpa;BA;MG;2022-11-15;Validação;887273.97
1881;Projeto fictício 1881 - Energia limpa;BA;RS;2023-09-05;Concluído;3138119.02
1882;Projeto fictício 1882 - Biotecnologia;PR;DF;2024-07-11;Concluído;2428519.14
1883;Projeto fictício 1883 - Energia limpa;RS;SP;2022-06-24;Concluído;844263.72
1884;Projeto fictício 1884 - Biotecnologia;BA;GO;2024-06-19;Validação;239170.12
1885;Projeto fictício 1885 - Agricultura;RJ;RS;2023-11-27;Concluído;5681154.08
1886;Projeto fictício 1886 - Biotecnologia;RJ;PR;2022-03-05;Validação;1605339.78
1887;Projeto fictício 1887 - Indústria 4.0;SP;PR;2026-07-30;Prototipagem;5246650.41
1888;Projeto fictício 1888 - Energia limpa;DF;BA;2025-06-20;Prototipagem;4943187.71
1889;Projeto fictício 1889 - Biotecnologia;PE;SP;2021-08-28;Desenvolvimento;1767057.30
1890;Projeto fictício 1890 - Agricultura;PR;AM;2025-10-03;Pesquisa;4346251.30
1891;Projeto fictício 1891 - Energia limpa;MG;AM;2021-10-31;Concluído;4814836.31
1892;Projeto fictício 1892 - Saúde digital;RS;AC;2026-03-26;Prototipagem;5222774.34
1893;Projeto fictício 1893 - Biotecnologia;AC;PE;2022-02-22;Prototipagem;5908876.65
1894;Projeto fictício 1894 - Saúde digital;AC;MG;2021-06-23;Validação;5078397.88
1895;Projeto fictício 1895 - Biotecnologia;GO;PE;2025-01-11;Pesquisa;1307537.79
1896;Projeto fictício 1896 - Indústria 4.0;RS;PR;2022-03-11;Prototipagem;762744.91
1897;Projeto fictício 1897 - Energia limpa;PE;PR;2022-09-01;Validação;4221742.65
1898;Projeto fictício 1898 - Saúde digital;RS;DF;2024-11-26;Prototipagem;5236684.59
1899;Projeto fictício 1899 - Biotecnologia;RS;BA;2026-07-13;Prototipagem;5914760.89
1900;Projeto fictício 1900 - Indústria 4.0;PR;PE;2022-11-10;Validação;3447312.95
1901;Projeto fictício 1901 - Agricultura;CE;AC;2023-04-05;Desenvolvimento;825086.07
1902;Projeto fictício 1902 - Energia limpa;MG;BA;2026-01-12;Concluído;1712819.66
1903;Projeto fictício 1903 - Energia limpa;RJ;PR;2023-05-08;Pesquisa;793238.13
1904;Projeto fictício 1904 - Indústria 4.0;RJ;AC;2023-02-07;Validação;577319.31
1905;Projeto fictício 1905 - Biotecnologia;DF;CE;2021-07-27;Pesquisa;4309265.47
1906;Projeto fictício 1906 - Biotecnologia;RJ;AC;2025-07-14;Pesquisa;1382746.21
1907;Projeto fictício 1907 - Energia limpa;BA;AC;2023-10-04;Pesquisa;4714139.59
1908;Projeto fictício 1908 - Indústria 4.0;SP;RJ;2022-03-21;Prototipagem;5956966.56
1909;Projeto fictício 1909 - Agricultura;RJ;AM;2023-09-15;Desenvolvimento;4982176.18
1910;Projeto fictício 1910 - Energia limpa;GO;PR;2023-03-11;Concluído;4927010.29
1911;Projeto fictício 1911 - Saúde digital;PR;RJ;2023-12-24;Prototipagem;5365444.40
1912;Projeto fictício 1912 - Biotecnologia;GO;PE;2021-05-30;Concluído;1221437.20
1913;Projeto fictício 1913 - Agricultura;AM;DF;2024-10-10;Concluído;1706892.71
1914;Projeto fictício 1914 - Agricultura;PE;BA;2025-02-22;Pesquisa;3971437.20
1915;Projeto fictício 1915 - Energia limpa;BA;CE;2024-12-01;Validação;883732.37
1916;Projeto fictício 1916 - Biotecnologia;GO;SP;2023-10-18;Desenvolvimento;4172691.39
1917;Projeto fictício 1917 - Saúde digital;PE;PE;2024-11-24;Pesquisa;4121726.97
1918;Projeto fictício 1918 - Biotecnologia;GO;PE;2024-04-09;Prototipagem;2690675.15
1919;Projeto fictício 1919 - Agricultura;CE;AM;2024-06-20;Prototipagem;818049.69
1920;Projeto fictício 1920 - Indústria 4.0;SP;MG;2026-09-14;Pesquisa;4509257.36
1921;Projeto fictício 1921 - Biotecnologia;MG;MG;2021-08-14;Concluído;3189623.84
1922;Projeto fictício 1922 - Biotecnologia;RS;AC;2024-02-26;Desenvolvimento;845847.53
1923;Projeto fictício 1923 - Agricultura;AM;DF;2023-11-12;Concluído;1960493.91
1924;Projeto fictício 1924 - Biotecnologia;BA;PR;2022-10-30;Prototipagem;1734799.84
1925;Projeto fictício 1925 - Energia limpa;PR;AM;2023-06-07;Validação;5745154.31
1926;Projeto fictício 1926 - Indústria 4.0;MG;GO;2023-12-11;Pesquisa;4205814.20
1927;Projeto fictício 1927 - Saúde digital;AM;AM;2022-09-24;Pesquisa;5803924.62
1928;Projeto fictício 1928 - Indústria 4.0;RJ;SP;2021-03-03;Validação;2517023.42
1929;Projeto fictício 1929 - Biotecnologia;BA;MG;2025-10-21;Desenvolvimento;2844596.86
1930;Projeto fictício 1930 - Energia limpa;SP;SP;2024-01-04;Concluído;3215686.15
1931;Projeto fictício 1931 - Indústria 4.0;RS;AM;2023-03-17;Concluído;117718.45
1932;Projeto fictício 1932 - Agricultura;RS;MG;2026-06-11;Validação;3589695.97
1933;Projeto fictício 1933 - Biotecnologia;AC;RS;2025-07-17;Prototipagem;3557225.32
1934;Projeto fictício 1934 - Indústria 4.0;RJ;MG;2022-06-07;Validação;5805886.11
1935;Projeto fictício 1935 - Energia limpa;GO;PE;2022-11-07;Prototipagem;3692448.98
1936;Projeto fictício 1936 - Agricultura;RS;RS;2025-12-16;Pesquisa;4804481.90
1937;Projeto fictício 1937 - Biotecnologia;RS;DF;2023-03-24;Validação;2809255.09
1938;Projeto fictício 1938 - Indústria 4.0;PE;GO;2022-04-06;Concluído;5677708.16
1939;Projeto fictício 1939 - Agricultura;BA;DF;2026-09-09;Desenvolvimento;2132607.25
1940;Projeto fictício 1940 - Indústria 4.0;MG;RS;2026-05-06;Concluído;1096438.44
1941;Projeto fictício 1941 - Agricultura;AC;SP;2024-12-10;Desenvolvimento;3417786.98
1942;Projeto fictício 1942 - Agricultura;AM;DF;2025-07-07;Validação;2010370.83
1943;Projeto fictício 1943 - Agricultura;AC;BA;2024-12-17;Pesquisa;3454029.09
1944;Projeto fictício 1944 - Saúde digital;PE;RS;2025-08-20;Prototipagem;3891282.65
1945;Projeto fictício 1945 - Biotecnologia;AC;RJ;2023-10-13;Desenvolvimento;3690082.05
1946;Projeto fictício 1946 - Indústria 4.0;RS;CE;2025-03-23;Pesquisa;1509033.58
1947;Projeto fictício 1947 - Agricultura;BA;RJ;2026-02-20;Prototipagem;857694.51
1948;Projeto fictício 1948 - Energia limpa;MG;AC;2024-01-04;Validação;3443675.08
1949;Projeto fictício 1949 - Indústria 4.0;CE;SP;2023-04-01;Prototipagem;1934753.31
1950;Projeto fictício 1950 - Indústria 4.0;PR;GO;2024-11-20;Validação;4669583.88
1951;Projeto fictício 1951 - Energia limpa;GO;SP;2022-08-06;Prototipagem;3983452.00
1952;Projeto fictício 1952 - Biotecnologia;SP;GO;2025-07-23;Prototipagem;4462679.07
1953;Projeto fictício 1953 - Agricultura;GO;BA;2021-11-16;Pesquisa;458937.32
1954;Projeto fictício 1954 - Indústria 4.0;GO;GO;2025-05-04;Prototipagem;4993861.88
1955;Projeto fictício 1955 - Biotecnologia;AC;CE;2022-10-19;Pesquisa;3057510.63
1956;Projeto fictício 1956 - Biotecnologia;GO;MG;2026-01-05;Validação;5539979.13
1957;Projeto fictício 1957 - Biotecnologia;BA;SP;2026-02-02;Prototipagem;2950613.24
1958;Projeto fictício 1958 - Agricultura;BA;DF;2023-10-08;Prototipagem;4718123.07
1959;Projeto fictício 1959 - Energia limpa;MG;PR;2025-09-06;Concluído;2378795.94
1960;Projeto fictício 1960 - Agricultura;AC;BA;2023-08-02;Desenvolvimento;4472898.45
1961;Projeto fictício 1961 - Energia limpa;RJ;MG;2021-11-20;Concluído;4440885.33
1962;Projeto fictício 1962 - Saúde digital;GO;AM;2022-09-27;Desenvolvimento;2497695.92
1963;Projeto fictício 1963 - Agricultura;PE;GO;2026-01-20;Concluído;3904981.42
1964;Projeto fictício 1964 - Agricultura;DF;RJ;2022-03-30;Concluído;3669515.85
1965;Projeto fictício 1965 - Saúde digital;DF;RS;2023-12-07;Prototipagem;5123970.94
1966;Projeto fictício 1966 - Biotecnologia;GO;BA;2025-04-20;Validação;484004.43
1967;Projeto fictício 1967 - Agricultura;PR;RJ;2025-12-28;Validação;79767.77
1968;Projeto fictício 1968 - Saúde digital;AC;RJ;2021-08-14;Concluído;1375789.21
1969;Projeto fictício 1969 - Saúde digital;PE;CE;2022-02-08;Desenvolvimento;5542405.08
1970;Projeto fictício 1970 - Saúde digital;MG;CE;2025-12-02;Desenvolvimento;3813839.71
1971;Projeto fictício 1971 - Indústria 4.0;PR;SP;2024-02-18;Prototipagem;1603101.17
1972;Projeto fictício 1972 - Biotecnologia;RJ;DF;2023-07-22;Desenvolvimento;4949477.96
1973;Projeto fictício 1973 - Indústria 4.0;AM;SP;2022-05-04;Concluído;3176323.74
1974;Projeto fictício 1974 - Saúde digital;BA;MG;2025-07-23;Pesquisa;4738946.33
1975;Projeto fictício 1975 - Energia limpa;AC;BA;2022-11-04;Validação;980928.24
1976;Projeto fictício 1976 - Agricultura;GO;RJ;2021-03-17;Concluído;4060869.76
1977;Projeto fictício 1977 - Biotecnologia;PE;BA;2025-04-22;Pesquisa;4263638.07
1978;Projeto fictício 1978 - Agricultura;DF;AC;2021-06-17;Validação;3014129.62
1979;Projeto fictício 1979 - Indústria 4.0;RS;MG;2026-05-12;Prototipagem;2248820.20
1980;Projeto fictício 1980 - Biotecnologia;MG;CE;2024-04-28;Pesquisa;2369702.73
1981;Projeto fictício 1981 - Biotecnologia;RJ;DF;2023-06-09;Desenvolvimento;1964086.90
1982;Projeto fictício 1982 - Energia limpa;PE;DF;2023-12-19;Pesquisa;1103095.25
1983;Projeto fictício 1983 - Indústria 4.0;DF;DF;2021-02-09;Pesquisa;4520423.15
1984;Projeto fictício 1984 - Agricultura;PE;RJ;2021-10-09;Desenvolvimento;1074907.47
1985;Projeto fictício 1985 - Indústria 4.0;RJ;RS;2021-06-01;Pesquisa;536866.03
1986;Projeto fictício 1986 - Energia limpa;SP;RS;2021-05-18;Pesquisa;594990.32
1987;Projeto fictício 1987 - Indústria 4.0;SP;AC;2021-07-11;Concluído;4164240.56
1988;Projeto fictício 1988 - Energia limpa;AC;GO;2021-01-02;Desenvolvimento;290593.26
1989;Projeto fictício 1989 - Agricultura;PE;RS;2025-12-29;Validação;3981396.97
1990;Projeto fictício 1990 - Indústria 4.0;RJ;BA;2025-06-11;Validação;2700281.56
1991;Projeto fictício 1991 - Agricultura;MG;AC;2024-09-14;Pesquisa;3882180.74
1992;Projeto fictício 1992 - Biotecnologia;SP;RS;2024-05-11;Desenvolvimento;1628675.51
1993;Projeto fictício 1993 - Saúde digital;RJ;MG;2023-06-09;Prototipagem;5088125.61
1994;Projeto fictício 1994 - Saúde digital;AC;RS;2023-03-28;Desenvolvimento;2497276.09
1995;Projeto fictício 1995 - Energia limpa;AC;RJ;2022-07-08;Desenvolvimento;5274630.31
1996;Projeto fictício 1996 - Biotecnologia;GO;CE;2025-09-26;Prototipagem;5620913.25
1997;Projeto fictício 1997 - Indústria 4.0;PR;AC;2021-07-04;Desenvolvimento;2523648.62
1998;Projeto fictício 1998 - Saúde digital;AM;BA;2025-08-12;Desenvolvimento;5817389.59
1999;Projeto fictício 1999 - Energia limpa;RS;MG;2025-10-04;Desenvolvimento;1432397.77
2000;Projeto fictício 2000 - Energia limpa;AM;GO;2025-01-12;Pesquisa;2346506.02
2001;Projeto fictício 2001 - Energia limpa;CE;RS;2022-03-18;Concluído;2093436.16
2002;Projeto fictício 2002 - Saúde digital;RJ;CE;2024-02-11;Prototipagem;4203863.02
2003;Projeto fictício 2003 - Energia limpa;RJ;PR;2024-09-22;Concluído;3666164.37
2004;Projeto fictício 2004 - Energia limpa;RJ;AM;2023-12-08;Validação;2522469.33
2005;Projeto fictício 2005 - Energia limpa;RJ;AC;2025-11-03;Validação;1480491.09
2006;Projeto fictício 2006 - Agricultura;AM;AC;2023-10-13;Validação;5663028.19
2007;Projeto fictício 2007 - Indústria 4.0;AC;CE;2023-10-27;Prototipagem;1650942.08
2008;Projeto fictício 2008 - Biotecnologia;PE;AM;2023-06-12;Pesquisa;2533079.59
2009;Projeto fictício 2009 - Biotecnologia;PR;CE;2021-11-26;Prototipagem;2996016.91
2010;Projeto fictício 2010 - Indústria 4.0;RS;PR;2025-09-10;Validação;263850.21
2011;Projeto fictício 2011 - Energia limpa;AM;GO;2024-05-11;Concluído;1539435.63
2012;Projeto fictício 2012 - Biotecnologia;AC;DF;2024-06-27;Prototipagem;1239728.23
2013;Projeto fictício 2013 - Energia limpa;RJ;BA;2025-02-17;Prototipagem;1965143.99
2014;Projeto fictício 2014 - Indústria 4.0;RS;PR;2024-12-06;Prototipagem;3242117.02
2015;Projeto fictício 2015 - Saúde digital;AM;GO;2022-08-29;Pesquisa;1102883.85
2016;Projeto fictício 2016 - Agricultura;SP;RS;2025-07-01;Validação;2453825.88
2017;Projeto fictício 2017 - Biotecnologia;DF;PE;2024-08-21;Pesquisa;5231135.88
2018;Projeto fictício 2018 - Agricultura;AC;MG;2024-06-18;Validação;686600.67
2019;Projeto fictício 2019 - Indústria 4.0;PR;MG;2022-09-09;Prototipagem;150460.42
2020;Projeto fictício 2020 - Energia limpa;AM;PE;2023-07-22;Pesquisa;5552192.55
2021;Projeto fictício 2021 - Saúde digital;CE;AC;2022-05-07;Pesquisa;1869858.32
2022;Projeto fictício 2022 - Indústria 4.0;RJ;PR;2023-04-20;Prototipagem;891817.81
2023;Projeto fictício 2023 - Energia limpa;BA;PR;2025-07-08;Concluído;2366542.95
2024;Projeto fictício 2024 - Biotecnologia;AC;AM;2025-05-19;Pesquisa;5672098.78
2025;Projeto fictício 2025 - Indústria 4.0;GO;BA;2023-09-23;Pesquisa;1844044.32
2026;Projeto fictício 2026 - Indústria 4.0;GO;GO;2021-12-26;Desenvolvimento;2081723.60
2027;Projeto fictício 2027 - Indústria 4.0;DF;PR;2021-09-27;Desenvolvimento;3884912.80
2028;Projeto fictício 2028 - Biotecnologia;CE;RS;2024-06-08;Prototipagem;1710326.54
2029;Projeto fictício 2029 - Biotecnologia;RJ;AM;2024-02-03;Concluído;5551235.15
2030;Projeto fictício 2030 - Biotecnologia;RS;PE;2021-09-25;Validação;4313738.65
2031;Projeto fictício 2031 - Saúde digital;AC;SP;2025-08-02;Prototipagem;5258083.95
2032;Projeto fictício 2032 - Agricultura;PR;CE;2023-01-18;Desenvolvimento;4898616.93
2033;Projeto fictício 2033 - Biotecnologia;BA;BA;2022-12-16;Pesquisa;2202052.10
2034;Projeto fictício 2034 - Saúde digital;SP;RJ;2025-01-01;Desenvolvimento;3551163.16
2035;Projeto fictício 2035 - Agricultura;CE;PE;2025-10-29;Validação;140154.13
2036;Projeto fictício 2036 - Agricultura;MG;AC;2024-08-22;Pesquisa;2208255.39
2037;Projeto fictício 2037 - Saúde digital;PE;MG;2023-06-19;Pesquisa;5619167.55
2038;Projeto fictício 2038 - Energia limpa;MG;SP;2023-07-15;Concluído;2935682.06
2039;Projeto fictício 2039 - Agricultura;SP;MG;2021-06-30;Pesquisa;3047517.86
2040;Projeto fictício 2040 - Indústria 4.0;AC;DF;2023-10-25;Desenvolvimento;5653082.80
2041;Projeto fictício 2041 - Biotecnologia;GO;SP;2023-04-02;Pesquisa;3893052.33
2042;Projeto fictício 2042 - Biotecnologia;PE;RJ;2025-09-24;Desenvolvimento;4163987.57
2043;Projeto fictício 2043 - Biotecnologia;RS;SP;2022-05-09;Desenvolvimento;4647978.24
2044;Projeto fictício 2044 - Saúde digital;RJ;RS;2023-06-18;Validação;5450265.78
2045;Projeto fictício 2045 - Agricultura;AM;MG;2024-07-03;Validação;4736887.92
2046;Projeto fictício 2046 - Indústria 4.0;DF;BA;2025-06-10;Prototipagem;5465056.17
2047;Projeto fictício 2047 - Agricultura;PE;MG;2024-12-04;Concluído;4213955.75
2048;Projeto fictício 2048 - Energia limpa;AM;AM;2025-12-13;Prototipagem;5469689.79
2049;Projeto fictício 2049 - Energia limpa;GO;AM;2024-01-29;Concluído;1716433.29
2050;Projeto fictício 2050 - Energia limpa;AC;PR;2021-01-22;Prototipagem;2423382.68
2051;Projeto fictício 2051 - Energia limpa;BA;PE;2024-12-21;Pesquisa;146298.52
2052;Projeto fictício 2052 - Saúde digital;PR;RJ;2023-03-12;Desenvolvimento;5584429.20
2053;Projeto fictício 2053 - Saúde digital;AM;PR;2022-04-22;Validação;5770768.28
2054;Projeto fictício 2054 - Agricultura;AM;DF;2023-02-19;Prototipagem;2695130.23
2055;Projeto fictício 2055 - Agricultura;RJ;AM;2024-04-29;Pesquisa;2975250.00
2056;Projeto fictício 2056 - Biotecnologia;PE;RJ;2021-04-12;Validação;2592503.83
2057;Projeto fictício 2057 - Biotecnologia;PR;AC;2022-08-19;Prototipagem;1869039.09
2058;Projeto fictício 2058 - Energia limpa;RS;CE;2022-03-15;Prototipagem;5004602.70
2059;Projeto fictício 2059 - Indústria 4.0;BA;DF;2023-07-21;Prototipagem;5379396.40
2060;Projeto fictício 2060 - Saúde digital;SP;MG;2023-06-07;Validação;5694081.47
2061;Projeto fictício 2061 - Agricultura;PR;PE;2021-07-16;Concluído;2292782.17
2062;Projeto fictício 2062 - Biotecnologia;PR;DF;2022-10-20;Pesquisa;4823864.00
2063;Projeto fictício 2063 - Biotecnologia;RJ;AC;2021-02-02;Validação;3657706.52
2064;Projeto fictício 2064 - Saúde digital;SP;DF;2024-01-01;Validação;3298249.58
2065;Projeto fictício 2065 - Indústria 4.0;BA;PE;2022-11-19;Desenvolvimento;1654444.41
2066;Projeto fictício 2066 - Indústria 4.0;GO;RS;2023-08-04;Concluído;1132314.23
2067;Projeto fictício 2067 - Indústria 4.0;PE;PE;2026-08-14;Pesquisa;5763639.49
2068;Projeto fictício 2068 - Indústria 4.0;AM;MG;2022-12-19;Validação;590481.31
2069;Projeto fictício 2069 - Indústria 4.0;MG;RS;2022-06-07;Prototipagem;482299.62
2070;Projeto fictício 2070 - Agricultura;CE;GO;2025-08-14;Validação;4979179.04
2071;Projeto fictício 2071 - Biotecnologia;BA;RS;2026-08-25;Prototipagem;3155310.70
2072;Projeto fictício 2072 - Biotecnologia;RS;SP;2022-03-10;Validação;3102132.68
2073;Projeto fictício 2073 - Biotecnologia;AC;PR;2021-07-25;Prototipagem;1146753.07
2074;Projeto fictício 2074 - Agricultura;PR;AC;2024-04-01;Desenvolvimento;870039.07
2075;Projeto fictício 2075 - Saúde digital;MG;MG;2026-08-11;Concluído;4269349.16
2076;Projeto fictício 2076 - Saúde digital;RJ;GO;2021-10-19;Desenvolvimento;1059221.48
2077;Projeto fictício 2077 - Indústria 4.0;PR;CE;2025-05-25;Desenvolvimento;1480890.69
2078;Projeto fictício 2078 - Indústria 4.0;MG;PR;2023-08-06;Validação;1480459.76
2079;Projeto fictício 2079 - Energia limpa;MG;RS;2023-07-11;Validação;1279684.63
2080;Projeto fictício 2080 - Agricultura;RS;RS;2025-01-12;Desenvolvimento;4738948.44
2081;Projeto fictício 2081 - Energia limpa;PE;RJ;2024-08-25;Desenvolvimento;1253965.88
2082;Projeto fictício 2082 - Biotecnologia;AC;CE;2025-11-30;Desenvolvimento;4703010.68
2083;Projeto fictício 2083 - Indústria 4.0;BA;MG;2024-05-05;Concluído;4437126.45
2084;Projeto fictício 2084 - Indústria 4.0;SP;GO;2022-01-22;Concluído;1395046.89
2085;Projeto fictício 2085 - Agricultura;GO;PE;2023-11-28;Pesquisa;5609257.45
2086;Projeto fictício 2086 - Biotecnologia;PE;AC;2026-08-28;Validação;4327047.99
2087;Projeto fictício 2087 - Energia limpa;AM;DF;2023-05-10;Prototipagem;4572103.03
2088;Projeto fictício 2088 - Indústria 4.0;AC;BA;2026-09-13;Prototipagem;2054566.30
2089;Projeto fictício 2089 - Indústria 4.0;AM;PE;2022-02-16;Concluído;3961137.57
2090;Projeto fictício 2090 - Indústria 4.0;DF;PR;2026-01-03;Concluído;4883748.64
2091;Projeto fictício 2091 - Indústria 4.0;RJ;RS;2026-05-13;Validação;1343133.65
2092;Projeto fictício 2092 - Saúde digital;RJ;AC;2024-11-11;Validação;2394487.56
2093;Projeto fictício 2093 - Saúde digital;DF;PR;2022-08-25;Validação;2940893.69
2094;Projeto fictício 2094 - Indústria 4.0;DF;SP;2021-11-21;Desenvolvimento;1048434.62
2095;Projeto fictício 2095 - Agricultura;PR;AM;2021-07-01;Prototipagem;5135107.67
2096;Projeto fictício 2096 - Saúde digital;SP;PR;2025-07-01;Concluído;1165311.54
2097;Projeto fictício 2097 - Saúde digital;PE;PR;2025-07-03;Concluído;4381436.83
2098;Projeto fictício 2098 - Indústria 4.0;MG;GO;2025-03-01;Pesquisa;1050324.92
2099;Projeto fictício 2099 - Agricultura;AC;MG;2024-02-27;Desenvolvimento;1578835.59
2100;Projeto fictício 2100 - Saúde digital;PR;GO;2024-04-09;Validação;5226134.47
2101;Projeto fictício 2101 - Agricultura;AM;RS;2024-04-07;Prototipagem;4848645.07
2102;Projeto fictício 2102 - Indústria 4.0;GO;CE;2021-12-18;Prototipagem;5476044.82
2103;Projeto fictício 2103 - Biotecnologia;SP;RJ;2021-12-04;Desenvolvimento;4424037.80
2104;Projeto fictício 2104 - Energia limpa;RS;AC;2023-10-23;Concluído;3298389.76
2105;Projeto fictício 2105 - Saúde digital;PE;DF;2025-01-05;Concluído;4158617.53
2106;Projeto fictício 2106 - Energia limpa;RS;GO;2025-08-04;Concluído;1709707.78
2107;Projeto fictício 2107 - Indústria 4.0;MG;AC;2023-01-15;Pesquisa;2218399.84
2108;Projeto fictício 2108 - Agricultura;MG;MG;2024-02-28;Desenvolvimento;2400961.41
2109;Projeto fictício 2109 - Energia limpa;BA;GO;2023-02-25;Prototipagem;2291740.17
2110;Projeto fictício 2110 - Energia limpa;CE;RS;2021-10-27;Desenvolvimento;5561450.41
2111;Projeto fictício 2111 - Biotecnologia;CE;RS;2024-05-10;Desenvolvimento;3322645.46
2112;Projeto fictício 2112 - Saúde digital;RS;CE;2024-10-04;Concluído;4403604.25
2113;Projeto fictício 2113 - Saúde digital;PE;AM;2022-02-03;Desenvolvimento;4348371.60
2114;Projeto fictício 2114 - Saúde digital;AM;PR;2026-04-19;Concluído;4398356.32
2115;Projeto fictício 2115 - Biotecnologia;PE;PE;2021-10-27;Validação;3003627.37
2116;Projeto fictício 2116 - Agricultura;BA;AM;2021-07-10;Prototipagem;5020875.46
2117;Projeto fictício 2117 - Biotecnologia;SP;GO;2026-07-13;Prototipagem;410746.47
2118;Projeto fictício 2118 - Energia limpa;BA;RJ;2022-10-07;Concluído;4003498.85
2119;Projeto fictício 2119 - Biotecnologia;CE;AC;2026-08-11;Desenvolvimento;1696297.92
2120;Projeto fictício 2120 - Agricultura;PE;SP;2022-09-17;Concluído;4937684.31
2121;Projeto fictício 2121 - Saúde digital;CE;RJ;2022-09-12;Prototipagem;1163370.41
2122;Projeto fictício 2122 - Indústria 4.0;BA;MG;2024-02-18;Validação;4502650.63
2123;Projeto fictício 2123 - Biotecnologia;GO;PE;2025-10-25;Prototipagem;968370.55
2124;Projeto fictício 2124 - Agricultura;PE;RS;2022-04-07;Prototipagem;1552288.80
2125;Projeto fictício 2125 - Indústria 4.0;DF;MG;2025-02-13;Prototipagem;3506761.97
2126;Projeto fictício 2126 - Energia limpa;PE;PR;2022-02-25;Validação;4271294.55
2127;Projeto fictício 2127 - Biotecnologia;PE;AC;2022-02-20;Prototipagem;4589083.26
2128;Projeto fictício 2128 - Energia limpa;PR;AM;2022-04-07;Validação;1965283.01
2129;Projeto fictício 2129 - Indústria 4.0;CE;RS;2024-09-12;Pesquisa;2232944.28
2130;Projeto fictício 2130 - Saúde digital;RJ;RS;2022-03-09;Prototipagem;1003951.33
2131;Projeto fictício 2131 - Energia limpa;CE;CE;2025-04-19;Pesquisa;654569.42
2132;Projeto fictício 2132 - Indústria 4.0;AC;AM;2023-06-17;Prototipagem;5218037.94
2133;Projeto fictício 2133 - Biotecnologia;SP;RS;2021-06-07;Pesquisa;1925493.77
2134;Projeto fictício 2134 - Agricultura;CE;RJ;2023-04-30;Desenvolvimento;298529.01
2135;Projeto fictício 2135 - Agricultura;DF;GO;2022-03-18;Validação;5096533.10
2136;Projeto fictício 2136 - Agricultura;BA;RS;2022-09-20;Pesquisa;4109247.91
2137;Projeto fictício 2137 - Indústria 4.0;RJ;MG;2022-08-24;Prototipagem;1722439.95
2138;Projeto fictício 2138 - Agricultura;AM;MG;2021-02-03;Prototipagem;3968101.32
2139;Projeto fictício 2139 - Agricultura;AM;RJ;2021-07-11;Pesquisa;432914.66
2140;Projeto fictício 2140 - Agricultura;AC;AM;2025-09-01;Pesquisa;5688205.88
2141;Projeto fictício 2141 - Energia limpa;MG;BA;2025-12-25;Concluído;3134925.00
2142;Projeto fictício 2142 - Saúde digital;DF;MG;2026-02-17;Pesquisa;1616049.08
2143;Projeto fictício 2143 - Saúde digital;AM;SP;2021-03-29;Desenvolvimento;2699597.65
2144;Projeto fictício 2144 - Agricultura;AC;MG;2025-02-10;Pesquisa;5669744.58
2145;Projeto fictício 2145 - Agricultura;BA;PR;2023-04-01;Desenvolvimento;1800978.57
2146;Projeto fictício 2146 - Saúde digital;RJ;GO;2024-09-05;Prototipagem;4799094.90
2147;Projeto fictício 2147 - Energia limpa;GO;CE;2025-12-24;Pesquisa;1026040.76
2148;Projeto fictício 2148 - Indústria 4.0;GO;SP;2021-09-12;Concluído;238164.82
2149;Projeto fictício 2149 - Energia limpa;AC;RJ;2026-03-19;Concluído;1129197.02
2150;Projeto fictício 2150 - Energia limpa;DF;RJ;2026-03-30;Pesquisa;2616696.18
2151;Projeto fictício 2151 - Saúde digital;PE;RS;2021-12-20;Pesquisa;535049.45
2152;Projeto fictício 2152 - Indústria 4.0;BA;RJ;2022-01-20;Validação;3127796.70
2153;Projeto fictício 2153 - Energia limpa;DF;RS;2021-01-10;Validação;4333289.30
2154;Projeto fictício 2154 - Saúde digital;PR;CE;2022-12-02;Prototipagem;4159132.12
2155;Projeto fictício 2155 - Saúde digital;PE;AM;2024-03-04;Concluído;5938696.20
2156;Projeto fictício 2156 - Energia limpa;AC;AC;2026-02-03;Prototipagem;4965868.93
2157;Projeto fictício 2157 - Agricultura;RJ;CE;2021-01-30;Prototipagem;2401659.72
2158;Projeto fictício 2158 - Indústria 4.0;CE;BA;2024-06-23;Validação;4158958.27
2159;Projeto fictício 2159 - Energia limpa;AC;GO;2025-10-12;Prototipagem;3734724.83
2160;Projeto fictício 2160 - Energia limpa;CE;PE;2025-12-31;Pesquisa;4648668.39
2161;Projeto fictício 2161 - Energia limpa;CE;DF;2025-08-24;Validação;4656228.33
2162;Projeto fictício 2162 - Agricultura;DF;RJ;2024-03-05;Prototipagem;638574.82
2163;Projeto fictício 2163 - Biotecnologia;RS;PR;2022-11-11;Concluído;5017436.99
2164;Projeto fictício 2164 - Indústria 4.0;CE;PR;2024-06-14;Concluído;4658980.65
2165;Projeto fictício 2165 - Saúde digital;RJ;AC;2022-09-07;Validação;3155878.73
2166;Projeto fictício 2166 - Biotecnologia;SP;AC;2022-08-21;Pesquisa;1100839.62
2167;Projeto fictício 2167 - Saúde digital;BA;PE;2021-09-04;Prototipagem;4888120.76
2168;Projeto fictício 2168 - Agricultura;AC;AM;2023-08-26;Pesquisa;2953020.67
2169;Projeto fictício 2169 - Agricultura;DF;MG;2021-06-21;Concluído;1817179.67
2170;Projeto fictício 2170 - Energia limpa;SP;GO;2022-08-03;Prototipagem;415386.08
2171;Projeto fictício 2171 - Agricultura;SP;BA;2023-05-26;Prototipagem;3704725.35
2172;Projeto fictício 2172 - Biotecnologia;SP;DF;2022-05-09;Validação;2302628.24
2173;Projeto fictício 2173 - Biotecnologia;PE;MG;2021-09-06;Validação;5045008.15
2174;Projeto fictício 2174 - Indústria 4.0;GO;BA;2026-09-09;Concluído;3844157.12
2175;Projeto fictício 2175 - Energia limpa;MG;MG;2026-06-29;Pesquisa;2195890.02
2176;Projeto fictício 2176 - Saúde digital;SP;PE;2021-08-17;Validação;4011153.95
2177;Projeto fictício 2177 - Biotecnologia;SP;DF;2025-02-15;Pesquisa;5177345.32
2178;Projeto fictício 2178 - Indústria 4.0;AM;PR;2021-08-19;Concluído;196183.95
2179;Projeto fictício 2179 - Agricultura;MG;AC;2021-05-16;Desenvolvimento;5604151.06
2180;Projeto fictício 2180 - Saúde digital;RS;DF;2022-01-16;Validação;4204816.09
2181;Projeto fictício 2181 - Biotecnologia;MG;GO;2026-06-18;Desenvolvimento;1052563.04
2182;Projeto fictício 2182 - Indústria 4.0;SP;PR;2023-01-09;Pesquisa;5075785.51
2183;Projeto fictício 2183 - Indústria 4.0;PR;AC;2023-01-24;Prototipagem;5611297.62
2184;Projeto fictício 2184 - Agricultura;BA;BA;2021-03-18;Concluído;406526.09
2185;Projeto fictício 2185 - Saúde digital;MG;PE;2023-05-28;Concluído;2417466.13
2186;Projeto fictício 2186 - Saúde digital;BA;DF;2024-10-12;Desenvolvimento;3364607.70
2187;Projeto fictício 2187 - Energia limpa;DF;RS;2023-04-23;Desenvolvimento;4592646.14
2188;Projeto fictício 2188 - Saúde digital;DF;AC;2023-01-16;Concluído;1216146.18
2189;Projeto fictício 2189 - Agricultura;DF;MG;2022-07-26;Concluído;4384543.91
2190;Projeto fictício 2190 - Indústria 4.0;BA;GO;2024-05-30;Prototipagem;4727532.35
2191;Projeto fictício 2191 - Indústria 4.0;PE;RJ;2025-03-30;Desenvolvimento;555476.86
2192;Projeto fictício 2192 - Indústria 4.0;BA;GO;2026-06-23;Pesquisa;5609090.02
2193;Projeto fictício 2193 - Biotecnologia;SP;BA;2022-02-13;Prototipagem;4156089.64
2194;Projeto fictício 2194 - Energia limpa;SP;DF;2021-02-12;Desenvolvimento;4702487.16
2195;Projeto fictício 2195 - Saúde digital;PR;DF;2026-09-11;Concluído;4353924.09
2196;Projeto fictício 2196 - Energia limpa;CE;PR;2024-04-17;Pesquisa;5528014.41
2197;Projeto fictício 2197 - Energia limpa;MG;CE;2021-05-11;Desenvolvimento;3000219.12
2198;Projeto fictício 2198 - Indústria 4.0;RS;AC;2026-08-30;Concluído;636215.24
2199;Projeto fictício 2199 - Energia limpa;CE;RS;2021-12-26;Concluído;821475.39
2200;Projeto fictício 2200 - Indústria 4.0;MG;RJ;2025-07-01;Validação;150879.16
2201;Projeto fictício 2201 - Saúde digital;SP;GO;2023-09-19;Validação;663242.88
2202;Projeto fictício 2202 - Biotecnologia;PE;CE;2025-08-07;Pesquisa;2353175.73
2203;Projeto fictício 2203 - Saúde digital;CE;RS;2025-03-05;Validação;5427199.07
2204;Projeto fictício 2204 - Energia limpa;RS;DF;2025-04-25;Validação;5079365.02
2205;Projeto fictício 2205 - Agricultura;MG;RS;2024-09-30;Concluído;985524.81
2206;Projeto fictício 2206 - Indústria 4.0;PR;PE;2025-04-20;Concluído;1769193.53
2207;Projeto fictício 2207 - Energia limpa;BA;SP;2022-01-20;Concluído;1402451.58
2208;Projeto fictício 2208 - Agricultura;RS;PE;2024-02-23;Validação;2186262.26
2209;Projeto fictício 2209 - Biotecnologia;RS;AM;2021-11-26;Pesquisa;1983460.52
2210;Projeto fictício 2210 - Agricultura;RS;AC;2024-08-13;Pesquisa;2405238.16
2211;Projeto fictício 2211 - Energia limpa;PR;AM;2026-05-21;Prototipagem;4967823.87
2212;Projeto fictício 2212 - Agricultura;RJ;CE;2021-12-08;Concluído;278309.75
2213;Projeto fictício 2213 - Biotecnologia;CE;PE;2024-08-19;Desenvolvimento;5592178.67
2214;Projeto fictício 2214 - Agricultura;AC;DF;2024-04-21;Validação;2506513.49
2215;Projeto fictício 2215 - Saúde digital;CE;BA;2025-01-25;Validação;2950864.33
2216;Projeto fictício 2216 - Biotecnologia;MG;RJ;2023-11-04;Validação;4402529.06
2217;Projeto fictício 2217 - Energia limpa;SP;PR;2026-06-24;Prototipagem;3116116.75
2218;Projeto fictício 2218 - Energia limpa;MG;MG;2026-02-11;Desenvolvimento;3084654.35
2219;Projeto fictício 2219 - Energia limpa;PE;BA;2021-11-06;Pesquisa;5887612.48
2220;Projeto fictício 2220 - Energia limpa;PR;PR;2024-04-26;Desenvolvimento;947293.02
2221;Projeto fictício 2221 - Saúde digital;GO;PR;2021-01-28;Desenvolvimento;5888690.41
2222;Projeto fictício 2222 - Agricultura;BA;BA;2024-12-31;Validação;1564714.16
2223;Projeto fictício 2223 - Biotecnologia;AC;AC;2025-03-20;Validação;5114586.91
2224;Projeto fictício 2224 - Saúde digital;DF;PE;2022-03-10;Desenvolvimento;4279526.18
2225;Projeto fictício 2225 - Agricultura;MG;AC;2025-02-22;Pesquisa;2614626.07
2226;Projeto fictício 2226 - Indústria 4.0;CE;AC;2024-08-25;Prototipagem;2714937.36
2227;Projeto fictício 2227 - Indústria 4.0;RS;CE;2021-08-02;Concluído;3156181.89
2228;Projeto fictício 2228 - Energia limpa;RJ;AM;2022-10-22;Concluído;3258333.63
2229;Projeto fictício 2229 - Saúde digital;MG;SP;2024-05-16;Prototipagem;2474385.52
2230;Projeto fictício 2230 - Biotecnologia;RJ;AM;2021-05-17;Prototipagem;1816689.41
2231;Projeto fictício 2231 - Agricultura;MG;AM;2026-09-04;Prototipagem;5532681.40
2232;Projeto fictício 2232 - Agricultura;AC;AM;2021-09-18;Pesquisa;4761944.82
2233;Projeto fictício 2233 - Energia limpa;PR;AM;2024-07-31;Desenvolvimento;3219557.51
2234;Projeto fictício 2234 - Indústria 4.0;AM;DF;2023-07-10;Concluído;113261.14
2235;Projeto fictício 2235 - Energia limpa;RJ;MG;2025-01-31;Desenvolvimento;1777858.64
2236;Projeto fictício 2236 - Saúde digital;PE;RJ;2021-05-12;Prototipagem;2432643.86
2237;Projeto fictício 2237 - Saúde digital;SP;AC;2021-07-29;Validação;3141244.01
2238;Projeto fictício 2238 - Saúde digital;RJ;BA;2023-02-27;Concluído;5502031.57
2239;Projeto fictício 2239 - Energia limpa;PE;CE;2021-04-20;Desenvolvimento;325331.26
2240;Projeto fictício 2240 - Saúde digital;AC;MG;2021-01-20;Prototipagem;4113958.83
2241;Projeto fictício 2241 - Energia limpa;CE;PR;2024-01-27;Prototipagem;279158.39
2242;Projeto fictício 2242 - Saúde digital;GO;CE;2026-02-19;Concluído;1847099.50
2243;Projeto fictício 2243 - Agricultura;RS;SP;2023-02-18;Concluído;767504.05
2244;Projeto fictício 2244 - Agricultura;AC;PE;2025-09-08;Concluído;4757365.56
2245;Projeto fictício 2245 - Saúde digital;BA;SP;2024-05-06;Prototipagem;5075129.52
2246;Projeto fictício 2246 - Agricultura;AM;MG;2023-11-18;Prototipagem;5214387.29
2247;Projeto fictício 2247 - Biotecnologia;AC;BA;2021-08-05;Pesquisa;3434087.67
2248;Projeto fictício 2248 - Saúde digital;BA;GO;2026-09-22;Prototipagem;715904.17
2249;Projeto fictício 2249 - Agricultura;PR;SP;2026-07-25;Validação;908860.52
2250;Projeto fictício 2250 - Saúde digital;CE;BA;2026-01-30;Desenvolvimento;3108008.20
2251;Projeto fictício 2251 - Indústria 4.0;CE;AC;2025-04-27;Concluído;3367084.80
2252;Projeto fictício 2252 - Biotecnologia;AM;DF;2021-08-11;Prototipagem;1892779.75
2253;Projeto fictício 2253 - Indústria 4.0;MG;GO;2023-07-07;Validação;5010354.47
2254;Projeto fictício 2254 - Biotecnologia;AM;RJ;2022-11-07;Prototipagem;2233029.66
2255;Projeto fictício 2255 - Saúde digital;AC;AC;2025-01-05;Prototipagem;3457066.68
2256;Projeto fictício 2256 - Biotecnologia;RS;DF;2023-02-15;Prototipagem;1846024.84
2257;Projeto fictício 2257 - Biotecnologia;PE;PE;2025-09-03;Validação;1171520.44
2258;Projeto fictício 2258 - Energia limpa;DF;AM;2022-03-09;Validação;940484.35
2259;Projeto fictício 2259 - Biotecnologia;MG;AC;2025-12-05;Validação;5059768.61
2260;Projeto fictício 2260 - Agricultura;GO;CE;2021-12-14;Desenvolvimento;5193469.20
2261;Projeto fictício 2261 - Agricultura;RJ;MG;2025-05-25;Concluído;3060219.84
2262;Projeto fictício 2262 - Saúde digital;GO;RJ;2023-08-01;Prototipagem;1903371.46
2263;Projeto fictício 2263 - Indústria 4.0;GO;RJ;2021-11-30;Concluído;162979.71
2264;Projeto fictício 2264 - Agricultura;CE;MG;2021-11-16;Validação;3863843.58
2265;Projeto fictício 2265 - Energia limpa;AM;CE;2022-11-20;Pesquisa;824905.58
2266;Projeto fictício 2266 - Energia limpa;DF;AM;2023-09-06;Pesquisa;3460379.06
2267;Projeto fictício 2267 - Agricultura;PR;MG;2022-06-15;Concluído;3800484.73
2268;Projeto fictício 2268 - Energia limpa;DF;PR;2026-03-29;Validação;2080766.80
2269;Projeto fictício 2269 - Agricultura;GO;RS;2024-02-11;Validação;1354934.84
2270;Projeto fictício 2270 - Agricultura;AM;CE;2022-07-19;Desenvolvimento;55933.91
2271;Projeto fictício 2271 - Saúde digital;CE;AM;2025-06-09;Validação;2716466.51
2272;Projeto fictício 2272 - Biotecnologia;CE;MG;2024-04-09;Desenvolvimento;1080659.30
2273;Projeto fictício 2273 - Agricultura;DF;PR;2026-02-24;Prototipagem;1926064.95
2274;Projeto fictício 2274 - Energia limpa;AC;MG;2025-07-06;Pesquisa;3028639.85
2275;Projeto fictício 2275 - Energia limpa;RS;AC;2022-02-04;Concluído;3578171.46
2276;Projeto fictício 2276 - Saúde digital;CE;PR;2022-08-19;Desenvolvimento;1784229.85
2277;Projeto fictício 2277 - Indústria 4.0;CE;RJ;2023-09-06;Pesquisa;42706.20
2278;Projeto fictício 2278 - Energia limpa;BA;MG;2026-04-16;Concluído;3739516.36
2279;Projeto fictício 2279 - Biotecnologia;PR;MG;2021-08-18;Pesquisa;4167304.99
2280;Projeto fictício 2280 - Saúde digital;CE;RS;2024-06-21;Concluído;5074406.49
2281;Projeto fictício 2281 - Biotecnologia;AC;PE;2021-07-23;Prototipagem;312176.72
2282;Projeto fictício 2282 - Indústria 4.0;MG;CE;2024-02-17;Pesquisa;129587.89
2283;Projeto fictício 2283 - Biotecnologia;DF;CE;2026-08-05;Desenvolvimento;5072772.12
2284;Projeto fictício 2284 - Saúde digital;MG;RS;2022-10-12;Pesquisa;822397.05
2285;Projeto fictício 2285 - Energia limpa;DF;AM;2022-04-03;Concluído;3481887.82
2286;Projeto fictício 2286 - Energia limpa;PE;PR;2026-05-21;Concluído;4417127.40
2287;Projeto fictício 2287 - Saúde digital;RJ;AC;2024-01-21;Prototipagem;4319293.66
2288;Projeto fictício 2288 - Biotecnologia;AM;DF;2022-01-13;Pesquisa;3868988.40
2289;Projeto fictício 2289 - Energia limpa;DF;AC;2022-09-08;Pesquisa;3487277.10
2290;Projeto fictício 2290 - Agricultura;PR;PE;2025-12-15;Pesquisa;2840257.31
2291;Projeto fictício 2291 - Agricultura;PE;CE;2022-03-23;Prototipagem;3775214.47
2292;Projeto fictício 2292 - Agricultura;DF;RJ;2022-07-25;Concluído;81372.94
2293;Projeto fictício 2293 - Biotecnologia;CE;CE;2022-11-22;Validação;5177020.35
2294;Projeto fictício 2294 - Energia limpa;PE;RJ;2025-01-30;Concluído;5177091.52
2295;Projeto fictício 2295 - Indústria 4.0;DF;CE;2026-08-11;Pesquisa;869397.23
2296;Projeto fictício 2296 - Agricultura;RS;BA;2022-10-03;Concluído;5431344.90
2297;Projeto fictício 2297 - Indústria 4.0;SP;AC;2026-05-30;Prototipagem;3324755.04
2298;Projeto fictício 2298 - Agricultura;DF;RS;2022-03-11;Concluído;4560883.50
2299;Projeto fictício 2299 - Saúde digital;GO;PR;2024-11-13;Validação;3715905.36
2300;Projeto fictício 2300 - Indústria 4.0;DF;AC;2021-12-21;Prototipagem;5557742.62
2301;Projeto fictício 2301 - Biotecnologia;GO;PE;2024-07-12;Pesquisa;3346048.37
2302;Projeto fictício 2302 - Saúde digital;CE;DF;2021-02-15;Validação;3484823.80
2303;Projeto fictício 2303 - Agricultura;BA;PR;2022-12-04;Pesquisa;3275353.87
2304;Projeto fictício 2304 - Saúde digital;GO;PR;2024-08-15;Prototipagem;1178708.93
2305;Projeto fictício 2305 - Indústria 4.0;AC;BA;2026-02-12;Prototipagem;1424506.37
2306;Projeto fictício 2306 - Biotecnologia;PE;AC;2025-11-10;Desenvolvimento;5632265.68
2307;Projeto fictício 2307 - Saúde digital;PR;AM;2024-06-09;Concluído;1142466.60
2308;Projeto fictício 2308 - Energia limpa;RS;PE;2021-03-13;Concluído;4641020.32
2309;Projeto fictício 2309 - Energia limpa;AC;RJ;2026-01-25;Validação;2525004.19
2310;Projeto fictício 2310 - Biotecnologia;AC;RJ;2022-12-25;Concluído;1415070.77
2311;Projeto fictício 2311 - Saúde digital;BA;GO;2026-08-07;Validação;601357.93
2312;Projeto fictício 2312 - Indústria 4.0;RJ;PE;2023-02-03;Pesquisa;4965084.53
2313;Projeto fictício 2313 - Indústria 4.0;SP;CE;2022-07-22;Pesquisa;1683480.28
2314;Projeto fictício 2314 - Energia limpa;RS;AM;2022-11-24;Pesquisa;558164.71
2315;Projeto fictício 2315 - Energia limpa;MG;BA;2021-01-20;Pesquisa;4951637.19
2316;Projeto fictício 2316 - Agricultura;GO;BA;2024-05-23;Prototipagem;3253807.36
2317;Projeto fictício 2317 - Energia limpa;PE;GO;2021-11-28;Validação;3917735.64
2318;Projeto fictício 2318 - Agricultura;SP;SP;2023-02-28;Prototipagem;1473843.77
2319;Projeto fictício 2319 - Biotecnologia;GO;AC;2021-04-19;Validação;1524620.01
2320;Projeto fictício 2320 - Energia limpa;BA;DF;2021-03-22;Desenvolvimento;874445.35
2321;Projeto fictício 2321 - Indústria 4.0;CE;AM;2022-12-04;Pesquisa;1280015.43
2322;Projeto fictício 2322 - Indústria 4.0;MG;RS;2025-11-12;Prototipagem;2384412.61
2323;Projeto fictício 2323 - Saúde digital;BA;BA;2023-05-06;Concluído;105788.34
2324;Projeto fictício 2324 - Saúde digital;AM;AC;2023-09-04;Pesquisa;992231.12
2325;Projeto fictício 2325 - Agricultura;RS;DF;2025-11-20;Concluído;4981147.90
2326;Projeto fictício 2326 - Biotecnologia;RS;PR;2025-08-19;Concluído;2584526.94
2327;Projeto fictício 2327 - Indústria 4.0;GO;BA;2024-03-08;Concluído;1157922.61
2328;Projeto fictício 2328 - Indústria 4.0;RJ;GO;2021-10-17;Validação;230806.18
2329;Projeto fictício 2329 - Biotecnologia;BA;PR;2025-07-09;Validação;4542107.84
2330;Projeto fictício 2330 - Biotecnologia;AC;PE;2025-05-28;Concluído;1625045.13
2331;Projeto fictício 2331 - Saúde digital;AC;AM;2026-03-06;Pesquisa;570594.92
2332;Projeto fictício 2332 - Agricultura;RS;AM;2021-06-15;Concluído;2043390.15
2333;Projeto fictício 2333 - Biotecnologia;DF;SP;2026-05-15;Concluído;3301994.35
2334;Projeto fictício 2334 - Saúde digital;PR;BA;2021-04-15;Pesquisa;4941207.96
2335;Projeto fictício 2335 - Agricultura;PE;PR;2023-03-13;Validação;3485846.84
2336;Projeto fictício 2336 - Indústria 4.0;RJ;AC;2026-06-07;Pesquisa;2367480.70
2337;Projeto fictício 2337 - Energia limpa;CE;AC;2023-04-29;Concluído;1217615.48
2338;Projeto fictício 2338 - Indústria 4.0;BA;CE;2026-09-12;Prototipagem;996048.40
2339;Projeto fictício 2339 - Agricultura;PR;BA;2025-03-07;Desenvolvimento;3293018.07
2340;Projeto fictício 2340 - Agricultura;BA;SP;2023-02-19;Desenvolvimento;601734.80
2341;Projeto fictício 2341 - Indústria 4.0;RJ;PR;2021-09-19;Validação;1575290.21
2342;Projeto fictício 2342 - Indústria 4.0;AC;CE;2021-08-11;Validação;120264.67
2343;Projeto fictício 2343 - Saúde digital;AC;CE;2024-07-08;Concluído;984571.71
2344;Projeto fictício 2344 - Energia limpa;AM;GO;2023-07-15;Pesquisa;4166234.94
2345;Projeto fictício 2345 - Biotecnologia;PR;GO;2021-03-27;Prototipagem;1097890.21
2346;Projeto fictício 2346 - Indústria 4.0;BA;GO;2021-08-15;Validação;1048054.48
2347;Projeto fictício 2347 - Biotecnologia;SP;RJ;2024-02-28;Desenvolvimento;3317536.05
2348;Projeto fictício 2348 - Saúde digital;RS;SP;2021-07-09;Validação;2632719.65
2349;Projeto fictício 2349 - Saúde digital;BA;BA;2021-11-21;Pesquisa;3565418.99
2350;Projeto fictício 2350 - Indústria 4.0;PR;GO;2023-08-23;Desenvolvimento;1049147.51
2351;Projeto fictício 2351 - Agricultura;DF;CE;2023-01-25;Desenvolvimento;557307.07
2352;Projeto fictício 2352 - Saúde digital;GO;CE;2021-06-02;Validação;1974994.93
2353;Projeto fictício 2353 - Saúde digital;AM;PR;2026-03-24;Pesquisa;4904991.72
2354;Projeto fictício 2354 - Indústria 4.0;CE;AM;2021-09-23;Validação;3576797.07
2355;Projeto fictício 2355 - Agricultura;CE;RJ;2023-10-21;Desenvolvimento;813378.90
2356;Projeto fictício 2356 - Energia limpa;PE;SP;2026-03-20;Validação;5046502.95
2357;Projeto fictício 2357 - Agricultura;RJ;AC;2024-01-05;Validação;5506839.21
2358;Projeto fictício 2358 - Biotecnologia;AC;MG;2023-08-25;Desenvolvimento;3797448.43
2359;Projeto fictício 2359 - Agricultura;SP;RS;2025-12-27;Validação;2650981.13
2360;Projeto fictício 2360 - Indústria 4.0;PE;GO;2021-02-09;Pesquisa;5408536.74
2361;Projeto fictício 2361 - Energia limpa;BA;BA;2024-06-19;Prototipagem;4652849.89
2362;Projeto fictício 2362 - Energia limpa;DF;SP;2021-05-12;Prototipagem;4571425.24
2363;Projeto fictício 2363 - Agricultura;MG;PR;2025-06-14;Desenvolvimento;4705466.89
2364;Projeto fictício 2364 - Agricultura;RJ;PE;2026-05-26;Desenvolvimento;2763713.02
2365;Projeto fictício 2365 - Agricultura;MG;PR;2024-09-21;Concluído;3269904.90
2366;Projeto fictício 2366 - Saúde digital;CE;AM;2024-04-03;Concluído;1893043.82
2367;Projeto fictício 2367 - Saúde digital;MG;PR;2024-09-22;Prototipagem;5958388.75
2368;Projeto fictício 2368 - Biotecnologia;AC;AC;2022-04-17;Pesquisa;5384413.84
2369;Projeto fictício 2369 - Energia limpa;DF;AM;2025-03-20;Validação;3850559.49
2370;Projeto fictício 2370 - Saúde digital;DF;PR;2025-01-05;Validação;5783129.16
2371;Projeto fictício 2371 - Saúde digital;AM;GO;2023-09-20;Concluído;1682526.44
2372;Projeto fictício 2372 - Saúde digital;PE;DF;2021-04-08;Concluído;1581426.07
2373;Projeto fictício 2373 - Energia limpa;AM;AM;2022-07-31;Pesquisa;2496825.64
2374;Projeto fictício 2374 - Agricultura;PR;SP;2025-11-10;Prototipagem;5086666.94
2375;Projeto fictício 2375 - Saúde digital;RJ;RS;2021-06-02;Pesquisa;1373326.73
2376;Projeto fictício 2376 - Saúde digital;RS;CE;2026-01-12;Pesquisa;2970048.13
2377;Projeto fictício 2377 - Saúde digital;AM;GO;2024-06-06;Concluído;64876.35
2378;Projeto fictício 2378 - Agricultura;RJ;PE;2025-03-14;Concluído;897231.12
2379;Projeto fictício 2379 - Agricultura;SP;MG;2025-11-11;Desenvolvimento;616057.73
2380;Projeto fictício 2380 - Saúde digital;DF;PE;2025-12-01;Prototipagem;837277.49
2381;Projeto fictício 2381 - Indústria 4.0;BA;BA;2022-04-07;Concluído;5985772.88
2382;Projeto fictício 2382 - Energia limpa;SP;PE;2022-09-23;Desenvolvimento;1509172.56
2383;Projeto fictício 2383 - Biotecnologia;MG;CE;2025-10-12;Prototipagem;2964459.54
2384;Projeto fictício 2384 - Agricultura;GO;AM;2025-03-20;Validação;3312025.70
2385;Projeto fictício 2385 - Saúde digital;AM;SP;2021-03-11;Validação;1447930.26
2386;Projeto fictício 2386 - Biotecnologia;RS;DF;2025-04-19;Pesquisa;137396.52
2387;Projeto fictício 2387 - Biotecnologia;RS;AC;2024-03-29;Pesquisa;3210276.47
2388;Projeto fictício 2388 - Energia limpa;AC;MG;2026-02-28;Prototipagem;5232738.70
2389;Projeto fictício 2389 - Indústria 4.0;PR;PR;2022-10-22;Desenvolvimento;2254158.89
2390;Projeto fictício 2390 - Saúde digital;RS;RS;2025-12-29;Desenvolvimento;4683901.70
2391;Projeto fictício 2391 - Agricultura;MG;DF;2022-07-12;Prototipagem;1553631.06
2392;Projeto fictício 2392 - Indústria 4.0;AC;RJ;2022-07-13;Prototipagem;5457957.77
2393;Projeto fictício 2393 - Biotecnologia;AM;SP;2024-03-27;Pesquisa;5068922.95
2394;Projeto fictício 2394 - Agricultura;PE;PR;2025-06-08;Pesquisa;3501245.86
2395;Projeto fictício 2395 - Indústria 4.0;DF;RS;2021-05-24;Prototipagem;4985582.77
2396;Projeto fictício 2396 - Agricultura;AM;RS;2023-03-18;Validação;919222.42
2397;Projeto fictício 2397 - Indústria 4.0;PE;GO;2023-07-25;Prototipagem;4363040.78
2398;Projeto fictício 2398 - Agricultura;AC;AC;2024-10-12;Validação;3305131.08
2399;Projeto fictício 2399 - Agricultura;AM;MG;2022-03-04;Validação;960227.08
2400;Projeto fictício 2400 - Indústria 4.0;SP;RJ;2024-03-17;Pesquisa;159646.69
2401;Projeto fictício 2401 - Agricultura;SP;RJ;2024-12-19;Concluído;3346312.46
2402;Projeto fictício 2402 - Indústria 4.0;CE;SP;2023-03-14;Validação;358081.90
2403;Projeto fictício 2403 - Saúde digital;PE;AM;2022-01-13;Desenvolvimento;4749351.77
2404;Projeto fictício 2404 - Biotecnologia;PE;RJ;2023-10-22;Concluído;3560572.20
2405;Projeto fictício 2405 - Energia limpa;GO;RJ;2025-09-22;Validação;4409316.25
2406;Projeto fictício 2406 - Indústria 4.0;MG;DF;2022-09-20;Desenvolvimento;5799737.30
2407;Projeto fictício 2407 - Energia limpa;DF;PE;2024-05-28;Prototipagem;5572860.91
2408;Projeto fictício 2408 - Energia limpa;RJ;SP;2023-11-09;Desenvolvimento;1392302.57
2409;Projeto fictício 2409 - Biotecnologia;AM;PE;2025-10-16;Concluído;3775847.29
2410;Projeto fictício 2410 - Agricultura;PE;DF;2021-07-13;Pesquisa;4672618.84
2411;Projeto fictício 2411 - Agricultura;RS;AM;2024-01-30;Prototipagem;2039181.61
2412;Projeto fictício 2412 - Agricultura;AC;BA;2023-01-22;Prototipagem;799635.37
2413;Projeto fictício 2413 - Agricultura;RS;RJ;2025-05-20;Prototipagem;3361295.48
2414;Projeto fictício 2414 - Indústria 4.0;BA;MG;2024-01-05;Desenvolvimento;36200.56
2415;Projeto fictício 2415 - Energia limpa;DF;DF;2023-03-15;Validação;5309735.71
2416;Projeto fictício 2416 - Saúde digital;AM;PR;2026-02-08;Validação;3816292.34
2417;Projeto fictício 2417 - Indústria 4.0;RS;PE;2026-08-15;Concluído;5170988.30
2418;Projeto fictício 2418 - Energia limpa;CE;SP;2025-03-29;Validação;1384751.92
2419;Projeto fictício 2419 - Indústria 4.0;DF;RJ;2024-03-22;Pesquisa;2854491.49
2420;Projeto fictício 2420 - Energia limpa;DF;MG;2025-06-04;Concluído;2440234.17
2421;Projeto fictício 2421 - Agricultura;RS;PE;2025-03-16;Desenvolvimento;1533745.16
2422;Projeto fictício 2422 - Agricultura;SP;MG;2023-11-22;Prototipagem;4521445.55
2423;Projeto fictício 2423 - Biotecnologia;BA;RS;2023-11-25;Concluído;425786.92
2424;Projeto fictício 2424 - Biotecnologia;CE;BA;2023-09-21;Prototipagem;4571449.23
2425;Projeto fictício 2425 - Indústria 4.0;DF;AM;2025-04-28;Prototipagem;2076297.83
2426;Projeto fictício 2426 - Energia limpa;CE;AM;2025-10-18;Validação;2452973.40
2427;Projeto fictício 2427 - Energia limpa;MG;RS;2025-03-14;Validação;4177768.98
2428;Projeto fictício 2428 - Saúde digital;PE;RJ;2026-06-03;Desenvolvimento;3839807.52
2429;Projeto fictício 2429 - Indústria 4.0;AC;GO;2023-02-02;Prototipagem;739588.29
2430;Projeto fictício 2430 - Biotecnologia;AC;MG;2023-01-12;Concluído;5998938.09
2431;Projeto fictício 2431 - Energia limpa;RS;SP;2022-05-08;Pesquisa;5155273.95
2432;Projeto fictício 2432 - Indústria 4.0;MG;CE;2021-11-05;Pesquisa;4302903.03
2433;Projeto fictício 2433 - Saúde digital;PR;MG;2021-05-31;Validação;365549.63
2434;Projeto fictício 2434 - Biotecnologia;SP;BA;2025-08-31;Desenvolvimento;1012368.21
2435;Projeto fictício 2435 - Energia limpa;SP;SP;2025-01-22;Concluído;797875.03
2436;Projeto fictício 2436 - Energia limpa;DF;BA;2024-03-27;Prototipagem;777584.90
2437;Projeto fictício 2437 - Agricultura;DF;AM;2025-09-04;Desenvolvimento;5774719.90
2438;Projeto fictício 2438 - Biotecnologia;PR;BA;2022-06-15;Prototipagem;4152909.65
2439;Projeto fictício 2439 - Indústria 4.0;MG;DF;2025-04-21;Desenvolvimento;5223744.21
2440;Projeto fictício 2440 - Indústria 4.0;RS;RS;2025-12-23;Validação;2044410.35
2441;Projeto fictício 2441 - Saúde digital;AC;PR;2025-06-26;Prototipagem;889573.38
2442;Projeto fictício 2442 - Agricultura;CE;AC;2021-01-15;Validação;4683952.53
2443;Projeto fictício 2443 - Biotecnologia;RJ;RS;2025-02-20;Pesquisa;533195.05
2444;Projeto fictício 2444 - Biotecnologia;PE;CE;2024-05-23;Validação;3447918.91
2445;Projeto fictício 2445 - Agricultura;PE;DF;2026-04-30;Validação;5707897.28
2446;Projeto fictício 2446 - Indústria 4.0;RS;AC;2022-12-12;Validação;928462.69
2447;Projeto fictício 2447 - Agricultura;BA;BA;2022-02-26;Pesquisa;3977487.87
2448;Projeto fictício 2448 - Energia limpa;RJ;GO;2023-03-13;Prototipagem;2210716.04
2449;Projeto fictício 2449 - Indústria 4.0;GO;GO;2021-12-25;Desenvolvimento;5485694.04
2450;Projeto fictício 2450 - Energia limpa;GO;AC;2026-09-14;Validação;5991019.52
2451;Projeto fictício 2451 - Agricultura;CE;AM;2023-01-25;Pesquisa;2871495.53
2452;Projeto fictício 2452 - Indústria 4.0;CE;AC;2021-11-13;Prototipagem;2388819.57
2453;Projeto fictício 2453 - Biotecnologia;MG;PR;2021-07-09;Pesquisa;486917.85
2454;Projeto fictício 2454 - Saúde digital;GO;RJ;2021-06-29;Prototipagem;980407.81
2455;Projeto fictício 2455 - Agricultura;AM;SP;2021-12-19;Desenvolvimento;5833032.30
2456;Projeto fictício 2456 - Energia limpa;MG;SP;2024-02-05;Desenvolvimento;1645049.22
2457;Projeto fictício 2457 - Indústria 4.0;SP;MG;2025-05-23;Desenvolvimento;2322492.26
2458;Projeto fictício 2458 - Agricultura;DF;MG;2025-04-26;Concluído;4617963.46
2459;Projeto fictício 2459 - Indústria 4.0;PE;AM;2024-11-29;Concluído;2504082.11
2460;Projeto fictício 2460 - Energia limpa;SP;CE;2022-01-16;Desenvolvimento;3414571.44
2461;Projeto fictício 2461 - Indústria 4.0;RJ;PR;2023-01-14;Desenvolvimento;4981011.19
2462;Projeto fictício 2462 - Energia limpa;DF;BA;2021-04-14;Prototipagem;216266.15
2463;Projeto fictício 2463 - Energia limpa;RJ;AM;2025-12-27;Concluído;946099.17
2464;Projeto fictício 2464 - Agricultura;PR;AM;2021-06-13;Validação;3330736.63
2465;Projeto fictício 2465 - Saúde digital;RJ;PR;2024-07-30;Desenvolvimento;5449062.97
2466;Projeto fictício 2466 - Biotecnologia;SP;SP;2022-12-20;Pesquisa;57922.24
2467;Projeto fictício 2467 - Indústria 4.0;CE;PE;2021-03-04;Pesquisa;4857775.25
2468;Projeto fictício 2468 - Indústria 4.0;AM;SP;2022-10-11;Validação;1947750.12
2469;Projeto fictício 2469 - Saúde digital;AC;RS;2025-09-04;Prototipagem;3212361.35
2470;Projeto fictício 2470 - Agricultura;DF;RS;2025-07-22;Prototipagem;1365051.41
2471;Projeto fictício 2471 - Agricultura;RJ;AM;2023-09-05;Validação;2885979.04
2472;Projeto fictício 2472 - Saúde digital;RS;BA;2025-05-05;Validação;1057924.53
2473;Projeto fictício 2473 - Saúde digital;RJ;PE;2021-06-22;Concluído;2909704.10
2474;Projeto fictício 2474 - Agricultura;AC;BA;2025-03-29;Prototipagem;4877998.69
2475;Projeto fictício 2475 - Saúde digital;MG;SP;2025-12-06;Validação;4361978.95
2476;Projeto fictício 2476 - Indústria 4.0;GO;MG;2026-04-22;Desenvolvimento;5838050.21
2477;Projeto fictício 2477 - Energia limpa;SP;CE;2025-06-10;Desenvolvimento;4518170.55
2478;Projeto fictício 2478 - Energia limpa;BA;PE;2022-04-05;Concluído;1285173.37
2479;Projeto fictício 2479 - Biotecnologia;CE;MG;2026-08-08;Prototipagem;2349524.75
2480;Projeto fictício 2480 - Biotecnologia;PR;BA;2021-05-18;Validação;3437495.63
2481;Projeto fictício 2481 - Agricultura;DF;PE;2023-01-03;Prototipagem;4404214.54
2482;Projeto fictício 2482 - Energia limpa;AC;RJ;2026-07-25;Pesquisa;5369562.87
2483;Projeto fictício 2483 - Biotecnologia;GO;GO;2023-10-27;Prototipagem;4471280.94
2484;Projeto fictício 2484 - Indústria 4.0;RS;PE;2021-04-03;Validação;2481345.41
2485;Projeto fictício 2485 - Indústria 4.0;MG;GO;2025-08-17;Pesquisa;3518974.30
2486;Projeto fictício 2486 - Biotecnologia;GO;CE;2025-05-31;Pesquisa;4940210.64
2487;Projeto fictício 2487 - Indústria 4.0;AM;PR;2025-10-26;Pesquisa;3952265.10
2488;Projeto fictício 2488 - Saúde digital;DF;GO;2025-04-24;Pesquisa;1934857.11
2489;Projeto fictício 2489 - Biotecnologia;MG;PE;2021-04-29;Prototipagem;2578710.70
2490;Projeto fictício 2490 - Energia limpa;SP;GO;2022-04-10;Pesquisa;3585621.24
2491;Projeto fictício 2491 - Saúde digital;AC;AM;2022-11-30;Prototipagem;5809762.93
2492;Projeto fictício 2492 - Indústria 4.0;PE;PE;2025-02-08;Concluído;2658765.86
2493;Projeto fictício 2493 - Saúde digital;RJ;MG;2022-03-09;Concluído;1685189.65
2494;Projeto fictício 2494 - Indústria 4.0;RJ;RS;2022-06-06;Validação;3604873.84
2495;Projeto fictício 2495 - Agricultura;MG;RJ;2024-08-09;Prototipagem;2222302.30
2496;Projeto fictício 2496 - Saúde digital;GO;CE;2023-07-01;Pesquisa;3401680.58
2497;Projeto fictício 2497 - Energia limpa;BA;GO;2026-08-31;Prototipagem;2257232.02
2498;Projeto fictício 2498 - Saúde digital;PE;CE;2025-05-01;Prototipagem;769561.15
2499;Projeto fictício 2499 - Biotecnologia;RS;PR;2023-03-24;Concluído;3630097.37
2500;Projeto fictício 2500 - Saúde digital;RJ;AC;2023-12-02;Validação;121294.01
2501;Projeto fictício 2501 - Agricultura;RS;AM;2022-03-12;Concluído;1486373.63
2502;Projeto fictício 2502 - Energia limpa;GO;CE;2022-04-19;Concluído;953854.09
2503;Projeto fictício 2503 - Agricultura;GO;RJ;2025-03-02;Pesquisa;4949863.65
2504;Projeto fictício 2504 - Indústria 4.0;DF;AM;2024-09-18;Desenvolvimento;3853053.62
2505;Projeto fictício 2505 - Saúde digital;RJ;SP;2021-08-17;Pesquisa;573271.79
2506;Projeto fictício 2506 - Biotecnologia;AM;PE;2021-08-27;Pesquisa;3903105.93
2507;Projeto fictício 2507 - Biotecnologia;AM;BA;2023-10-01;Concluído;3757842.61
2508;Projeto fictício 2508 - Saúde digital;CE;AM;2021-04-06;Concluído;432544.00
2509;Projeto fictício 2509 - Agricultura;BA;DF;2023-10-27;Desenvolvimento;1815842.75
2510;Projeto fictício 2510 - Indústria 4.0;RJ;PE;2024-07-03;Pesquisa;1345192.06
2511;Projeto fictício 2511 - Saúde digital;RJ;PE;2021-09-17;Prototipagem;2215425.19
2512;Projeto fictício 2512 - Biotecnologia;CE;RS;2021-08-03;Pesquisa;1782812.75
2513;Projeto fictício 2513 - Energia limpa;PR;PR;2024-10-21;Prototipagem;859419.01
2514;Projeto fictício 2514 - Saúde digital;RS;PE;2022-11-13;Validação;2658969.32
2515;Projeto fictício 2515 - Energia limpa;BA;RJ;2024-10-17;Concluído;3356092.40
2516;Projeto fictício 2516 - Biotecnologia;RJ;AM;2024-06-24;Desenvolvimento;719786.57
2517;Projeto fictício 2517 - Biotecnologia;DF;PR;2023-06-09;Desenvolvimento;3902123.88
2518;Projeto fictício 2518 - Indústria 4.0;AM;CE;2026-03-31;Prototipagem;2422447.38
2519;Projeto fictício 2519 - Saúde digital;PE;BA;2021-06-28;Validação;228115.73
2520;Projeto fictício 2520 - Agricultura;DF;BA;2023-09-30;Desenvolvimento;4731994.32
2521;Projeto fictício 2521 - Agricultura;CE;PE;2024-09-30;Concluído;5447404.24
2522;Projeto fictício 2522 - Biotecnologia;RJ;PR;2026-07-16;Concluído;994977.81
2523;Projeto fictício 2523 - Agricultura;DF;DF;2024-01-23;Pesquisa;3955313.16
2524;Projeto fictício 2524 - Agricultura;GO;GO;2022-07-18;Pesquisa;3882310.10
2525;Projeto fictício 2525 - Energia limpa;AM;RJ;2024-08-02;Concluído;2609115.69
2526;Projeto fictício 2526 - Indústria 4.0;RS;PE;2022-11-22;Concluído;1515321.31
2527;Projeto fictício 2527 - Biotecnologia;AC;AC;2023-10-03;Desenvolvimento;4442927.81
2528;Projeto fictício 2528 - Saúde digital;RS;BA;2024-07-31;Prototipagem;3088757.31
2529;Projeto fictício 2529 - Agricultura;SP;RS;2022-08-16;Concluído;3389364.15
2530;Projeto fictício 2530 - Indústria 4.0;BA;AM;2021-01-06;Concluído;117582.07
2531;Projeto fictício 2531 - Indústria 4.0;CE;MG;2021-04-14;Concluído;2129417.07
2532;Projeto fictício 2532 - Biotecnologia;CE;PE;2024-06-14;Desenvolvimento;41492.42
2533;Projeto fictício 2533 - Biotecnologia;DF;MG;2022-11-22;Validação;5774518.28
2534;Projeto fictício 2534 - Indústria 4.0;GO;RS;2023-11-19;Pesquisa;389284.50
2535;Projeto fictício 2535 - Biotecnologia;DF;AC;2024-02-29;Prototipagem;826336.19
2536;Projeto fictício 2536 - Energia limpa;AM;RJ;2023-10-29;Pesquisa;1529464.89
2537;Projeto fictício 2537 - Agricultura;AC;GO;2025-08-24;Validação;3699436.40
2538;Projeto fictício 2538 - Indústria 4.0;RJ;RS;2023-06-11;Concluído;2200510.85
2539;Projeto fictício 2539 - Biotecnologia;CE;AM;2021-06-02;Prototipagem;3275582.19
2540;Projeto fictício 2540 - Indústria 4.0;SP;SP;2023-02-21;Desenvolvimento;1828415.72
2541;Projeto fictício 2541 - Agricultura;DF;GO;2023-10-29;Concluído;4951928.35
2542;Projeto fictício 2542 - Saúde digital;AC;PR;2023-10-29;Concluído;444046.10
2543;Projeto fictício 2543 - Biotecnologia;PR;GO;2026-08-21;Concluído;5977118.53
2544;Projeto fictício 2544 - Indústria 4.0;BA;PE;2025-09-03;Prototipagem;1659351.25
2545;Projeto fictício 2545 - Biotecnologia;CE;RS;2026-06-11;Pesquisa;889660.18
2546;Projeto fictício 2546 - Agricultura;DF;AM;2023-08-12;Desenvolvimento;5131303.34
2547;Projeto fictício 2547 - Saúde digital;PE;DF;2023-10-08;Prototipagem;4111280.60
2548;Projeto fictício 2548 - Indústria 4.0;GO;PE;2024-08-05;Pesquisa;1386385.65
2549;Projeto fictício 2549 - Indústria 4.0;CE;AC;2021-09-01;Pesquisa;5534877.11
2550;Projeto fictício 2550 - Agricultura;GO;SP;2021-12-20;Prototipagem;342821.35
2551;Projeto fictício 2551 - Agricultura;AC;DF;2022-11-24;Validação;2446545.28
2552;Projeto fictício 2552 - Biotecnologia;DF;CE;2026-08-20;Prototipagem;673900.10
2553;Projeto fictício 2553 - Energia limpa;CE;PR;2025-06-20;Prototipagem;808933.12
2554;Projeto fictício 2554 - Saúde digital;PE;DF;2021-09-08;Prototipagem;2645717.43
2555;Projeto fictício 2555 - Saúde digital;SP;SP;2021-10-31;Concluído;3202886.10
2556;Projeto fictício 2556 - Indústria 4.0;DF;AC;2026-09-08;Desenvolvimento;5011745.74
2557;Projeto fictício 2557 - Biotecnologia;BA;AC;2021-04-07;Pesquisa;4354662.66
2558;Projeto fictício 2558 - Saúde digital;GO;PE;2024-10-17;Validação;2883845.10
2559;Projeto fictício 2559 - Energia limpa;MG;DF;2023-10-30;Prototipagem;743536.96
2560;Projeto fictício 2560 - Agricultura;RJ;PE;2024-11-10;Pesquisa;3303287.58
2561;Projeto fictício 2561 - Saúde digital;SP;PE;2024-07-31;Prototipagem;2884689.97
2562;Projeto fictício 2562 - Energia limpa;DF;AC;2025-01-13;Desenvolvimento;5383310.59
2563;Projeto fictício 2563 - Agricultura;DF;CE;2024-03-05;Pesquisa;3489910.51
2564;Projeto fictício 2564 - Saúde digital;PR;GO;2025-10-30;Desenvolvimento;1976059.18
2565;Projeto fictício 2565 - Biotecnologia;PR;CE;2022-03-27;Validação;3657155.69
2566;Projeto fictício 2566 - Saúde digital;CE;SP;2022-09-11;Pesquisa;1032552.43
2567;Projeto fictício 2567 - Indústria 4.0;RJ;GO;2022-02-02;Validação;2384229.90
2568;Projeto fictício 2568 - Indústria 4.0;SP;RS;2024-01-29;Concluído;496257.94
2569;Projeto fictício 2569 - Energia limpa;AC;AC;2024-12-12;Validação;362716.61
2570;Projeto fictício 2570 - Indústria 4.0;BA;PE;2022-10-10;Prototipagem;3266716.57
2571;Projeto fictício 2571 - Energia limpa;RS;AM;2023-12-30;Validação;1481381.56
2572;Projeto fictício 2572 - Biotecnologia;BA;AC;2024-09-11;Prototipagem;3946944.82
2573;Projeto fictício 2573 - Agricultura;BA;SP;2024-01-20;Prototipagem;5741360.51
2574;Projeto fictício 2574 - Energia limpa;DF;BA;2025-01-31;Prototipagem;4344830.51
2575;Projeto fictício 2575 - Energia limpa;AM;AM;2024-12-25;Validação;1820351.16
2576;Projeto fictício 2576 - Saúde digital;CE;BA;2026-05-20;Concluído;2666059.96
2577;Projeto fictício 2577 - Indústria 4.0;DF;SP;2022-04-14;Prototipagem;1366693.63
2578;Projeto fictício 2578 - Energia limpa;GO;GO;2023-12-27;Pesquisa;2682413.88
2579;Projeto fictício 2579 - Saúde digital;GO;CE;2023-08-23;Prototipagem;4603649.44
2580;Projeto fictício 2580 - Indústria 4.0;BA;CE;2026-04-05;Desenvolvimento;3766071.68
2581;Projeto fictício 2581 - Agricultura;DF;AC;2024-05-19;Validação;5404628.66
2582;Projeto fictício 2582 - Saúde digital;SP;DF;2024-11-14;Desenvolvimento;5078753.03
2583;Projeto fictício 2583 - Agricultura;RS;AM;2025-01-25;Concluído;5734630.16
2584;Projeto fictício 2584 - Indústria 4.0;DF;MG;2025-04-09;Pesquisa;5312856.29
2585;Projeto fictício 2585 - Biotecnologia;MG;MG;2026-05-22;Concluído;3496648.63
2586;Projeto fictício 2586 - Biotecnologia;MG;BA;2024-05-04;Prototipagem;5022446.84
2587;Projeto fictício 2587 - Energia limpa;PE;BA;2023-12-08;Prototipagem;5529320.23
2588;Projeto fictício 2588 - Biotecnologia;GO;PE;2021-11-24;Concluído;751967.12
2589;Projeto fictício 2589 - Agricultura;GO;PR;2023-11-19;Validação;2144311.82
2590;Projeto fictício 2590 - Agricultura;RJ;RS;2022-01-04;Concluído;88819.19
2591;Projeto fictício 2591 - Biotecnologia;PR;MG;2021-01-06;Concluído;2130916.70
2592;Projeto fictício 2592 - Agricultura;AM;AM;2023-05-14;Pesquisa;835217.75
2593;Projeto fictício 2593 - Agricultura;GO;SP;2022-05-25;Desenvolvimento;5966905.88
2594;Projeto fictício 2594 - Energia limpa;RS;RS;2023-06-14;Validação;5288181.24
2595;Projeto fictício 2595 - Saúde digital;AM;DF;2026-03-01;Desenvolvimento;5487447.66
2596;Projeto fictício 2596 - Biotecnologia;BA;MG;2024-09-09;Concluído;1852690.32
2597;Projeto fictício 2597 - Agricultura;SP;AC;2022-10-27;Validação;1201790.42
2598;Projeto fictício 2598 - Biotecnologia;CE;SP;2026-01-05;Pesquisa;2989928.51
2599;Projeto fictício 2599 - Agricultura;AC;PE;2026-05-28;Concluído;3953275.28
2600;Projeto fictício 2600 - Biotecnologia;RJ;RJ;2023-10-22;Pesquisa;973940.96
2601;Projeto fictício 2601 - Saúde digital;MG;RS;2025-07-24;Concluído;4149922.40
2602;Projeto fictício 2602 - Energia limpa;RJ;DF;2022-12-15;Concluído;1694438.10
2603;Projeto fictício 2603 - Biotecnologia;CE;AM;2024-09-09;Prototipagem;4841628.98
2604;Projeto fictício 2604 - Energia limpa;PE;RJ;2026-09-01;Concluído;948130.39
2605;Projeto fictício 2605 - Agricultura;PE;RJ;2023-11-10;Pesquisa;4815805.34
2606;Projeto fictício 2606 - Saúde digital;MG;MG;2022-01-31;Prototipagem;1220688.11
2607;Projeto fictício 2607 - Agricultura;AC;RS;2026-05-10;Prototipagem;2930257.44
2608;Projeto fictício 2608 - Agricultura;RS;DF;2023-12-20;Prototipagem;2665237.46
2609;Projeto fictício 2609 - Agricultura;AC;SP;2023-05-11;Pesquisa;770346.93
2610;Projeto fictício 2610 - Agricultura;CE;DF;2023-03-28;Desenvolvimento;3375572.08
2611;Projeto fictício 2611 - Indústria 4.0;PR;PE;2023-02-16;Validação;1358273.59
2612;Projeto fictício 2612 - Energia limpa;RJ;GO;2026-02-13;Desenvolvimento;2402010.35
2613;Projeto fictício 2613 - Biotecnologia;AC;PE;2023-12-31;Validação;1193504.92
2614;Projeto fictício 2614 - Saúde digital;PE;BA;2022-04-04;Pesquisa;1864195.50
2615;Projeto fictício 2615 - Energia limpa;AC;AM;2023-06-29;Concluído;4538773.02
2616;Projeto fictício 2616 - Biotecnologia;CE;RS;2021-01-05;Prototipagem;470817.11
2617;Projeto fictício 2617 - Indústria 4.0;MG;MG;2022-10-15;Prototipagem;4309971.31
2618;Projeto fictício 2618 - Saúde digital;BA;AM;2022-01-13;Desenvolvimento;3954497.30
2619;Projeto fictício 2619 - Saúde digital;BA;BA;2022-08-11;Prototipagem;2591002.89
2620;Projeto fictício 2620 - Saúde digital;CE;CE;2023-03-25;Prototipagem;3847712.09
2621;Projeto fictício 2621 - Agricultura;RS;AC;2022-03-03;Validação;5642720.29
2622;Projeto fictício 2622 - Energia limpa;SP;MG;2025-01-18;Validação;1504741.45
2623;Projeto fictício 2623 - Indústria 4.0;AC;GO;2026-07-15;Validação;2486311.38
2624;Projeto fictício 2624 - Energia limpa;RS;AM;2024-10-02;Desenvolvimento;4907648.68
2625;Projeto fictício 2625 - Agricultura;RS;PR;2025-10-18;Pesquisa;2149435.39
2626;Projeto fictício 2626 - Indústria 4.0;RJ;AC;2025-03-09;Validação;2982804.01
2627;Projeto fictício 2627 - Saúde digital;SP;BA;2022-08-23;Prototipagem;5222636.09
2628;Projeto fictício 2628 - Indústria 4.0;SP;GO;2024-10-06;Concluído;1192710.46
2629;Projeto fictício 2629 - Biotecnologia;AC;RJ;2023-09-09;Concluído;5166686.78
2630;Projeto fictício 2630 - Indústria 4.0;PR;PE;2023-10-13;Concluído;565943.09
2631;Projeto fictício 2631 - Biotecnologia;PE;SP;2022-02-14;Desenvolvimento;3547368.20
2632;Projeto fictício 2632 - Agricultura;AM;BA;2024-10-28;Prototipagem;2256482.86
2633;Projeto fictício 2633 - Saúde digital;PR;RS;2021-10-29;Validação;1350061.37
2634;Projeto fictício 2634 - Indústria 4.0;MG;RJ;2021-07-06;Pesquisa;158847.35
2635;Projeto fictício 2635 - Saúde digital;CE;PR;2025-12-16;Validação;3881446.22
2636;Projeto fictício 2636 - Agricultura;CE;CE;2025-01-04;Concluído;3953318.80
2637;Projeto fictício 2637 - Energia limpa;MG;PR;2023-07-05;Validação;5841038.12
2638;Projeto fictício 2638 - Saúde digital;DF;GO;2022-12-15;Concluído;1479787.24
2639;Projeto fictício 2639 - Saúde digital;CE;SP;2022-06-02;Pesquisa;3613664.46
2640;Projeto fictício 2640 - Biotecnologia;GO;AC;2022-11-04;Validação;3859193.21
2641;Projeto fictício 2641 - Indústria 4.0;BA;AM;2022-11-20;Desenvolvimento;4453660.07
2642;Projeto fictício 2642 - Biotecnologia;DF;DF;2026-05-09;Desenvolvimento;3175223.69
2643;Projeto fictício 2643 - Agricultura;SP;GO;2025-07-17;Desenvolvimento;2404962.26
2644;Projeto fictício 2644 - Indústria 4.0;RJ;PE;2023-02-27;Desenvolvimento;3936621.93
2645;Projeto fictício 2645 - Biotecnologia;CE;BA;2023-11-18;Pesquisa;1235467.71
2646;Projeto fictício 2646 - Energia limpa;CE;RJ;2025-02-15;Prototipagem;3470251.84
2647;Projeto fictício 2647 - Saúde digital;RS;GO;2025-09-30;Prototipagem;5202897.14
2648;Projeto fictício 2648 - Agricultura;MG;MG;2023-02-10;Prototipagem;4640359.13
2649;Projeto fictício 2649 - Indústria 4.0;MG;PR;2025-10-18;Prototipagem;1472273.29
2650;Projeto fictício 2650 - Energia limpa;PR;RS;2025-10-26;Desenvolvimento;603407.76
2651;Projeto fictício 2651 - Energia limpa;RJ;RJ;2025-04-01;Desenvolvimento;1112331.84
2652;Projeto fictício 2652 - Indústria 4.0;CE;SP;2021-12-26;Prototipagem;2543111.72
2653;Projeto fictício 2653 - Biotecnologia;GO;AM;2025-11-28;Desenvolvimento;1928791.22
2654;Projeto fictício 2654 - Energia limpa;BA;RJ;2026-06-01;Concluído;2334378.14
2655;Projeto fictício 2655 - Agricultura;DF;AM;2023-06-16;Desenvolvimento;3257282.39
2656;Projeto fictício 2656 - Agricultura;RS;AC;2023-02-14;Desenvolvimento;2308227.46
2657;Projeto fictício 2657 - Energia limpa;GO;PE;2026-07-19;Prototipagem;147173.75
2658;Projeto fictício 2658 - Biotecnologia;MG;PE;2024-10-28;Pesquisa;5535207.08
2659;Projeto fictício 2659 - Biotecnologia;MG;MG;2022-12-08;Pesquisa;3835821.03
2660;Projeto fictício 2660 - Biotecnologia;DF;GO;2026-03-29;Desenvolvimento;5238835.64
2661;Projeto fictício 2661 - Biotecnologia;SP;AM;2023-12-20;Concluído;1760445.10
2662;Projeto fictício 2662 - Energia limpa;CE;CE;2025-03-12;Prototipagem;5398221.87
2663;Projeto fictício 2663 - Biotecnologia;AM;BA;2022-06-07;Pesquisa;4848204.67
2664;Projeto fictício 2664 - Indústria 4.0;AC;PR;2026-07-23;Validação;2275806.03
2665;Projeto fictício 2665 - Biotecnologia;AC;PE;2021-02-25;Validação;4824735.22
2666;Projeto fictício 2666 - Energia limpa;AC;RS;2023-08-11;Prototipagem;4090067.22
2667;Projeto fictício 2667 - Saúde digital;SP;CE;2025-11-29;Concluído;2577313.32
2668;Projeto fictício 2668 - Agricultura;MG;PE;2023-06-06;Desenvolvimento;5413962.60
2669;Projeto fictício 2669 - Indústria 4.0;RJ;MG;2021-08-05;Validação;2428033.31
2670;Projeto fictício 2670 - Energia limpa;PR;RS;2025-01-01;Validação;804359.24
2671;Projeto fictício 2671 - Saúde digital;PE;SP;2026-07-31;Concluído;4657284.25
2672;Projeto fictício 2672 - Saúde digital;PR;BA;2022-10-07;Desenvolvimento;1265643.89
2673;Projeto fictício 2673 - Indústria 4.0;DF;MG;2024-07-13;Concluído;4877456.33
2674;Projeto fictício 2674 - Agricultura;CE;CE;2022-07-28;Validação;3547171.91
2675;Projeto fictício 2675 - Indústria 4.0;PR;PE;2025-11-07;Pesquisa;5096637.03
2676;Projeto fictício 2676 - Agricultura;PE;RJ;2022-11-23;Prototipagem;3278212.49
2677;Projeto fictício 2677 - Saúde digital;GO;CE;2023-06-02;Validação;4297999.03
2678;Projeto fictício 2678 - Saúde digital;RJ;GO;2022-09-05;Validação;141585.11
2679;Projeto fictício 2679 - Agricultura;RJ;GO;2021-12-22;Prototipagem;3594386.25
2680;Projeto fictício 2680 - Indústria 4.0;RJ;AC;2023-05-25;Desenvolvimento;2078019.57
2681;Projeto fictício 2681 - Saúde digital;SP;PR;2022-06-16;Concluído;4419025.39
2682;Projeto fictício 2682 - Indústria 4.0;AM;PR;2024-09-21;Desenvolvimento;4548064.25
2683;Projeto fictício 2683 - Agricultura;BA;BA;2023-02-08;Desenvolvimento;4081680.73
2684;Projeto fictício 2684 - Energia limpa;SP;GO;2023-08-15;Prototipagem;4157596.26
2685;Projeto fictício 2685 - Indústria 4.0;DF;DF;2021-04-24;Concluído;5573443.81
2686;Projeto fictício 2686 - Energia limpa;RJ;RJ;2022-01-11;Pesquisa;2554898.93
2687;Projeto fictício 2687 - Agricultura;RS;GO;2026-01-31;Concluído;737017.03
2688;Projeto fictício 2688 - Agricultura;PR;RJ;2021-04-02;Desenvolvimento;5847432.40
2689;Projeto fictício 2689 - Saúde digital;AM;CE;2026-03-07;Desenvolvimento;5898524.21
2690;Projeto fictício 2690 - Indústria 4.0;DF;AC;2022-05-15;Prototipagem;2664854.73
2691;Projeto fictício 2691 - Biotecnologia;PE;GO;2025-08-08;Pesquisa;1313610.10
2692;Projeto fictício 2692 - Saúde digital;PE;GO;2021-02-07;Desenvolvimento;3556790.58
2693;Projeto fictício 2693 - Agricultura;AM;RJ;2026-01-10;Concluído;4641642.37
2694;Projeto fictício 2694 - Indústria 4.0;DF;DF;2022-03-25;Prototipagem;844916.66
2695;Projeto fictício 2695 - Agricultura;MG;BA;2026-07-13;Prototipagem;163553.54
2696;Projeto fictício 2696 - Energia limpa;RJ;AM;2024-03-28;Validação;1551810.27
2697;Projeto fictício 2697 - Agricultura;RS;AC;2022-03-28;Concluído;1200783.50
2698;Projeto fictício 2698 - Energia limpa;AM;PR;2025-03-30;Prototipagem;1769712.07
2699;Projeto fictício 2699 - Indústria 4.0;RS;PE;2022-09-27;Desenvolvimento;1523119.02
2700;Projeto fictício 2700 - Biotecnologia;AM;PE;2024-08-29;Desenvolvimento;890669.88
2701;Projeto fictício 2701 - Agricultura;BA;AC;2022-09-07;Pesquisa;1196246.70
2702;Projeto fictício 2702 - Agricultura;PE;SP;2023-03-04;Desenvolvimento;1895066.42
2703;Projeto fictício 2703 - Saúde digital;GO;PE;2022-02-07;Desenvolvimento;2171256.24
2704;Projeto fictício 2704 - Indústria 4.0;RJ;CE;2026-03-17;Prototipagem;1389650.30
2705;Projeto fictício 2705 - Indústria 4.0;AC;CE;2026-08-05;Pesquisa;3727483.74
2706;Projeto fictício 2706 - Indústria 4.0;MG;AM;2026-07-30;Prototipagem;2906276.58
2707;Projeto fictício 2707 - Agricultura;SP;BA;2022-03-27;Prototipagem;3118793.61
2708;Projeto fictício 2708 - Biotecnologia;RS;BA;2021-08-17;Desenvolvimento;1125634.38
2709;Projeto fictício 2709 - Agricultura;SP;MG;2023-08-06;Pesquisa;5614079.42
2710;Projeto fictício 2710 - Biotecnologia;RS;PE;2025-10-12;Desenvolvimento;1491104.46
2711;Projeto fictício 2711 - Energia limpa;PE;AM;2026-06-21;Validação;3043227.37
2712;Projeto fictício 2712 - Saúde digital;BA;AC;2023-01-05;Pesquisa;4474911.91
2713;Projeto fictício 2713 - Indústria 4.0;AC;MG;2021-10-22;Prototipagem;1713235.16
2714;Projeto fictício 2714 - Indústria 4.0;DF;MG;2022-10-27;Pesquisa;1589400.00
2715;Projeto fictício 2715 - Biotecnologia;RJ;CE;2025-01-17;Prototipagem;2003582.98
2716;Projeto fictício 2716 - Saúde digital;CE;MG;2021-07-01;Pesquisa;1071235.55
2717;Projeto fictício 2717 - Agricultura;SP;GO;2023-03-14;Prototipagem;5347778.90
2718;Projeto fictício 2718 - Saúde digital;MG;GO;2025-12-15;Validação;623219.92
2719;Projeto fictício 2719 - Energia limpa;MG;AM;2023-11-18;Validação;5022578.61
2720;Projeto fictício 2720 - Indústria 4.0;RJ;BA;2022-04-30;Concluído;999568.13
2721;Projeto fictício 2721 - Saúde digital;CE;MG;2022-06-26;Prototipagem;2107820.36
2722;Projeto fictício 2722 - Indústria 4.0;MG;DF;2025-03-19;Validação;1806376.42
2723;Projeto fictício 2723 - Agricultura;BA;MG;2022-05-07;Validação;803545.64
2724;Projeto fictício 2724 - Agricultura;BA;SP;2021-12-12;Validação;4991113.70
2725;Projeto fictício 2725 - Biotecnologia;RS;RJ;2023-04-22;Concluído;3086134.85
2726;Projeto fictício 2726 - Saúde digital;PE;CE;2023-10-02;Prototipagem;1338486.58
2727;Projeto fictício 2727 - Energia limpa;DF;PE;2024-05-16;Pesquisa;1992319.97
2728;Projeto fictício 2728 - Saúde digital;PR;PR;2023-06-30;Validação;38855.02
2729;Projeto fictício 2729 - Energia limpa;CE;DF;2022-08-28;Prototipagem;3422571.84
2730;Projeto fictício 2730 - Energia limpa;GO;PR;2025-11-14;Pesquisa;5808047.09
2731;Projeto fictício 2731 - Agricultura;CE;AC;2025-05-05;Concluído;5299560.97
2732;Projeto fictício 2732 - Biotecnologia;PE;RS;2021-05-03;Pesquisa;514236.04
2733;Projeto fictício 2733 - Saúde digital;RJ;BA;2024-10-26;Validação;4719832.70
2734;Projeto fictício 2734 - Biotecnologia;SP;AM;2022-03-02;Concluído;5198604.03
2735;Projeto fictício 2735 - Agricultura;RS;PR;2021-12-02;Desenvolvimento;4232127.02
2736;Projeto fictício 2736 - Indústria 4.0;BA;DF;2022-06-24;Validação;3056622.98
2737;Projeto fictício 2737 - Biotecnologia;CE;AC;2025-05-17;Desenvolvimento;3727965.17
2738;Projeto fictício 2738 - Indústria 4.0;RJ;BA;2026-09-10;Concluído;4962378.51
2739;Projeto fictício 2739 - Energia limpa;SP;PR;2022-03-01;Validação;1250070.40
2740;Projeto fictício 2740 - Agricultura;BA;PE;2022-11-27;Validação;5217802.64
2741;Projeto fictício 2741 - Biotecnologia;AC;AM;2022-10-20;Prototipagem;907189.50
2742;Projeto fictício 2742 - Energia limpa;DF;RJ;2023-08-04;Pesquisa;1147577.94
2743;Projeto fictício 2743 - Saúde digital;PE;SP;2025-09-02;Concluído;4445310.60
2744;Projeto fictício 2744 - Energia limpa;GO;RS;2023-07-29;Validação;1245365.96
2745;Projeto fictício 2745 - Energia limpa;AM;AM;2023-04-16;Pesquisa;1720843.51
2746;Projeto fictício 2746 - Energia limpa;GO;AM;2021-08-09;Prototipagem;4685238.97
2747;Projeto fictício 2747 - Agricultura;AC;PR;2021-07-11;Prototipagem;1585301.01
2748;Projeto fictício 2748 - Energia limpa;SP;SP;2025-04-23;Prototipagem;5123606.76
2749;Projeto fictício 2749 - Saúde digital;SP;MG;2023-02-10;Pesquisa;5940937.40
2750;Projeto fictício 2750 - Biotecnologia;PE;GO;2025-07-27;Prototipagem;1650378.07
2751;Projeto fictício 2751 - Agricultura;RJ;MG;2026-09-17;Concluído;2251304.44
2752;Projeto fictício 2752 - Saúde digital;MG;GO;2024-09-15;Desenvolvimento;1010936.60
2753;Projeto fictício 2753 - Saúde digital;AM;CE;2022-10-25;Prototipagem;184874.23
2754;Projeto fictício 2754 - Energia limpa;AM;MG;2024-04-28;Prototipagem;318899.37
2755;Projeto fictício 2755 - Indústria 4.0;CE;CE;2023-09-10;Pesquisa;2009798.11
2756;Projeto fictício 2756 - Energia limpa;RS;PE;2023-07-03;Pesquisa;373812.10
2757;Projeto fictício 2757 - Biotecnologia;SP;GO;2026-07-05;Prototipagem;3047395.65
2758;Projeto fictício 2758 - Agricultura;MG;CE;2025-09-22;Validação;1779541.16
2759;Projeto fictício 2759 - Agricultura;SP;RJ;2023-05-13;Concluído;1829803.06
2760;Projeto fictício 2760 - Indústria 4.0;BA;AC;2022-11-18;Prototipagem;2730008.58
2761;Projeto fictício 2761 - Biotecnologia;AC;RS;2023-12-14;Validação;3054400.37
2762;Projeto fictício 2762 - Saúde digital;DF;RS;2023-01-13;Concluído;1222704.68
2763;Projeto fictício 2763 - Agricultura;MG;BA;2023-10-13;Pesquisa;473400.16
2764;Projeto fictício 2764 - Indústria 4.0;PE;PE;2021-03-01;Desenvolvimento;854289.19
2765;Projeto fictício 2765 - Indústria 4.0;SP;GO;2022-06-05;Concluído;3540881.72
2766;Projeto fictício 2766 - Biotecnologia;SP;DF;2021-02-16;Pesquisa;4795053.29
2767;Projeto fictício 2767 - Biotecnologia;GO;SP;2024-10-01;Pesquisa;2708557.10
2768;Projeto fictício 2768 - Indústria 4.0;RJ;MG;2026-04-02;Desenvolvimento;475231.52
2769;Projeto fictício 2769 - Indústria 4.0;DF;PR;2024-02-17;Concluído;3730893.03
2770;Projeto fictício 2770 - Saúde digital;GO;SP;2022-11-07;Validação;4867921.68
2771;Projeto fictício 2771 - Indústria 4.0;AC;DF;2023-09-23;Pesquisa;5258526.49
2772;Projeto fictício 2772 - Agricultura;AM;BA;2026-01-11;Concluído;3508450.96
2773;Projeto fictício 2773 - Biotecnologia;RS;PE;2023-01-12;Prototipagem;4000200.18
2774;Projeto fictício 2774 - Biotecnologia;SP;SP;2026-09-16;Desenvolvimento;3768889.21
2775;Projeto fictício 2775 - Saúde digital;GO;GO;2021-11-12;Validação;4513469.28
2776;Projeto fictício 2776 - Saúde digital;AM;CE;2023-04-06;Desenvolvimento;4842492.54
2777;Projeto fictício 2777 - Indústria 4.0;BA;MG;2024-02-26;Prototipagem;5342908.00
2778;Projeto fictício 2778 - Indústria 4.0;RJ;SP;2026-07-03;Pesquisa;3973614.45
2779;Projeto fictício 2779 - Indústria 4.0;GO;RJ;2022-08-15;Prototipagem;4365298.36
2780;Projeto fictício 2780 - Indústria 4.0;PE;GO;2021-03-12;Validação;1044900.90
2781;Projeto fictício 2781 - Indústria 4.0;PE;AC;2021-02-03;Validação;257643.03
2782;Projeto fictício 2782 - Agricultura;AC;CE;2022-03-17;Desenvolvimento;2769238.86
2783;Projeto fictício 2783 - Saúde digital;CE;RJ;2023-12-27;Validação;2352712.65
2784;Projeto fictício 2784 - Biotecnologia;RS;AM;2021-01-02;Concluído;4387552.77
2785;Projeto fictício 2785 - Biotecnologia;CE;RJ;2025-01-21;Concluído;4173332.07
2786;Projeto fictício 2786 - Indústria 4.0;AM;PE;2022-12-14;Desenvolvimento;5153694.15
2787;Projeto fictício 2787 - Indústria 4.0;MG;GO;2026-02-17;Concluído;5571325.59
2788;Projeto fictício 2788 - Indústria 4.0;DF;RS;2025-03-27;Prototipagem;2051648.08
2789;Projeto fictício 2789 - Biotecnologia;GO;BA;2021-12-21;Pesquisa;2210045.18
2790;Projeto fictício 2790 - Agricultura;SP;PE;2025-11-28;Concluído;2500866.61
2791;Projeto fictício 2791 - Energia limpa;RJ;BA;2022-11-30;Desenvolvimento;5986023.17
2792;Projeto fictício 2792 - Saúde digital;RJ;SP;2026-02-16;Concluído;4431250.49
2793;Projeto fictício 2793 - Energia limpa;GO;GO;2021-09-28;Pesquisa;1340386.01
2794;Projeto fictício 2794 - Agricultura;RJ;CE;2024-10-08;Desenvolvimento;3276499.41
2795;Projeto fictício 2795 - Biotecnologia;AC;SP;2025-04-08;Validação;587211.93
2796;Projeto fictício 2796 - Agricultura;SP;RS;2025-11-19;Concluído;5468372.14
2797;Projeto fictício 2797 - Energia limpa;RJ;BA;2022-08-02;Concluído;1287755.72
2798;Projeto fictício 2798 - Indústria 4.0;AM;DF;2021-10-04;Validação;5007510.17
2799;Projeto fictício 2799 - Energia limpa;RS;MG;2023-12-03;Desenvolvimento;2108611.28
2800;Projeto fictício 2800 - Biotecnologia;GO;MG;2023-07-04;Pesquisa;3306313.16
2801;Projeto fictício 2801 - Energia limpa;RJ;CE;2024-12-10;Prototipagem;2311221.22
2802;Projeto fictício 2802 - Biotecnologia;RS;GO;2023-05-16;Validação;1004079.60
2803;Projeto fictício 2803 - Agricultura;RJ;GO;2021-11-11;Concluído;1484186.27
2804;Projeto fictício 2804 - Agricultura;SP;SP;2026-08-13;Prototipagem;2082627.25
2805;Projeto fictício 2805 - Indústria 4.0;PE;CE;2024-05-04;Pesquisa;1115541.03
2806;Projeto fictício 2806 - Saúde digital;MG;PR;2025-07-04;Concluído;4872249.09
2807;Projeto fictício 2807 - Energia limpa;BA;CE;2023-01-25;Prototipagem;1398643.15
2808;Projeto fictício 2808 - Energia limpa;AM;MG;2026-04-11;Concluído;5289118.41
2809;Projeto fictício 2809 - Indústria 4.0;SP;CE;2025-12-07;Validação;3384197.91
2810;Projeto fictício 2810 - Energia limpa;RJ;PR;2021-10-28;Validação;5933190.37
2811;Projeto fictício 2811 - Biotecnologia;RS;AC;2024-11-20;Concluído;4709478.97
2812;Projeto fictício 2812 - Saúde digital;MG;AC;2022-07-28;Pesquisa;2754787.18
2813;Projeto fictício 2813 - Energia limpa;PE;RS;2026-04-05;Prototipagem;4293123.98
2814;Projeto fictício 2814 - Indústria 4.0;DF;DF;2021-10-12;Prototipagem;909119.25
2815;Projeto fictício 2815 - Indústria 4.0;RS;MG;2023-04-01;Validação;4771130.28
2816;Projeto fictício 2816 - Indústria 4.0;DF;SP;2023-06-04;Concluído;3242887.47
2817;Projeto fictício 2817 - Energia limpa;MG;RS;2022-03-02;Concluído;1289652.81
2818;Projeto fictício 2818 - Agricultura;DF;CE;2024-03-24;Concluído;555488.21
2819;Projeto fictício 2819 - Energia limpa;MG;BA;2022-11-12;Prototipagem;2725119.88
2820;Projeto fictício 2820 - Agricultura;MG;MG;2024-08-14;Desenvolvimento;1989632.52
2821;Projeto fictício 2821 - Biotecnologia;RJ;CE;2024-04-02;Pesquisa;2177375.67
2822;Projeto fictício 2822 - Agricultura;BA;GO;2026-01-07;Pesquisa;85157.47
2823;Projeto fictício 2823 - Energia limpa;RJ;DF;2022-07-02;Validação;409620.15
2824;Projeto fictício 2824 - Biotecnologia;SP;AC;2024-11-02;Prototipagem;1147441.77
2825;Projeto fictício 2825 - Agricultura;SP;CE;2024-07-07;Desenvolvimento;5817670.03
2826;Projeto fictício 2826 - Biotecnologia;AC;RJ;2024-09-16;Desenvolvimento;2935735.40
2827;Projeto fictício 2827 - Indústria 4.0;RS;PR;2022-10-07;Prototipagem;448212.26
2828;Projeto fictício 2828 - Saúde digital;AC;PE;2024-10-01;Validação;4280663.33
2829;Projeto fictício 2829 - Agricultura;RJ;CE;2025-06-21;Desenvolvimento;3195263.79
2830;Projeto fictício 2830 - Agricultura;MG;RJ;2022-10-10;Validação;1292312.02
2831;Projeto fictício 2831 - Indústria 4.0;AM;CE;2022-11-09;Prototipagem;2175504.56
2832;Projeto fictício 2832 - Biotecnologia;MG;MG;2021-10-31;Concluído;3384617.88
2833;Projeto fictício 2833 - Energia limpa;DF;BA;2026-05-06;Prototipagem;3789871.09
2834;Projeto fictício 2834 - Saúde digital;PR;PR;2022-11-30;Desenvolvimento;4899713.69
2835;Projeto fictício 2835 - Saúde digital;DF;DF;2023-02-04;Desenvolvimento;1276754.81
2836;Projeto fictício 2836 - Agricultura;CE;AC;2025-07-04;Concluído;3991193.57
2837;Projeto fictício 2837 - Biotecnologia;SP;CE;2022-07-22;Pesquisa;1062015.36
2838;Projeto fictício 2838 - Energia limpa;MG;RJ;2022-02-04;Pesquisa;1290674.67
2839;Projeto fictício 2839 - Biotecnologia;RJ;AC;2023-05-14;Desenvolvimento;3037773.86
2840;Projeto fictício 2840 - Agricultura;CE;AM;2021-05-07;Validação;5076527.85
2841;Projeto fictício 2841 - Energia limpa;AM;CE;2022-08-26;Pesquisa;5292005.14
2842;Projeto fictício 2842 - Agricultura;SP;PE;2022-09-23;Desenvolvimento;3501782.18
2843;Projeto fictício 2843 - Energia limpa;GO;DF;2025-01-20;Pesquisa;1413856.85
2844;Projeto fictício 2844 - Biotecnologia;PE;CE;2022-06-17;Pesquisa;410195.26
2845;Projeto fictício 2845 - Biotecnologia;DF;PE;2026-05-18;Prototipagem;848590.08
2846;Projeto fictício 2846 - Agricultura;PR;DF;2024-12-27;Validação;4023320.81
2847;Projeto fictício 2847 - Energia limpa;RS;MG;2025-02-11;Concluído;4470207.26
2848;Projeto fictício 2848 - Agricultura;RS;PE;2024-03-29;Concluído;2534350.85
2849;Projeto fictício 2849 - Saúde digital;PR;RS;2022-08-24;Pesquisa;3692373.30
2850;Projeto fictício 2850 - Saúde digital;PE;SP;2021-05-22;Validação;4195281.51
2851;Projeto fictício 2851 - Biotecnologia;PR;BA;2022-06-30;Pesquisa;2349200.70
2852;Projeto fictício 2852 - Agricultura;BA;GO;2026-07-31;Pesquisa;3586935.99
2853;Projeto fictício 2853 - Saúde digital;SP;PR;2025-08-18;Pesquisa;2354555.32
2854;Projeto fictício 2854 - Indústria 4.0;PE;DF;2022-01-17;Validação;519631.83
2855;Projeto fictício 2855 - Biotecnologia;GO;GO;2021-06-15;Concluído;2147564.91
2856;Projeto fictício 2856 - Saúde digital;MG;AM;2023-06-12;Concluído;3112844.04
2857;Projeto fictício 2857 - Saúde digital;RS;AC;2022-10-28;Desenvolvimento;5409548.34
2858;Projeto fictício 2858 - Saúde digital;PE;SP;2026-08-08;Pesquisa;2002184.64
2859;Projeto fictício 2859 - Biotecnologia;RS;BA;2026-03-09;Concluído;2097319.86
2860;Projeto fictício 2860 - Saúde digital;PE;CE;2025-05-10;Validação;142229.63
2861;Projeto fictício 2861 - Biotecnologia;CE;DF;2024-11-23;Desenvolvimento;403756.71
2862;Projeto fictício 2862 - Indústria 4.0;BA;CE;2022-12-12;Concluído;3867032.10
2863;Projeto fictício 2863 - Agricultura;RS;MG;2024-08-11;Validação;5139374.48
2864;Projeto fictício 2864 - Saúde digital;AC;RS;2023-10-16;Prototipagem;2990604.18
2865;Projeto fictício 2865 - Indústria 4.0;SP;BA;2021-09-02;Prototipagem;3852051.47
2866;Projeto fictício 2866 - Saúde digital;CE;BA;2022-06-10;Validação;99247.52
2867;Projeto fictício 2867 - Agricultura;GO;SP;2025-05-22;Pesquisa;5753395.85
2868;Projeto fictício 2868 - Agricultura;BA;AC;2024-09-15;Pesquisa;1908220.34
2869;Projeto fictício 2869 - Biotecnologia;PR;RS;2026-05-22;Desenvolvimento;2713690.88
2870;Projeto fictício 2870 - Indústria 4.0;RJ;PE;2023-09-06;Desenvolvimento;5451164.85
2871;Projeto fictício 2871 - Indústria 4.0;PR;GO;2024-03-13;Validação;2557104.63
2872;Projeto fictício 2872 - Saúde digital;MG;DF;2026-02-10;Desenvolvimento;2729867.51
2873;Projeto fictício 2873 - Saúde digital;AM;DF;2024-11-10;Concluído;3994086.93
2874;Projeto fictício 2874 - Indústria 4.0;BA;MG;2026-02-15;Prototipagem;163152.40
2875;Projeto fictício 2875 - Saúde digital;CE;DF;2021-09-19;Concluído;935984.32
2876;Projeto fictício 2876 - Indústria 4.0;SP;AC;2022-07-13;Desenvolvimento;1181899.57
2877;Projeto fictício 2877 - Saúde digital;DF;PR;2023-12-28;Validação;3699249.00
2878;Projeto fictício 2878 - Biotecnologia;RS;RJ;2022-02-25;Pesquisa;4817981.71
2879;Projeto fictício 2879 - Indústria 4.0;DF;GO;2021-11-02;Validação;5007306.13
2880;Projeto fictício 2880 - Agricultura;RS;RJ;2023-11-27;Desenvolvimento;1634012.44
2881;Projeto fictício 2881 - Energia limpa;AM;RJ;2025-03-05;Validação;5726607.55
2882;Projeto fictício 2882 - Saúde digital;PR;RJ;2022-12-28;Pesquisa;4039775.55
2883;Projeto fictício 2883 - Agricultura;RJ;RJ;2022-04-05;Desenvolvimento;3184280.43
2884;Projeto fictício 2884 - Agricultura;DF;PR;2021-07-02;Prototipagem;1867245.09
2885;Projeto fictício 2885 - Biotecnologia;PE;AC;2024-10-02;Desenvolvimento;4579855.45
2886;Projeto fictício 2886 - Saúde digital;RS;GO;2026-09-20;Pesquisa;2730745.53
2887;Projeto fictício 2887 - Indústria 4.0;AM;RJ;2021-10-23;Pesquisa;2810923.05
2888;Projeto fictício 2888 - Energia limpa;BA;AC;2025-04-17;Prototipagem;5039564.73
2889;Projeto fictício 2889 - Agricultura;CE;AM;2022-02-03;Concluído;1663881.40
2890;Projeto fictício 2890 - Agricultura;SP;AM;2024-08-01;Validação;1989632.84
2891;Projeto fictício 2891 - Biotecnologia;AM;SP;2025-07-15;Pesquisa;4700376.28
2892;Projeto fictício 2892 - Agricultura;PR;PR;2023-03-19;Validação;2838487.86
2893;Projeto fictício 2893 - Energia limpa;PR;AC;2025-03-14;Pesquisa;4787369.54
2894;Projeto fictício 2894 - Agricultura;AM;SP;2022-10-13;Pesquisa;4299806.14
2895;Projeto fictício 2895 - Biotecnologia;SP;SP;2023-12-26;Validação;5872900.82
2896;Projeto fictício 2896 - Energia limpa;MG;PE;2026-02-24;Validação;1165190.98
2897;Projeto fictício 2897 - Biotecnologia;CE;GO;2022-04-15;Concluído;5724738.17
2898;Projeto fictício 2898 - Saúde digital;GO;MG;2024-09-02;Prototipagem;4252774.46
2899;Projeto fictício 2899 - Saúde digital;GO;AM;2023-12-24;Concluído;5594909.81
2900;Projeto fictício 2900 - Agricultura;GO;PE;2026-07-16;Desenvolvimento;2158526.73
2901;Projeto fictício 2901 - Agricultura;AM;PE;2021-05-29;Concluído;928980.75
2902;Projeto fictício 2902 - Indústria 4.0;PE;GO;2023-08-25;Concluído;506503.67
2903;Projeto fictício 2903 - Agricultura;CE;SP;2025-05-12;Validação;1130386.54
2904;Projeto fictício 2904 - Biotecnologia;AC;MG;2022-09-28;Pesquisa;2105253.26
2905;Projeto fictício 2905 - Agricultura;PR;GO;2021-02-17;Concluído;2734902.75
2906;Projeto fictício 2906 - Biotecnologia;SP;CE;2025-06-21;Concluído;3067085.92
2907;Projeto fictício 2907 - Agricultura;GO;RS;2026-08-30;Desenvolvimento;1369299.95
2908;Projeto fictício 2908 - Biotecnologia;AC;BA;2023-10-23;Concluído;674385.36
2909;Projeto fictício 2909 - Agricultura;SP;RJ;2021-09-01;Desenvolvimento;1256333.98
2910;Projeto fictício 2910 - Indústria 4.0;SP;RJ;2026-03-20;Concluído;4298548.35
2911;Projeto fictício 2911 - Biotecnologia;PR;PE;2021-09-08;Validação;5674143.36
2912;Projeto fictício 2912 - Saúde digital;SP;AC;2024-04-09;Concluído;1911118.22
2913;Projeto fictício 2913 - Energia limpa;PE;BA;2022-06-01;Pesquisa;2307125.33
2914;Projeto fictício 2914 - Biotecnologia;PR;PR;2022-08-20;Prototipagem;2528726.03
2915;Projeto fictício 2915 - Agricultura;BA;RS;2023-06-06;Concluído;554453.35
2916;Projeto fictício 2916 - Agricultura;AC;SP;2021-11-08;Prototipagem;4121445.89
2917;Projeto fictício 2917 - Indústria 4.0;SP;GO;2023-11-09;Concluído;2746884.59
2918;Projeto fictício 2918 - Biotecnologia;PR;GO;2023-04-16;Pesquisa;4555449.61
2919;Projeto fictício 2919 - Saúde digital;GO;AC;2023-08-12;Validação;3766254.28
2920;Projeto fictício 2920 - Biotecnologia;RS;RS;2022-11-14;Prototipagem;174324.91
2921;Projeto fictício 2921 - Biotecnologia;AC;BA;2025-11-21;Prototipagem;1745077.17
2922;Projeto fictício 2922 - Indústria 4.0;GO;AM;2021-09-03;Concluído;5186930.08
2923;Projeto fictício 2923 - Indústria 4.0;RJ;GO;2024-03-17;Pesquisa;1851420.33
2924;Projeto fictício 2924 - Energia limpa;PR;AM;2024-04-23;Prototipagem;4428616.93
2925;Projeto fictício 2925 - Biotecnologia;SP;PR;2025-12-23;Prototipagem;602898.82
2926;Projeto fictício 2926 - Energia limpa;PR;MG;2025-03-03;Validação;249706.14
2927;Projeto fictício 2927 - Indústria 4.0;RS;BA;2025-10-06;Concluído;3723909.79
2928;Projeto fictício 2928 - Saúde digital;SP;AC;2024-04-17;Desenvolvimento;438045.91
2929;Projeto fictício 2929 - Indústria 4.0;AM;CE;2021-09-21;Desenvolvimento;1863080.10
2930;Projeto fictício 2930 - Biotecnologia;DF;DF;2021-01-21;Pesquisa;5612813.97
2931;Projeto fictício 2931 - Agricultura;CE;MG;2025-08-27;Concluído;3782605.36
2932;Projeto fictício 2932 - Biotecnologia;AM;RS;2026-01-28;Pesquisa;1594512.55
2933;Projeto fictício 2933 - Energia limpa;AC;BA;2021-01-02;Prototipagem;4789559.74
2934;Projeto fictício 2934 - Saúde digital;AM;BA;2024-05-23;Concluído;3606622.56
2935;Projeto fictício 2935 - Indústria 4.0;SP;MG;2021-12-19;Validação;4929337.49
2936;Projeto fictício 2936 - Saúde digital;BA;CE;2024-01-03;Validação;5561804.02
2937;Projeto fictício 2937 - Saúde digital;GO;PE;2025-01-05;Prototipagem;135777.08
2938;Projeto fictício 2938 - Energia limpa;AC;MG;2026-08-14;Prototipagem;1553916.37
2939;Projeto fictício 2939 - Biotecnologia;SP;GO;2025-04-30;Validação;4694261.61
2940;Projeto fictício 2940 - Agricultura;RS;GO;2026-05-21;Concluído;4094634.28
2941;Projeto fictício 2941 - Energia limpa;RJ;SP;2023-02-06;Pesquisa;3638969.03
2942;Projeto fictício 2942 - Indústria 4.0;AM;AC;2024-01-07;Concluído;1189062.87
2943;Projeto fictício 2943 - Energia limpa;DF;DF;2024-06-13;Validação;5930707.49
2944;Projeto fictício 2944 - Saúde digital;DF;DF;2026-09-10;Prototipagem;4471869.56
2945;Projeto fictício 2945 - Saúde digital;PE;PR;2022-12-06;Concluído;1283620.92
2946;Projeto fictício 2946 - Saúde digital;PE;AC;2025-07-12;Concluído;3193714.40
2947;Projeto fictício 2947 - Indústria 4.0;BA;MG;2023-07-15;Pesquisa;4835595.03
2948;Projeto fictício 2948 - Energia limpa;RS;RS;2021-10-03;Desenvolvimento;675686.41
2949;Projeto fictício 2949 - Energia limpa;PE;RJ;2025-02-14;Desenvolvimento;2530092.06
2950;Projeto fictício 2950 - Agricultura;RJ;MG;2021-03-13;Desenvolvimento;2192017.12
2951;Projeto fictício 2951 - Biotecnologia;SP;SP;2024-09-05;Validação;4899839.25
2952;Projeto fictício 2952 - Biotecnologia;BA;SP;2026-03-19;Concluído;3692667.29
2953;Projeto fictício 2953 - Indústria 4.0;AM;DF;2023-12-18;Pesquisa;2737569.52
2954;Projeto fictício 2954 - Indústria 4.0;AM;RJ;2024-03-19;Prototipagem;717740.63
2955;Projeto fictício 2955 - Energia limpa;AC;PE;2026-07-22;Concluído;1297967.64
2956;Projeto fictício 2956 - Indústria 4.0;BA;BA;2026-04-15;Concluído;1055475.70
2957;Projeto fictício 2957 - Saúde digital;PR;CE;2025-10-22;Pesquisa;2412999.27
2958;Projeto fictício 2958 - Energia limpa;GO;CE;2024-02-21;Concluído;5741297.99
2959;Projeto fictício 2959 - Indústria 4.0;BA;DF;2021-05-03;Prototipagem;4940531.81
2960;Projeto fictício 2960 - Agricultura;AC;MG;2024-03-01;Pesquisa;1356430.73
2961;Projeto fictício 2961 - Agricultura;RS;SP;2023-09-22;Desenvolvimento;1412925.22
2962;Projeto fictício 2962 - Saúde digital;PE;GO;2021-11-19;Prototipagem;5029308.76
2963;Projeto fictício 2963 - Energia limpa;SP;RS;2025-07-29;Prototipagem;1169896.81
2964;Projeto fictício 2964 - Saúde digital;GO;AM;2025-09-09;Pesquisa;3206451.55
2965;Projeto fictício 2965 - Indústria 4.0;SP;CE;2021-03-27;Pesquisa;5797801.56
2966;Projeto fictício 2966 - Saúde digital;AC;AC;2025-06-08;Concluído;4997582.86
2967;Projeto fictício 2967 - Energia limpa;SP;DF;2023-10-31;Prototipagem;922188.59
2968;Projeto fictício 2968 - Biotecnologia;PE;PR;2021-03-02;Concluído;5749531.00
2969;Projeto fictício 2969 - Biotecnologia;RS;DF;2023-10-04;Pesquisa;5565004.09
2970;Projeto fictício 2970 - Indústria 4.0;CE;AC;2021-11-09;Desenvolvimento;3395405.11
2971;Projeto fictício 2971 - Agricultura;AM;RS;2025-10-18;Pesquisa;3922396.23
2972;Projeto fictício 2972 - Agricultura;AM;AC;2024-07-17;Validação;3997289.19
2973;Projeto fictício 2973 - Saúde digital;DF;SP;2025-12-14;Pesquisa;1971988.83
2974;Projeto fictício 2974 - Saúde digital;CE;DF;2021-02-16;Prototipagem;326342.13
2975;Projeto fictício 2975 - Energia limpa;AC;DF;2022-11-10;Pesquisa;4227491.81
2976;Projeto fictício 2976 - Energia limpa;DF;CE;2023-09-15;Pesquisa;3981363.68
2977;Projeto fictício 2977 - Agricultura;PR;PR;2022-10-26;Pesquisa;653543.97
2978;Projeto fictício 2978 - Energia limpa;CE;RJ;2025-10-15;Desenvolvimento;838160.73
2979;Projeto fictício 2979 - Biotecnologia;RS;GO;2021-04-07;Pesquisa;389932.70
2980;Projeto fictício 2980 - Agricultura;DF;DF;2026-03-08;Desenvolvimento;4041211.97
2981;Projeto fictício 2981 - Saúde digital;BA;BA;2022-09-13;Prototipagem;5829229.28
2982;Projeto fictício 2982 - Indústria 4.0;AC;AC;2023-02-22;Validação;5037334.84
2983;Projeto fictício 2983 - Biotecnologia;RS;PR;2026-06-25;Validação;5608083.18
2984;Projeto fictício 2984 - Agricultura;AC;AC;2022-11-23;Pesquisa;4188158.56
2985;Projeto fictício 2985 - Energia limpa;SP;RJ;2023-08-10;Desenvolvimento;877935.82
2986;Projeto fictício 2986 - Agricultura;CE;CE;2025-05-28;Pesquisa;433916.92
2987;Projeto fictício 2987 - Saúde digital;RS;CE;2026-02-19;Concluído;4005069.38
2988;Projeto fictício 2988 - Indústria 4.0;CE;GO;2025-05-14;Pesquisa;5810337.38
2989;Projeto fictício 2989 - Saúde digital;RS;PR;2025-07-16;Concluído;1805884.11
2990;Projeto fictício 2990 - Biotecnologia;RJ;BA;2023-09-14;Concluído;1426461.14
2991;Projeto fictício 2991 - Saúde digital;RJ;PR;2024-10-07;Pesquisa;1414186.69
2992;Projeto fictício 2992 - Energia limpa;CE;PR;2023-10-27;Desenvolvimento;5565583.44
2993;Projeto fictício 2993 - Agricultura;RJ;AC;2024-05-04;Desenvolvimento;4779564.14
2994;Projeto fictício 2994 - Energia limpa;BA;MG;2026-06-25;Validação;5280195.63
2995;Projeto fictício 2995 - Biotecnologia;RJ;GO;2023-11-09;Desenvolvimento;4228084.70
2996;Projeto fictício 2996 - Agricultura;RJ;AM;2023-03-04;Concluído;1925305.06
2997;Projeto fictício 2997 - Indústria 4.0;AC;RJ;2021-06-15;Prototipagem;798965.81
2998;Projeto fictício 2998 - Biotecnologia;PR;PE;2022-12-24;Desenvolvimento;4139695.72
2999;Projeto fictício 2999 - Indústria 4.0;MG;MG;2021-11-21;Validação;5887092.93
3000;Projeto fictício 3000 - Agricultura;BA;GO;2024-01-17;Validação;1264682.23
3001;Projeto fictício 3001 - Agricultura;RJ;CE;2025-03-12;Desenvolvimento;3351855.36
3002;Projeto fictício 3002 - Saúde digital;MG;AC;2024-07-22;Validação;4072566.91
3003;Projeto fictício 3003 - Indústria 4.0;PE;GO;2022-12-21;Validação;2980827.46
3004;Projeto fictício 3004 - Saúde digital;MG;PR;2024-12-20;Prototipagem;5980482.45
3005;Projeto fictício 3005 - Agricultura;RS;CE;2024-11-20;Pesquisa;2603047.85
3006;Projeto fictício 3006 - Agricultura;DF;MG;2024-09-17;Concluído;3158409.42
3007;Projeto fictício 3007 - Energia limpa;BA;SP;2026-07-10;Pesquisa;1937550.68
3008;Projeto fictício 3008 - Saúde digital;RS;MG;2026-07-04;Concluído;5089370.56
3009;Projeto fictício 3009 - Biotecnologia;RS;GO;2023-02-02;Concluído;1518265.72
3010;Projeto fictício 3010 - Biotecnologia;DF;DF;2021-08-01;Validação;965954.38
3011;Projeto fictício 3011 - Saúde digital;BA;RJ;2024-01-18;Desenvolvimento;2616749.04
3012;Projeto fictício 3012 - Biotecnologia;RS;BA;2022-02-26;Pesquisa;1723227.05
3013;Projeto fictício 3013 - Agricultura;MG;RS;2021-08-02;Prototipagem;5331886.88
3014;Projeto fictício 3014 - Energia limpa;AM;AC;2024-05-22;Pesquisa;4653589.02
3015;Projeto fictício 3015 - Biotecnologia;RS;RS;2023-05-10;Prototipagem;1468279.24
3016;Projeto fictício 3016 - Energia limpa;RS;BA;2026-09-19;Desenvolvimento;2980136.36
3017;Projeto fictício 3017 - Agricultura;PE;MG;2024-02-05;Desenvolvimento;4721822.17
3018;Projeto fictício 3018 - Biotecnologia;CE;PR;2026-08-08;Desenvolvimento;1171608.66
3019;Projeto fictício 3019 - Energia limpa;CE;RJ;2026-01-09;Validação;958803.38
3020;Projeto fictício 3020 - Agricultura;CE;CE;2023-06-20;Prototipagem;2180259.29
3021;Projeto fictício 3021 - Indústria 4.0;RS;RJ;2021-10-26;Concluído;2317450.16
3022;Projeto fictício 3022 - Saúde digital;PR;MG;2021-07-17;Validação;3363922.79
3023;Projeto fictício 3023 - Indústria 4.0;DF;DF;2023-08-18;Validação;2974358.83
3024;Projeto fictício 3024 - Indústria 4.0;AC;RJ;2022-02-06;Prototipagem;169965.65
3025;Projeto fictício 3025 - Agricultura;AC;CE;2026-03-29;Prototipagem;3973626.96
3026;Projeto fictício 3026 - Indústria 4.0;PR;CE;2023-07-03;Validação;2205848.17
3027;Projeto fictício 3027 - Biotecnologia;CE;SP;2023-12-21;Pesquisa;502654.00
3028;Projeto fictício 3028 - Energia limpa;AC;BA;2023-07-21;Pesquisa;5419549.25
3029;Projeto fictício 3029 - Energia limpa;DF;PR;2023-07-03;Validação;263599.84
3030;Projeto fictício 3030 - Indústria 4.0;BA;GO;2023-06-24;Concluído;3360576.54
3031;Projeto fictício 3031 - Energia limpa;GO;PE;2021-06-16;Validação;984772.82
3032;Projeto fictício 3032 - Indústria 4.0;PR;AM;2024-10-03;Concluído;5878837.51
3033;Projeto fictício 3033 - Agricultura;DF;AM;2021-05-11;Concluído;1011634.57
3034;Projeto fictício 3034 - Saúde digital;MG;SP;2024-08-07;Validação;1035573.03
3035;Projeto fictício 3035 - Agricultura;MG;PE;2022-02-14;Concluído;4545560.38
3036;Projeto fictício 3036 - Agricultura;MG;BA;2025-02-12;Desenvolvimento;4466770.20
3037;Projeto fictício 3037 - Energia limpa;MG;CE;2022-09-02;Desenvolvimento;1998126.79
3038;Projeto fictício 3038 - Saúde digital;CE;RJ;2023-12-06;Validação;3112671.28
3039;Projeto fictício 3039 - Saúde digital;GO;GO;2026-01-29;Validação;950251.29
3040;Projeto fictício 3040 - Energia limpa;MG;CE;2022-04-12;Desenvolvimento;4213741.79
3041;Projeto fictício 3041 - Energia limpa;AC;PR;2022-07-11;Prototipagem;3464982.88
3042;Projeto fictício 3042 - Biotecnologia;BA;MG;2025-11-23;Desenvolvimento;5594012.79
3043;Projeto fictício 3043 - Indústria 4.0;GO;MG;2026-01-24;Validação;4109699.38
3044;Projeto fictício 3044 - Agricultura;AM;PE;2026-03-13;Desenvolvimento;2991483.93
3045;Projeto fictício 3045 - Saúde digital;MG;PR;2024-07-18;Pesquisa;1682103.33
3046;Projeto fictício 3046 - Biotecnologia;MG;RJ;2021-08-21;Prototipagem;629827.31
3047;Projeto fictício 3047 - Agricultura;RJ;PR;2022-08-31;Pesquisa;4113692.94
3048;Projeto fictício 3048 - Indústria 4.0;DF;PR;2022-11-14;Desenvolvimento;5577157.30
3049;Projeto fictício 3049 - Agricultura;PR;SP;2021-08-05;Prototipagem;520916.75
3050;Projeto fictício 3050 - Indústria 4.0;AC;BA;2023-06-25;Prototipagem;2191402.48
3051;Projeto fictício 3051 - Biotecnologia;RJ;AC;2021-09-11;Desenvolvimento;3265412.06
3052;Projeto fictício 3052 - Indústria 4.0;RS;DF;2025-04-16;Desenvolvimento;289629.51
3053;Projeto fictício 3053 - Biotecnologia;GO;AM;2023-09-08;Prototipagem;2794063.17
3054;Projeto fictício 3054 - Energia limpa;RS;AM;2023-11-07;Prototipagem;3490861.57
3055;Projeto fictício 3055 - Saúde digital;DF;GO;2022-12-05;Prototipagem;1236595.46
3056;Projeto fictício 3056 - Indústria 4.0;AC;AC;2025-07-15;Prototipagem;5512067.89
3057;Projeto fictício 3057 - Agricultura;PE;PR;2023-05-16;Concluído;4393418.75
3058;Projeto fictício 3058 - Indústria 4.0;PE;SP;2026-06-08;Concluído;2703260.12
3059;Projeto fictício 3059 - Biotecnologia;GO;PR;2025-05-13;Validação;5445005.20
3060;Projeto fictício 3060 - Saúde digital;PE;DF;2025-02-24;Desenvolvimento;82135.28
3061;Projeto fictício 3061 - Energia limpa;MG;RJ;2023-03-25;Desenvolvimento;2021990.73
3062;Projeto fictício 3062 - Indústria 4.0;MG;CE;2026-09-07;Validação;2298781.64
3063;Projeto fictício 3063 - Energia limpa;PR;BA;2023-04-13;Desenvolvimento;5121970.54
3064;Projeto fictício 3064 - Saúde digital;RS;RS;2025-03-28;Pesquisa;5969066.27
3065;Projeto fictício 3065 - Saúde digital;PE;MG;2022-11-29;Desenvolvimento;4699469.61
3066;Projeto fictício 3066 - Energia limpa;GO;AM;2023-09-01;Prototipagem;3403886.59
3067;Projeto fictício 3067 - Energia limpa;AC;PE;2024-01-18;Validação;3501589.80
3068;Projeto fictício 3068 - Saúde digital;SP;CE;2026-06-25;Validação;5163304.34
3069;Projeto fictício 3069 - Biotecnologia;RJ;PR;2026-07-01;Desenvolvimento;3427277.78
3070;Projeto fictício 3070 - Indústria 4.0;DF;PR;2026-02-10;Prototipagem;2907304.99
3071;Projeto fictício 3071 - Indústria 4.0;CE;SP;2022-11-06;Desenvolvimento;5389130.55
3072;Projeto fictício 3072 - Energia limpa;MG;PE;2021-03-31;Prototipagem;5382617.67
3073;Projeto fictício 3073 - Agricultura;BA;AM;2023-12-07;Prototipagem;3556798.25
3074;Projeto fictício 3074 - Biotecnologia;BA;DF;2024-02-13;Prototipagem;4083938.14
3075;Projeto fictício 3075 - Biotecnologia;BA;BA;2023-04-22;Pesquisa;4726580.53
3076;Projeto fictício 3076 - Agricultura;GO;RS;2021-07-16;Validação;5865701.73
3077;Projeto fictício 3077 - Energia limpa;CE;RS;2024-11-24;Validação;5322763.51
3078;Projeto fictício 3078 - Saúde digital;PE;AC;2026-04-21;Desenvolvimento;499644.90
3079;Projeto fictício 3079 - Biotecnologia;RJ;AM;2024-09-16;Pesquisa;328406.32
3080;Projeto fictício 3080 - Saúde digital;RJ;SP;2023-12-24;Prototipagem;722320.31
3081;Projeto fictício 3081 - Energia limpa;DF;RS;2023-10-10;Prototipagem;162368.53
3082;Projeto fictício 3082 - Saúde digital;MG;DF;2025-12-15;Validação;1168190.80
3083;Projeto fictício 3083 - Biotecnologia;AM;BA;2025-05-06;Pesquisa;5448340.84
3084;Projeto fictício 3084 - Biotecnologia;RJ;DF;2022-07-18;Desenvolvimento;2231369.76
3085;Projeto fictício 3085 - Agricultura;SP;RJ;2023-11-10;Prototipagem;5935108.92
3086;Projeto fictício 3086 - Saúde digital;PE;DF;2025-05-20;Desenvolvimento;660526.85
3087;Projeto fictício 3087 - Agricultura;RS;RS;2023-10-13;Prototipagem;2388620.81
3088;Projeto fictício 3088 - Agricultura;MG;PR;2022-04-09;Pesquisa;1640049.51
3089;Projeto fictício 3089 - Saúde digital;RJ;PE;2026-05-06;Validação;1959214.82
3090;Projeto fictício 3090 - Saúde digital;AM;CE;2023-07-01;Pesquisa;895166.12
3091;Projeto fictício 3091 - Indústria 4.0;PE;CE;2021-04-22;Pesquisa;1448776.37
3092;Projeto fictício 3092 - Indústria 4.0;PR;DF;2025-08-16;Desenvolvimento;3384291.95
3093;Projeto fictício 3093 - Saúde digital;RS;RS;2022-10-01;Validação;392413.45
3094;Projeto fictício 3094 - Saúde digital;AM;PR;2025-10-07;Validação;160264.40
3095;Projeto fictício 3095 - Biotecnologia;PR;PR;2022-05-29;Pesquisa;1231430.47
3096;Projeto fictício 3096 - Agricultura;SP;RJ;2021-09-23;Desenvolvimento;2046841.87
3097;Projeto fictício 3097 - Indústria 4.0;PR;PR;2021-01-04;Validação;3039252.45
3098;Projeto fictício 3098 - Agricultura;RJ;PR;2026-05-18;Prototipagem;2025591.49
3099;Projeto fictício 3099 - Energia limpa;DF;PR;2026-02-11;Pesquisa;4717734.28
3100;Projeto fictício 3100 - Energia limpa;PE;RS;2022-11-04;Pesquisa;3305313.09
3101;Projeto fictício 3101 - Biotecnologia;BA;PE;2022-09-27;Desenvolvimento;4939823.66
3102;Projeto fictício 3102 - Energia limpa;DF;DF;2022-09-27;Pesquisa;3005615.08
3103;Projeto fictício 3103 - Biotecnologia;AM;GO;2022-11-14;Concluído;5592676.88
3104;Projeto fictício 3104 - Energia limpa;DF;RS;2021-04-22;Desenvolvimento;4117355.68
3105;Projeto fictício 3105 - Energia limpa;PR;CE;2024-09-22;Prototipagem;3822273.70
3106;Projeto fictício 3106 - Saúde digital;RS;BA;2021-04-07;Prototipagem;3000343.86
3107;Projeto fictício 3107 - Indústria 4.0;RS;AM;2021-02-01;Prototipagem;501909.36
3108;Projeto fictício 3108 - Agricultura;SP;DF;2022-04-08;Concluído;1738672.46
3109;Projeto fictício 3109 - Saúde digital;GO;AC;2024-01-20;Concluído;3587233.19
3110;Projeto fictício 3110 - Agricultura;BA;AM;2023-10-09;Desenvolvimento;2742065.29
3111;Projeto fictício 3111 - Energia limpa;RJ;SP;2022-07-23;Concluído;987076.27
3112;Projeto fictício 3112 - Indústria 4.0;AM;AC;2025-09-19;Concluído;2917535.62
3113;Projeto fictício 3113 - Biotecnologia;AM;RS;2023-07-20;Pesquisa;1849436.03
3114;Projeto fictício 3114 - Saúde digital;PE;PE;2022-05-29;Concluído;3489967.51
3115;Projeto fictício 3115 - Biotecnologia;CE;DF;2024-04-18;Validação;862211.37
3116;Projeto fictício 3116 - Biotecnologia;PE;PE;2024-08-24;Pesquisa;4155723.62
3117;Projeto fictício 3117 - Biotecnologia;DF;MG;2026-06-10;Concluído;5826351.30
3118;Projeto fictício 3118 - Indústria 4.0;AM;PE;2024-08-07;Desenvolvimento;4144095.65
3119;Projeto fictício 3119 - Biotecnologia;PR;PR;2023-09-02;Prototipagem;4608209.85
3120;Projeto fictício 3120 - Saúde digital;AM;MG;2024-09-07;Desenvolvimento;796392.54
3121;Projeto fictício 3121 - Agricultura;BA;CE;2026-05-04;Pesquisa;1126625.61
3122;Projeto fictício 3122 - Agricultura;CE;PR;2023-07-29;Concluído;4007580.22
3123;Projeto fictício 3123 - Agricultura;BA;BA;2024-06-14;Validação;4174523.04
3124;Projeto fictício 3124 - Indústria 4.0;RS;MG;2021-02-07;Pesquisa;1025335.45
3125;Projeto fictício 3125 - Biotecnologia;GO;GO;2024-08-19;Prototipagem;2533663.49
3126;Projeto fictício 3126 - Indústria 4.0;GO;RJ;2024-09-02;Pesquisa;1258446.90
3127;Projeto fictício 3127 - Indústria 4.0;DF;AC;2022-05-12;Desenvolvimento;863742.18
3128;Projeto fictício 3128 - Indústria 4.0;CE;PE;2022-12-01;Prototipagem;2957512.30
3129;Projeto fictício 3129 - Biotecnologia;MG;MG;2025-02-27;Concluído;1691443.74
3130;Projeto fictício 3130 - Biotecnologia;RJ;RJ;2025-04-24;Validação;609753.46
3131;Projeto fictício 3131 - Indústria 4.0;PR;CE;2024-03-28;Prototipagem;1644072.10
3132;Projeto fictício 3132 - Biotecnologia;RS;CE;2022-10-29;Desenvolvimento;2035074.84
3133;Projeto fictício 3133 - Saúde digital;RJ;PR;2021-05-13;Prototipagem;5623256.59
3134;Projeto fictício 3134 - Biotecnologia;MG;PE;2023-02-19;Pesquisa;2587926.64
3135;Projeto fictício 3135 - Indústria 4.0;PR;DF;2025-03-24;Pesquisa;648407.12
3136;Projeto fictício 3136 - Energia limpa;CE;RS;2022-12-09;Validação;4241953.55
3137;Projeto fictício 3137 - Saúde digital;MG;RJ;2026-04-08;Desenvolvimento;1693385.89
3138;Projeto fictício 3138 - Energia limpa;SP;AM;2026-04-26;Desenvolvimento;5168395.58
3139;Projeto fictício 3139 - Saúde digital;PE;GO;2025-07-16;Desenvolvimento;5201284.89
3140;Projeto fictício 3140 - Agricultura;AM;AM;2023-01-22;Validação;5835364.08
3141;Projeto fictício 3141 - Indústria 4.0;GO;GO;2024-05-28;Desenvolvimento;1732897.53
3142;Projeto fictício 3142 - Indústria 4.0;AM;RJ;2023-02-01;Prototipagem;5430553.50
3143;Projeto fictício 3143 - Saúde digital;AM;GO;2023-09-06;Desenvolvimento;4865670.81
3144;Projeto fictício 3144 - Energia limpa;RJ;RS;2021-12-03;Validação;2469512.46
3145;Projeto fictício 3145 - Indústria 4.0;DF;DF;2023-07-05;Concluído;1735351.73
3146;Projeto fictício 3146 - Indústria 4.0;AM;DF;2022-02-25;Desenvolvimento;5660411.34
3147;Projeto fictício 3147 - Indústria 4.0;PR;BA;2024-04-28;Pesquisa;3487305.61
3148;Projeto fictício 3148 - Energia limpa;AM;CE;2022-05-14;Prototipagem;4171030.66
3149;Projeto fictício 3149 - Saúde digital;PR;DF;2024-02-13;Validação;4494436.77
3150;Projeto fictício 3150 - Saúde digital;SP;GO;2026-03-08;Desenvolvimento;3935594.52
3151;Projeto fictício 3151 - Saúde digital;GO;RS;2022-04-19;Pesquisa;2974690.63
3152;Projeto fictício 3152 - Biotecnologia;BA;BA;2024-07-25;Concluído;286887.13
3153;Projeto fictício 3153 - Biotecnologia;CE;PR;2024-05-18;Desenvolvimento;4039558.77
3154;Projeto fictício 3154 - Biotecnologia;BA;RJ;2022-10-04;Validação;1535294.62
3155;Projeto fictício 3155 - Energia limpa;RS;DF;2021-04-13;Prototipagem;5762819.50
3156;Projeto fictício 3156 - Biotecnologia;RJ;RS;2021-06-16;Validação;2614496.63
3157;Projeto fictício 3157 - Saúde digital;SP;AM;2021-03-03;Validação;743459.43
3158;Projeto fictício 3158 - Saúde digital;RJ;CE;2022-04-27;Pesquisa;735968.74
3159;Projeto fictício 3159 - Saúde digital;AM;PE;2022-11-10;Validação;335089.41
3160;Projeto fictício 3160 - Indústria 4.0;RJ;AC;2025-07-13;Desenvolvimento;694486.26
3161;Projeto fictício 3161 - Saúde digital;GO;MG;2026-04-09;Validação;3821460.89
3162;Projeto fictício 3162 - Saúde digital;BA;SP;2026-05-17;Validação;2277056.72
3163;Projeto fictício 3163 - Indústria 4.0;BA;CE;2021-03-12;Desenvolvimento;2269866.88
3164;Projeto fictício 3164 - Saúde digital;PR;SP;2023-02-23;Desenvolvimento;2531050.31
3165;Projeto fictício 3165 - Biotecnologia;RS;DF;2022-10-25;Pesquisa;426209.91
3166;Projeto fictício 3166 - Biotecnologia;GO;AM;2024-07-25;Validação;1524260.11
3167;Projeto fictício 3167 - Indústria 4.0;DF;RS;2021-01-26;Prototipagem;5818240.66
3168;Projeto fictício 3168 - Agricultura;RS;CE;2026-03-31;Pesquisa;5550352.77
3169;Projeto fictício 3169 - Energia limpa;DF;CE;2025-08-21;Pesquisa;4002471.21
3170;Projeto fictício 3170 - Indústria 4.0;AM;PE;2023-08-13;Pesquisa;2460950.04
3171;Projeto fictício 3171 - Agricultura;BA;RS;2024-06-24;Desenvolvimento;5329101.40
3172;Projeto fictício 3172 - Biotecnologia;PE;BA;2025-01-19;Desenvolvimento;4885657.33
3173;Projeto fictício 3173 - Biotecnologia;RS;RJ;2026-03-01;Desenvolvimento;2747869.23
3174;Projeto fictício 3174 - Saúde digital;PE;AC;2025-01-18;Prototipagem;5531951.21
3175;Projeto fictício 3175 - Indústria 4.0;RJ;SP;2024-08-12;Prototipagem;3566593.79
3176;Projeto fictício 3176 - Saúde digital;BA;RJ;2022-02-28;Pesquisa;2597612.72
3177;Projeto fictício 3177 - Biotecnologia;SP;MG;2025-08-12;Validação;3053224.25
3178;Projeto fictício 3178 - Agricultura;RS;RJ;2026-05-02;Validação;3799329.46
3179;Projeto fictício 3179 - Saúde digital;CE;PR;2022-05-26;Prototipagem;2770543.19
3180;Projeto fictício 3180 - Saúde digital;GO;SP;2022-04-07;Desenvolvimento;1086530.06
3181;Projeto fictício 3181 - Biotecnologia;AC;BA;2023-07-08;Validação;525814.33
3182;Projeto fictício 3182 - Indústria 4.0;SP;SP;2025-10-01;Prototipagem;1267913.20
3183;Projeto fictício 3183 - Biotecnologia;AC;GO;2021-08-03;Prototipagem;3867201.85
3184;Projeto fictício 3184 - Indústria 4.0;AM;AM;2021-01-22;Validação;1630388.60
3185;Projeto fictício 3185 - Biotecnologia;AC;CE;2024-09-12;Concluído;4148175.96
3186;Projeto fictício 3186 - Biotecnologia;PE;RS;2025-06-02;Prototipagem;5915706.37
3187;Projeto fictício 3187 - Biotecnologia;AC;BA;2021-06-21;Concluído;436505.86
3188;Projeto fictício 3188 - Agricultura;PR;AC;2023-09-24;Pesquisa;3212872.95
3189;Projeto fictício 3189 - Indústria 4.0;CE;SP;2025-09-21;Validação;4496628.10
3190;Projeto fictício 3190 - Indústria 4.0;RS;AC;2025-04-24;Pesquisa;1960225.51
3191;Projeto fictício 3191 - Energia limpa;CE;SP;2023-04-24;Concluído;312696.12
3192;Projeto fictício 3192 - Saúde digital;PR;RS;2021-11-25;Pesquisa;719811.35
3193;Projeto fictício 3193 - Agricultura;PR;DF;2023-01-29;Pesquisa;5062601.03
3194;Projeto fictício 3194 - Indústria 4.0;GO;DF;2025-07-09;Validação;689347.54
3195;Projeto fictício 3195 - Indústria 4.0;AM;RS;2024-03-17;Desenvolvimento;3445778.10
3196;Projeto fictício 3196 - Agricultura;RS;SP;2023-06-05;Prototipagem;5716172.90
3197;Projeto fictício 3197 - Biotecnologia;AM;BA;2022-07-06;Desenvolvimento;3716005.40
3198;Projeto fictício 3198 - Saúde digital;RJ;RS;2022-02-19;Validação;2557850.27
3199;Projeto fictício 3199 - Energia limpa;SP;PE;2021-07-15;Prototipagem;5580124.33
3200;Projeto fictício 3200 - Energia limpa;CE;AC;2022-12-23;Desenvolvimento;947502.30
3201;Projeto fictício 3201 - Saúde digital;PE;SP;2026-06-11;Desenvolvimento;120692.82
3202;Projeto fictício 3202 - Indústria 4.0;BA;AC;2025-12-16;Prototipagem;3506617.73
3203;Projeto fictício 3203 - Saúde digital;MG;GO;2026-05-05;Pesquisa;2005224.11
3204;Projeto fictício 3204 - Indústria 4.0;BA;CE;2024-11-06;Concluído;932860.22
3205;Projeto fictício 3205 - Agricultura;PE;PR;2022-06-05;Prototipagem;4094320.36
3206;Projeto fictício 3206 - Agricultura;AC;AM;2025-01-31;Validação;5427567.24
3207;Projeto fictício 3207 - Agricultura;PR;RS;2022-08-15;Desenvolvimento;4846629.72
3208;Projeto fictício 3208 - Indústria 4.0;PR;MG;2023-02-20;Pesquisa;3785444.20
3209;Projeto fictício 3209 - Indústria 4.0;PE;RJ;2025-10-24;Concluído;3773507.88
3210;Projeto fictício 3210 - Energia limpa;MG;DF;2025-07-04;Prototipagem;1076577.09
3211;Projeto fictício 3211 - Saúde digital;RJ;AM;2026-09-21;Desenvolvimento;4655606.81
3212;Projeto fictício 3212 - Energia limpa;MG;PE;2025-11-27;Pesquisa;1807982.78
3213;Projeto fictício 3213 - Agricultura;MG;CE;2022-04-02;Pesquisa;1786860.88
3214;Projeto fictício 3214 - Saúde digital;SP;PR;2021-10-04;Prototipagem;5819328.48
3215;Projeto fictício 3215 - Agricultura;AM;RJ;2025-09-20;Concluído;1451557.41
3216;Projeto fictício 3216 - Agricultura;CE;RS;2025-02-28;Desenvolvimento;4197840.82
3217;Projeto fictício 3217 - Energia limpa;AM;AM;2023-12-31;Concluído;1692146.51
3218;Projeto fictício 3218 - Energia limpa;SP;MG;2025-09-18;Desenvolvimento;1781392.77
3219;Projeto fictício 3219 - Indústria 4.0;PR;AC;2024-07-06;Prototipagem;4325064.30
3220;Projeto fictício 3220 - Agricultura;AM;GO;2024-08-04;Concluído;5602481.31
3221;Projeto fictício 3221 - Indústria 4.0;PR;BA;2026-03-20;Prototipagem;751818.48
3222;Projeto fictício 3222 - Indústria 4.0;PR;BA;2025-12-23;Pesquisa;30134.51
3223;Projeto fictício 3223 - Agricultura;CE;MG;2021-05-04;Concluído;2666223.77
3224;Projeto fictício 3224 - Biotecnologia;GO;RJ;2026-08-08;Pesquisa;4118692.07
3225;Projeto fictício 3225 - Indústria 4.0;DF;BA;2024-01-18;Desenvolvimento;2062945.77
3226;Projeto fictício 3226 - Indústria 4.0;AC;AM;2022-02-11;Prototipagem;5922692.15
3227;Projeto fictício 3227 - Indústria 4.0;RS;RJ;2021-12-02;Validação;4212003.59
3228;Projeto fictício 3228 - Saúde digital;AC;DF;2026-06-23;Desenvolvimento;3577720.33
3229;Projeto fictício 3229 - Energia limpa;AM;RS;2026-04-07;Validação;3931721.50
3230;Projeto fictício 3230 - Saúde digital;RJ;BA;2024-06-10;Prototipagem;5779442.54
3231;Projeto fictício 3231 - Biotecnologia;RS;AC;2025-02-16;Prototipagem;2220001.21
3232;Projeto fictício 3232 - Saúde digital;BA;PE;2025-01-18;Validação;663150.10
3233;Projeto fictício 3233 - Indústria 4.0;GO;RS;2023-12-07;Concluído;4732705.60
3234;Projeto fictício 3234 - Agricultura;CE;MG;2025-04-11;Validação;4905635.38
3235;Projeto fictício 3235 - Indústria 4.0;MG;CE;2022-08-01;Desenvolvimento;2503617.56
3236;Projeto fictício 3236 - Indústria 4.0;GO;AM;2025-02-04;Pesquisa;1573108.45
3237;Projeto fictício 3237 - Agricultura;SP;BA;2021-03-11;Pesquisa;3391578.16
3238;Projeto fictício 3238 - Energia limpa;SP;SP;2023-09-27;Concluído;4115976.66
3239;Projeto fictício 3239 - Saúde digital;PR;AC;2024-07-18;Concluído;3914205.70
3240;Projeto fictício 3240 - Agricultura;CE;MG;2024-02-06;Concluído;164069.01
3241;Projeto fictício 3241 - Indústria 4.0;RS;AC;2024-08-02;Prototipagem;205263.50
3242;Projeto fictício 3242 - Energia limpa;PE;RS;2025-01-11;Pesquisa;1329865.44
3243;Projeto fictício 3243 - Energia limpa;CE;MG;2021-05-03;Prototipagem;4366759.93
3244;Projeto fictício 3244 - Indústria 4.0;CE;RS;2025-12-15;Pesquisa;4658740.26
3245;Projeto fictício 3245 - Saúde digital;RJ;PR;2021-02-26;Pesquisa;441782.50
3246;Projeto fictício 3246 - Saúde digital;GO;PE;2022-02-24;Validação;4865683.97
3247;Projeto fictício 3247 - Biotecnologia;CE;BA;2025-02-15;Pesquisa;4274660.92
3248;Projeto fictício 3248 - Agricultura;CE;CE;2025-08-02;Concluído;3997130.24
3249;Projeto fictício 3249 - Indústria 4.0;DF;AC;2021-12-14;Validação;4438568.67
3250;Projeto fictício 3250 - Agricultura;BA;AM;2024-12-22;Validação;2997168.18
3251;Projeto fictício 3251 - Indústria 4.0;PE;GO;2024-01-20;Prototipagem;1978893.76
3252;Projeto fictício 3252 - Indústria 4.0;GO;RS;2025-03-24;Prototipagem;1457798.43
3253;Projeto fictício 3253 - Energia limpa;GO;GO;2023-04-06;Validação;4606319.74
3254;Projeto fictício 3254 - Agricultura;SP;AC;2026-08-30;Prototipagem;5905143.36
3255;Projeto fictício 3255 - Agricultura;DF;AC;2022-10-17;Prototipagem;3318366.18
3256;Projeto fictício 3256 - Energia limpa;SP;AC;2025-10-17;Desenvolvimento;836943.94
3257;Projeto fictício 3257 - Biotecnologia;SP;GO;2021-12-22;Concluído;2950492.97
3258;Projeto fictício 3258 - Agricultura;PE;AC;2022-09-07;Prototipagem;5676097.41
3259;Projeto fictício 3259 - Indústria 4.0;RS;DF;2026-07-21;Concluído;358768.35
3260;Projeto fictício 3260 - Agricultura;DF;RS;2025-07-24;Validação;3615710.14
3261;Projeto fictício 3261 - Energia limpa;RJ;PR;2022-01-18;Pesquisa;1332659.68
3262;Projeto fictício 3262 - Saúde digital;BA;PR;2026-06-26;Prototipagem;2128195.35
3263;Projeto fictício 3263 - Indústria 4.0;DF;RS;2026-08-26;Desenvolvimento;2224768.41
3264;Projeto fictício 3264 - Indústria 4.0;DF;CE;2022-06-07;Desenvolvimento;1693468.73
3265;Projeto fictício 3265 - Biotecnologia;CE;AM;2021-12-16;Concluído;5886957.26
3266;Projeto fictício 3266 - Biotecnologia;DF;BA;2021-04-30;Pesquisa;4121916.18
3267;Projeto fictício 3267 - Indústria 4.0;DF;MG;2022-03-02;Pesquisa;5586404.03
3268;Projeto fictício 3268 - Agricultura;RJ;AC;2024-03-29;Pesquisa;4215481.13
3269;Projeto fictício 3269 - Saúde digital;PE;CE;2021-04-24;Desenvolvimento;4240777.41
3270;Projeto fictício 3270 - Indústria 4.0;SP;PE;2024-09-05;Prototipagem;5382533.10
3271;Projeto fictício 3271 - Biotecnologia;RS;RJ;2022-07-29;Concluído;1076517.00
3272;Projeto fictício 3272 - Indústria 4.0;CE;RJ;2023-12-18;Prototipagem;5176285.80
3273;Projeto fictício 3273 - Indústria 4.0;PE;AM;2023-11-03;Pesquisa;4928659.41
3274;Projeto fictício 3274 - Energia limpa;PR;AC;2023-09-16;Desenvolvimento;4072222.10
3275;Projeto fictício 3275 - Saúde digital;CE;AM;2024-07-30;Prototipagem;5107808.54
3276;Projeto fictício 3276 - Agricultura;MG;BA;2023-02-02;Pesquisa;4205462.43
3277;Projeto fictício 3277 - Energia limpa;BA;MG;2024-11-25;Desenvolvimento;2214528.10
3278;Projeto fictício 3278 - Indústria 4.0;SP;MG;2026-04-11;Pesquisa;4489714.29
3279;Projeto fictício 3279 - Agricultura;AM;PE;2023-07-10;Validação;1703926.15
3280;Projeto fictício 3280 - Energia limpa;DF;DF;2021-11-09;Pesquisa;3578694.42
3281;Projeto fictício 3281 - Agricultura;CE;SP;2022-08-01;Validação;5889799.94
3282;Projeto fictício 3282 - Agricultura;PE;PR;2022-03-29;Validação;3378953.49
3283;Projeto fictício 3283 - Saúde digital;PR;RJ;2021-03-07;Pesquisa;1146054.81
3284;Projeto fictício 3284 - Energia limpa;CE;AC;2021-06-01;Concluído;5803169.11
3285;Projeto fictício 3285 - Energia limpa;PE;SP;2026-04-16;Pesquisa;1155402.35
3286;Projeto fictício 3286 - Saúde digital;CE;DF;2021-04-17;Validação;2403015.85
3287;Projeto fictício 3287 - Saúde digital;RS;CE;2024-05-17;Concluído;711966.70
3288;Projeto fictício 3288 - Indústria 4.0;CE;GO;2023-10-10;Pesquisa;4863712.86
3289;Projeto fictício 3289 - Indústria 4.0;RS;GO;2023-08-27;Prototipagem;4442039.89
3290;Projeto fictício 3290 - Energia limpa;AC;CE;2021-05-20;Desenvolvimento;2787387.85
3291;Projeto fictício 3291 - Biotecnologia;DF;RJ;2023-11-28;Concluído;4972763.88
3292;Projeto fictício 3292 - Energia limpa;SP;RS;2024-01-31;Validação;2423766.57
3293;Projeto fictício 3293 - Biotecnologia;DF;RS;2026-05-03;Validação;5427089.60
3294;Projeto fictício 3294 - Energia limpa;RS;DF;2021-04-08;Pesquisa;2777511.54
3295;Projeto fictício 3295 - Indústria 4.0;RJ;MG;2024-10-25;Pesquisa;223486.66
3296;Projeto fictício 3296 - Saúde digital;CE;PE;2022-02-27;Prototipagem;728925.58
3297;Projeto fictício 3297 - Energia limpa;RS;RS;2023-01-12;Concluído;3852167.11
3298;Projeto fictício 3298 - Energia limpa;PR;CE;2024-01-28;Prototipagem;3319582.68
3299;Projeto fictício 3299 - Indústria 4.0;PR;PE;2022-02-25;Desenvolvimento;3571439.75
3300;Projeto fictício 3300 - Agricultura;CE;RJ;2021-05-01;Pesquisa;2535282.23
3301;Projeto fictício 3301 - Saúde digital;PE;AC;2026-03-26;Validação;4887741.58
3302;Projeto fictício 3302 - Energia limpa;BA;DF;2024-09-05;Validação;2570251.10
3303;Projeto fictício 3303 - Energia limpa;AM;SP;2025-10-21;Prototipagem;596337.14
3304;Projeto fictício 3304 - Agricultura;RS;RS;2023-10-24;Pesquisa;3307069.60
3305;Projeto fictício 3305 - Biotecnologia;BA;RS;2023-03-08;Validação;1485929.54
3306;Projeto fictício 3306 - Saúde digital;CE;SP;2021-06-17;Desenvolvimento;608293.91
3307;Projeto fictício 3307 - Agricultura;PR;PE;2026-01-26;Prototipagem;5119298.38
3308;Projeto fictício 3308 - Energia limpa;MG;GO;2023-03-27;Validação;2121821.38
3309;Projeto fictício 3309 - Energia limpa;SP;AC;2025-04-21;Pesquisa;2887827.25
3310;Projeto fictício 3310 - Energia limpa;PR;PR;2026-06-25;Concluído;1666088.02
3311;Projeto fictício 3311 - Biotecnologia;PR;MG;2025-10-16;Desenvolvimento;1833518.89
3312;Projeto fictício 3312 - Indústria 4.0;DF;DF;2025-08-30;Validação;3855116.00
3313;Projeto fictício 3313 - Energia limpa;GO;PE;2026-07-21;Pesquisa;5708981.38
3314;Projeto fictício 3314 - Agricultura;RS;SP;2021-04-13;Concluído;3985239.73
3315;Projeto fictício 3315 - Biotecnologia;PE;CE;2024-02-28;Validação;1274381.26
3316;Projeto fictício 3316 - Biotecnologia;DF;BA;2024-06-14;Pesquisa;5930349.27
3317;Projeto fictício 3317 - Indústria 4.0;RJ;SP;2026-01-10;Desenvolvimento;5179438.61
3318;Projeto fictício 3318 - Energia limpa;BA;SP;2022-07-27;Desenvolvimento;923658.65
3319;Projeto fictício 3319 - Energia limpa;RS;AM;2026-06-22;Prototipagem;969849.81
3320;Projeto fictício 3320 - Indústria 4.0;RS;AM;2025-12-17;Desenvolvimento;4170043.29
3321;Projeto fictício 3321 - Agricultura;CE;PR;2021-05-01;Desenvolvimento;4331555.17
3322;Projeto fictício 3322 - Biotecnologia;SP;CE;2025-03-01;Concluído;4136737.74
3323;Projeto fictício 3323 - Agricultura;BA;RS;2024-05-22;Concluído;4188868.09
3324;Projeto fictício 3324 - Biotecnologia;PE;DF;2026-09-23;Desenvolvimento;2542526.38
3325;Projeto fictício 3325 - Agricultura;PR;DF;2023-03-16;Pesquisa;2614800.60
3326;Projeto fictício 3326 - Saúde digital;GO;MG;2023-10-22;Validação;1152479.83
3327;Projeto fictício 3327 - Indústria 4.0;PE;RJ;2026-09-20;Concluído;2745718.81
3328;Projeto fictício 3328 - Agricultura;CE;DF;2023-05-20;Concluído;2504347.37
3329;Projeto fictício 3329 - Indústria 4.0;AC;AC;2026-02-23;Validação;4633604.07
3330;Projeto fictício 3330 - Energia limpa;MG;AC;2021-09-12;Desenvolvimento;3823885.47
3331;Projeto fictício 3331 - Agricultura;AC;RJ;2024-12-18;Concluído;1284709.11
3332;Projeto fictício 3332 - Biotecnologia;AC;SP;2022-06-15;Concluído;1835605.47
3333;Projeto fictício 3333 - Energia limpa;AM;MG;2023-05-10;Validação;5905140.59
3334;Projeto fictício 3334 - Saúde digital;GO;SP;2024-08-13;Concluído;1183849.89
3335;Projeto fictício 3335 - Biotecnologia;RJ;AC;2021-02-06;Desenvolvimento;4059823.07
3336;Projeto fictício 3336 - Energia limpa;DF;CE;2024-09-08;Desenvolvimento;3202719.56
3337;Projeto fictício 3337 - Biotecnologia;PE;SP;2021-03-10;Concluído;3042244.17
3338;Projeto fictício 3338 - Agricultura;PE;PR;2022-05-14;Pesquisa;415606.16
3339;Projeto fictício 3339 - Indústria 4.0;PE;GO;2021-02-02;Concluído;5862192.50
3340;Projeto fictício 3340 - Energia limpa;PE;SP;2021-04-29;Concluído;1796732.56
3341;Projeto fictício 3341 - Indústria 4.0;CE;RJ;2024-12-15;Concluído;1148493.41
3342;Projeto fictício 3342 - Indústria 4.0;AC;DF;2024-07-29;Desenvolvimento;4120362.29
3343;Projeto fictício 3343 - Indústria 4.0;SP;RJ;2021-10-01;Concluído;5541368.00
3344;Projeto fictício 3344 - Saúde digital;CE;AC;2023-09-09;Prototipagem;2082042.04
3345;Projeto fictício 3345 - Indústria 4.0;MG;RS;2024-12-24;Prototipagem;5204551.69
3346;Projeto fictício 3346 - Energia limpa;BA;AM;2025-06-02;Prototipagem;4226459.65
3347;Projeto fictício 3347 - Indústria 4.0;PR;BA;2025-05-25;Desenvolvimento;2041071.60
3348;Projeto fictício 3348 - Energia limpa;GO;RS;2025-10-26;Concluído;3223027.76
3349;Projeto fictício 3349 - Indústria 4.0;SP;AM;2026-08-29;Validação;2119179.14
3350;Projeto fictício 3350 - Agricultura;SP;GO;2024-03-03;Prototipagem;1444593.15
3351;Projeto fictício 3351 - Energia limpa;PR;RJ;2025-03-03;Pesquisa;3429709.34
3352;Projeto fictício 3352 - Saúde digital;RS;RS;2026-04-13;Validação;3267954.59
3353;Projeto fictício 3353 - Energia limpa;MG;CE;2022-04-20;Desenvolvimento;3749725.98
3354;Projeto fictício 3354 - Biotecnologia;MG;SP;2022-12-28;Desenvolvimento;5719493.30
3355;Projeto fictício 3355 - Saúde digital;SP;AC;2026-03-05;Concluído;1881951.83
3356;Projeto fictício 3356 - Saúde digital;DF;GO;2024-07-10;Pesquisa;1274408.02
3357;Projeto fictício 3357 - Energia limpa;SP;AM;2026-08-16;Pesquisa;4928656.69
3358;Projeto fictício 3358 - Indústria 4.0;RS;RS;2022-06-26;Pesquisa;4641777.00
3359;Projeto fictício 3359 - Indústria 4.0;CE;BA;2021-06-10;Concluído;2222688.65
3360;Projeto fictício 3360 - Indústria 4.0;PE;CE;2025-07-22;Desenvolvimento;2978107.15
3361;Projeto fictício 3361 - Biotecnologia;RJ;RS;2026-05-12;Desenvolvimento;4508406.17
3362;Projeto fictício 3362 - Saúde digital;SP;AM;2021-10-06;Prototipagem;2024876.11
3363;Projeto fictício 3363 - Saúde digital;RJ;AC;2023-12-28;Desenvolvimento;3787317.11
3364;Projeto fictício 3364 - Saúde digital;GO;GO;2021-11-19;Prototipagem;1306207.60
3365;Projeto fictício 3365 - Biotecnologia;AM;BA;2024-07-02;Validação;3969330.75
3366;Projeto fictício 3366 - Agricultura;PE;DF;2025-10-31;Validação;1187789.89
3367;Projeto fictício 3367 - Agricultura;AM;DF;2022-12-29;Pesquisa;5287403.07
3368;Projeto fictício 3368 - Energia limpa;SP;RS;2024-04-20;Pesquisa;2713495.33
3369;Projeto fictício 3369 - Saúde digital;MG;BA;2025-04-12;Pesquisa;3673619.85
3370;Projeto fictício 3370 - Indústria 4.0;AM;PR;2022-02-28;Validação;572004.23
3371;Projeto fictício 3371 - Energia limpa;AM;RJ;2026-05-16;Desenvolvimento;5190070.94
3372;Projeto fictício 3372 - Biotecnologia;RS;AC;2022-10-04;Desenvolvimento;5186059.54
3373;Projeto fictício 3373 - Indústria 4.0;AC;RJ;2024-02-21;Pesquisa;4273379.82
3374;Projeto fictício 3374 - Agricultura;GO;PR;2021-07-23;Prototipagem;661312.49
3375;Projeto fictício 3375 - Indústria 4.0;CE;MG;2021-02-25;Desenvolvimento;675536.49
3376;Projeto fictício 3376 - Energia limpa;RS;SP;2025-08-22;Prototipagem;4506098.97
3377;Projeto fictício 3377 - Indústria 4.0;PR;RJ;2021-02-12;Validação;632409.26
3378;Projeto fictício 3378 - Energia limpa;DF;MG;2023-08-13;Concluído;1871571.50
3379;Projeto fictício 3379 - Energia limpa;AC;BA;2023-04-28;Pesquisa;3566795.58
3380;Projeto fictício 3380 - Indústria 4.0;RS;PR;2024-09-02;Desenvolvimento;1181609.01
3381;Projeto fictício 3381 - Saúde digital;GO;GO;2024-01-01;Prototipagem;5725982.12
3382;Projeto fictício 3382 - Energia limpa;PR;BA;2023-06-05;Concluído;4552590.68
3383;Projeto fictício 3383 - Indústria 4.0;CE;GO;2022-12-09;Prototipagem;3750846.21
3384;Projeto fictício 3384 - Energia limpa;BA;DF;2022-05-07;Validação;5629931.87
3385;Projeto fictício 3385 - Saúde digital;AM;AM;2025-04-04;Pesquisa;4728246.97
3386;Projeto fictício 3386 - Indústria 4.0;AC;PE;2022-12-25;Pesquisa;751631.94
3387;Projeto fictício 3387 - Agricultura;CE;RJ;2021-01-23;Validação;3377383.36
3388;Projeto fictício 3388 - Biotecnologia;MG;CE;2022-03-24;Validação;236233.20
3389;Projeto fictício 3389 - Saúde digital;RS;PE;2023-06-27;Prototipagem;2051474.28
3390;Projeto fictício 3390 - Saúde digital;MG;RJ;2024-01-25;Desenvolvimento;112628.10
3391;Projeto fictício 3391 - Energia limpa;MG;PR;2026-08-20;Validação;4050882.85
3392;Projeto fictício 3392 - Indústria 4.0;MG;CE;2024-08-20;Prototipagem;4304275.12
3393;Projeto fictício 3393 - Indústria 4.0;MG;CE;2021-04-02;Validação;3444533.45
3394;Projeto fictício 3394 - Saúde digital;AM;RJ;2022-09-10;Pesquisa;4932513.24
3395;Projeto fictício 3395 - Saúde digital;PE;CE;2022-06-04;Desenvolvimento;4086739.60
3396;Projeto fictício 3396 - Saúde digital;AC;PE;2021-05-18;Validação;3395736.77
3397;Projeto fictício 3397 - Energia limpa;SP;MG;2023-06-19;Validação;567979.85
3398;Projeto fictício 3398 - Saúde digital;BA;PE;2021-07-15;Prototipagem;5734135.77
3399;Projeto fictício 3399 - Energia limpa;RS;MG;2024-12-27;Concluído;829043.44
3400;Projeto fictício 3400 - Saúde digital;BA;GO;2024-06-04;Validação;1435514.70
3401;Projeto fictício 3401 - Saúde digital;SP;DF;2021-05-20;Prototipagem;1548683.11
3402;Projeto fictício 3402 - Saúde digital;PE;GO;2025-08-27;Pesquisa;2507978.20
3403;Projeto fictício 3403 - Energia limpa;MG;PR;2021-08-24;Concluído;4639129.56
3404;Projeto fictício 3404 - Agricultura;MG;AM;2023-09-10;Validação;1025458.67
3405;Projeto fictício 3405 - Biotecnologia;RS;RJ;2022-01-04;Validação;3320964.28
3406;Projeto fictício 3406 - Saúde digital;SP;GO;2024-10-14;Desenvolvimento;2565840.94
3407;Projeto fictício 3407 - Saúde digital;PE;BA;2026-05-29;Concluído;2838175.97
3408;Projeto fictício 3408 - Agricultura;CE;RJ;2022-05-23;Concluído;416023.07
3409;Projeto fictício 3409 - Saúde digital;AM;PR;2022-11-24;Validação;4456539.84
3410;Projeto fictício 3410 - Energia limpa;BA;MG;2026-09-08;Validação;392522.27
3411;Projeto fictício 3411 - Indústria 4.0;DF;MG;2025-09-07;Validação;3006633.21
3412;Projeto fictício 3412 - Indústria 4.0;RS;DF;2022-03-09;Desenvolvimento;4855337.78
3413;Projeto fictício 3413 - Agricultura;CE;PR;2022-05-31;Desenvolvimento;1142870.13
3414;Projeto fictício 3414 - Agricultura;RS;BA;2023-11-17;Validação;4005897.19
3415;Projeto fictício 3415 - Saúde digital;SP;RJ;2025-01-14;Pesquisa;5720147.18
3416;Projeto fictício 3416 - Saúde digital;BA;AM;2023-05-21;Pesquisa;5895238.58
3417;Projeto fictício 3417 - Saúde digital;MG;RS;2024-11-26;Validação;3217150.75
3418;Projeto fictício 3418 - Saúde digital;SP;RJ;2022-08-13;Desenvolvimento;497645.44
3419;Projeto fictício 3419 - Indústria 4.0;AM;PE;2024-08-24;Pesquisa;3920901.60
3420;Projeto fictício 3420 - Agricultura;AM;RS;2026-03-28;Prototipagem;104602.25
3421;Projeto fictício 3421 - Energia limpa;AC;CE;2022-08-13;Desenvolvimento;594809.17
3422;Projeto fictício 3422 - Saúde digital;GO;DF;2023-09-27;Prototipagem;3974328.59
3423;Projeto fictício 3423 - Agricultura;DF;CE;2022-10-11;Prototipagem;1100638.26
3424;Projeto fictício 3424 - Agricultura;DF;SP;2023-12-22;Desenvolvimento;4913484.74
3425;Projeto fictício 3425 - Biotecnologia;AC;DF;2025-03-29;Validação;4189070.89
3426;Projeto fictício 3426 - Saúde digital;MG;MG;2021-06-30;Desenvolvimento;2041875.48
3427;Projeto fictício 3427 - Agricultura;GO;DF;2024-03-05;Validação;2316093.33
3428;Projeto fictício 3428 - Biotecnologia;CE;DF;2024-08-30;Prototipagem;1461089.68
3429;Projeto fictício 3429 - Energia limpa;RJ;SP;2025-11-25;Pesquisa;4612490.79
3430;Projeto fictício 3430 - Energia limpa;AM;MG;2021-09-15;Desenvolvimento;2170907.89
3431;Projeto fictício 3431 - Energia limpa;RS;RS;2021-08-16;Pesquisa;822297.28
3432;Projeto fictício 3432 - Saúde digital;AC;DF;2023-06-18;Concluído;3185723.26
3433;Projeto fictício 3433 - Indústria 4.0;BA;SP;2025-09-15;Desenvolvimento;4954312.43
3434;Projeto fictício 3434 - Indústria 4.0;RJ;AM;2022-04-29;Concluído;3245702.51
3435;Projeto fictício 3435 - Saúde digital;BA;CE;2024-02-07;Pesquisa;5649204.20
3436;Projeto fictício 3436 - Biotecnologia;AM;GO;2022-06-20;Pesquisa;1887054.67
3437;Projeto fictício 3437 - Energia limpa;SP;AM;2023-10-07;Prototipagem;3752382.92
3438;Projeto fictício 3438 - Biotecnologia;AC;RJ;2021-10-19;Prototipagem;2886753.52
3439;Projeto fictício 3439 - Biotecnologia;SP;AM;2025-02-10;Prototipagem;5595732.83
3440;Projeto fictício 3440 - Biotecnologia;PE;SP;2026-03-30;Prototipagem;5544052.46
3441;Projeto fictício 3441 - Biotecnologia;RJ;RS;2024-05-29;Prototipagem;3986271.48
3442;Projeto fictício 3442 - Biotecnologia;MG;GO;2024-10-30;Concluído;1849995.10
3443;Projeto fictício 3443 - Energia limpa;PE;DF;2024-08-14;Concluído;5866440.77
3444;Projeto fictício 3444 - Biotecnologia;CE;PR;2026-04-26;Validação;4961660.63
3445;Projeto fictício 3445 - Energia limpa;MG;CE;2025-08-28;Prototipagem;2075296.90
3446;Projeto fictício 3446 - Biotecnologia;BA;PR;2025-10-04;Prototipagem;4633035.97
3447;Projeto fictício 3447 - Saúde digital;CE;PR;2024-09-12;Concluído;4784355.93
3448;Projeto fictício 3448 - Indústria 4.0;GO;GO;2023-08-06;Validação;2185182.95
3449;Projeto fictício 3449 - Energia limpa;PR;AM;2025-08-26;Desenvolvimento;4524537.14
3450;Projeto fictício 3450 - Agricultura;PR;RJ;2024-07-15;Concluído;4824445.58
3451;Projeto fictício 3451 - Indústria 4.0;MG;DF;2023-04-10;Prototipagem;1837668.22
3452;Projeto fictício 3452 - Energia limpa;CE;AC;2024-07-22;Validação;5370347.14
3453;Projeto fictício 3453 - Agricultura;AC;SP;2024-01-24;Pesquisa;2472617.68
3454;Projeto fictício 3454 - Agricultura;CE;BA;2022-01-30;Concluído;754723.29
3455;Projeto fictício 3455 - Indústria 4.0;MG;AM;2025-04-09;Concluído;5330585.13
3456;Projeto fictício 3456 - Agricultura;PR;SP;2024-02-07;Desenvolvimento;529972.36
3457;Projeto fictício 3457 - Indústria 4.0;GO;SP;2023-05-06;Validação;5233810.75
3458;Projeto fictício 3458 - Saúde digital;SP;PR;2026-03-15;Concluído;2677682.05
3459;Projeto fictício 3459 - Energia limpa;MG;PE;2023-10-14;Prototipagem;1749001.45
3460;Projeto fictício 3460 - Biotecnologia;DF;RS;2025-11-26;Pesquisa;118103.52
3461;Projeto fictício 3461 - Energia limpa;PR;RS;2023-12-24;Pesquisa;1393257.49
3462;Projeto fictício 3462 - Saúde digital;PE;DF;2025-10-04;Prototipagem;4777766.81
3463;Projeto fictício 3463 - Agricultura;RS;RJ;2024-04-18;Validação;3301779.99
3464;Projeto fictício 3464 - Indústria 4.0;GO;MG;2024-11-16;Pesquisa;1990537.54
3465;Projeto fictício 3465 - Saúde digital;SP;MG;2021-05-26;Desenvolvimento;2720726.27
3466;Projeto fictício 3466 - Biotecnologia;CE;AM;2021-06-16;Pesquisa;3719451.87
3467;Projeto fictício 3467 - Indústria 4.0;AC;MG;2022-09-30;Validação;3928358.07
3468;Projeto fictício 3468 - Biotecnologia;PE;AC;2025-04-19;Desenvolvimento;2005126.17
3469;Projeto fictício 3469 - Agricultura;RJ;AC;2021-05-05;Pesquisa;135990.11
3470;Projeto fictício 3470 - Biotecnologia;MG;PE;2026-02-09;Desenvolvimento;5437827.02
3471;Projeto fictício 3471 - Biotecnologia;GO;PR;2022-02-04;Concluído;3014130.27
3472;Projeto fictício 3472 - Biotecnologia;AM;RJ;2024-08-27;Desenvolvimento;5110509.03
3473;Projeto fictício 3473 - Indústria 4.0;AM;AC;2026-08-20;Pesquisa;3574375.21
3474;Projeto fictício 3474 - Energia limpa;AM;PR;2026-02-28;Pesquisa;1962776.30
3475;Projeto fictício 3475 - Indústria 4.0;CE;SP;2025-11-08;Pesquisa;3178254.63
3476;Projeto fictício 3476 - Saúde digital;CE;PE;2026-05-20;Desenvolvimento;969710.76
3477;Projeto fictício 3477 - Energia limpa;PE;AC;2021-10-15;Desenvolvimento;4308659.09
3478;Projeto fictício 3478 - Biotecnologia;PE;DF;2024-07-15;Concluído;3452915.50
3479;Projeto fictício 3479 - Agricultura;RS;DF;2021-02-06;Prototipagem;2974817.62
3480;Projeto fictício 3480 - Energia limpa;CE;AC;2022-01-21;Concluído;3802633.48
3481;Projeto fictício 3481 - Biotecnologia;CE;AM;2021-07-20;Prototipagem;4211084.22
3482;Projeto fictício 3482 - Energia limpa;AM;GO;2021-03-23;Validação;2732273.43
3483;Projeto fictício 3483 - Energia limpa;PR;AM;2023-02-15;Validação;1631225.36
3484;Projeto fictício 3484 - Indústria 4.0;MG;RJ;2021-08-15;Pesquisa;3090372.09
3485;Projeto fictício 3485 - Biotecnologia;CE;PR;2022-06-07;Prototipagem;2438996.28
3486;Projeto fictício 3486 - Energia limpa;GO;CE;2026-06-13;Pesquisa;2969108.52
3487;Projeto fictício 3487 - Energia limpa;AM;PE;2022-07-07;Desenvolvimento;4950562.50
3488;Projeto fictício 3488 - Indústria 4.0;PE;PR;2021-05-14;Prototipagem;3237244.61
3489;Projeto fictício 3489 - Energia limpa;GO;PE;2025-07-25;Desenvolvimento;4370045.78
3490;Projeto fictício 3490 - Saúde digital;DF;BA;2021-05-10;Prototipagem;4404823.38
3491;Projeto fictício 3491 - Biotecnologia;MG;MG;2022-01-27;Concluído;3656979.54
3492;Projeto fictício 3492 - Energia limpa;MG;BA;2024-07-21;Concluído;211680.38
3493;Projeto fictício 3493 - Indústria 4.0;PR;RS;2024-02-27;Concluído;3213634.42
3494;Projeto fictício 3494 - Agricultura;GO;DF;2021-10-15;Pesquisa;4635260.52
3495;Projeto fictício 3495 - Biotecnologia;GO;BA;2022-07-29;Pesquisa;5136818.36
3496;Projeto fictício 3496 - Saúde digital;CE;AC;2021-07-30;Pesquisa;5765829.81
3497;Projeto fictício 3497 - Saúde digital;AC;AC;2023-02-07;Prototipagem;1411676.31
3498;Projeto fictício 3498 - Energia limpa;SP;SP;2022-12-05;Concluído;3300261.29
3499;Projeto fictício 3499 - Agricultura;PE;DF;2025-10-07;Validação;5077857.46
3500;Projeto fictício 3500 - Saúde digital;PR;GO;2025-01-01;Prototipagem;2620284.41
3501;Projeto fictício 3501 - Indústria 4.0;SP;AM;2026-09-06;Validação;3907583.66
3502;Projeto fictício 3502 - Saúde digital;AM;RS;2025-10-12;Prototipagem;2891837.96
3503;Projeto fictício 3503 - Saúde digital;PE;GO;2026-08-19;Concluído;2686152.53
3504;Projeto fictício 3504 - Biotecnologia;AM;PE;2024-06-16;Concluído;3716354.47
3505;Projeto fictício 3505 - Biotecnologia;CE;PR;2025-11-02;Concluído;5920854.66
3506;Projeto fictício 3506 - Indústria 4.0;SP;SP;2022-06-23;Desenvolvimento;2479370.48
3507;Projeto fictício 3507 - Saúde digital;SP;GO;2021-01-30;Validação;2371629.98
3508;Projeto fictício 3508 - Biotecnologia;RJ;GO;2021-12-03;Concluído;212280.22
3509;Projeto fictício 3509 - Saúde digital;AC;AC;2021-02-19;Prototipagem;3486321.44
3510;Projeto fictício 3510 - Agricultura;RJ;MG;2023-08-24;Validação;3709689.72
3511;Projeto fictício 3511 - Agricultura;CE;PE;2021-05-17;Validação;3634657.26
3512;Projeto fictício 3512 - Biotecnologia;GO;CE;2024-07-11;Pesquisa;4744684.33
3513;Projeto fictício 3513 - Saúde digital;AM;CE;2021-04-19;Desenvolvimento;4036571.76
3514;Projeto fictício 3514 - Biotecnologia;PR;RS;2026-05-17;Prototipagem;5801888.16
3515;Projeto fictício 3515 - Indústria 4.0;RS;SP;2021-09-08;Validação;958274.43
3516;Projeto fictício 3516 - Energia limpa;BA;RS;2022-03-21;Prototipagem;933383.38
3517;Projeto fictício 3517 - Saúde digital;AC;DF;2024-11-05;Validação;774909.16
3518;Projeto fictício 3518 - Agricultura;AC;SP;2025-06-18;Pesquisa;4195826.72
3519;Projeto fictício 3519 - Indústria 4.0;GO;RS;2021-04-10;Pesquisa;4745215.12
3520;Projeto fictício 3520 - Indústria 4.0;PE;BA;2024-03-28;Prototipagem;4091709.77
3521;Projeto fictício 3521 - Agricultura;DF;BA;2022-05-01;Prototipagem;1623580.79
3522;Projeto fictício 3522 - Biotecnologia;GO;PR;2022-07-06;Prototipagem;2785438.99
3523;Projeto fictício 3523 - Energia limpa;SP;AM;2024-01-28;Validação;3107758.90
3524;Projeto fictício 3524 - Saúde digital;BA;PE;2022-03-25;Concluído;257204.94
3525;Projeto fictício 3525 - Agricultura;CE;MG;2021-05-28;Concluído;423859.99
3526;Projeto fictício 3526 - Agricultura;RS;CE;2026-02-19;Validação;4498039.43
3527;Projeto fictício 3527 - Indústria 4.0;GO;PR;2024-01-08;Desenvolvimento;1163134.39
3528;Projeto fictício 3528 - Saúde digital;CE;BA;2025-10-29;Desenvolvimento;5630443.30
3529;Projeto fictício 3529 - Saúde digital;GO;AC;2021-10-14;Concluído;98591.84
3530;Projeto fictício 3530 - Energia limpa;GO;PE;2021-12-31;Concluído;2108102.93
3531;Projeto fictício 3531 - Energia limpa;RJ;RS;2021-11-09;Desenvolvimento;1893643.05
3532;Projeto fictício 3532 - Saúde digital;GO;RJ;2023-04-28;Prototipagem;5588334.86
3533;Projeto fictício 3533 - Agricultura;RS;RS;2024-12-09;Pesquisa;219648.86
3534;Projeto fictício 3534 - Energia limpa;MG;SP;2022-01-07;Validação;4462614.11
3535;Projeto fictício 3535 - Agricultura;MG;PR;2023-09-04;Pesquisa;983868.21
3536;Projeto fictício 3536 - Indústria 4.0;SP;BA;2026-01-09;Concluído;4934325.00
3537;Projeto fictício 3537 - Saúde digital;PE;SP;2023-03-12;Desenvolvimento;2223323.86
3538;Projeto fictício 3538 - Energia limpa;GO;DF;2026-06-20;Pesquisa;1204081.46
3539;Projeto fictício 3539 - Energia limpa;SP;DF;2021-10-24;Validação;58462.92
3540;Projeto fictício 3540 - Saúde digital;BA;RS;2022-01-19;Pesquisa;2956499.19
3541;Projeto fictício 3541 - Energia limpa;RJ;BA;2025-04-14;Pesquisa;451892.47
3542;Projeto fictício 3542 - Biotecnologia;SP;RS;2022-12-04;Pesquisa;3987766.62
3543;Projeto fictício 3543 - Agricultura;PE;AC;2022-08-14;Concluído;1734246.93
3544;Projeto fictício 3544 - Indústria 4.0;AM;CE;2024-01-15;Concluído;4739210.11
3545;Projeto fictício 3545 - Saúde digital;DF;GO;2023-05-30;Pesquisa;209340.70
3546;Projeto fictício 3546 - Biotecnologia;SP;PR;2023-01-20;Prototipagem;1120767.58
3547;Projeto fictício 3547 - Agricultura;DF;PE;2025-04-08;Desenvolvimento;2435456.99
3548;Projeto fictício 3548 - Indústria 4.0;GO;CE;2021-11-14;Desenvolvimento;5877771.29
3549;Projeto fictício 3549 - Indústria 4.0;RS;GO;2024-03-21;Desenvolvimento;5908666.96
3550;Projeto fictício 3550 - Indústria 4.0;PR;MG;2024-07-01;Validação;4002624.14
3551;Projeto fictício 3551 - Saúde digital;PE;AC;2021-12-17;Desenvolvimento;2717886.58
3552;Projeto fictício 3552 - Energia limpa;DF;PE;2024-09-26;Concluído;1987566.67
3553;Projeto fictício 3553 - Biotecnologia;RS;RS;2024-12-11;Concluído;174246.59
3554;Projeto fictício 3554 - Saúde digital;DF;CE;2022-11-26;Concluído;4153135.76
3555;Projeto fictício 3555 - Agricultura;SP;SP;2025-04-19;Validação;3888813.51
3556;Projeto fictício 3556 - Biotecnologia;PR;AC;2024-09-24;Prototipagem;5005780.54
3557;Projeto fictício 3557 - Biotecnologia;SP;AM;2025-04-14;Pesquisa;3580674.99
3558;Projeto fictício 3558 - Indústria 4.0;PR;AC;2024-07-05;Pesquisa;4786271.14
3559;Projeto fictício 3559 - Biotecnologia;PE;RS;2024-06-01;Pesquisa;1437808.58
3560;Projeto fictício 3560 - Agricultura;DF;SP;2021-10-09;Desenvolvimento;860717.56
3561;Projeto fictício 3561 - Energia limpa;BA;CE;2022-05-31;Desenvolvimento;415787.28
3562;Projeto fictício 3562 - Energia limpa;PR;GO;2021-08-21;Prototipagem;2044654.21
3563;Projeto fictício 3563 - Indústria 4.0;AM;CE;2023-10-28;Pesquisa;2756076.67
3564;Projeto fictício 3564 - Energia limpa;CE;GO;2021-09-13;Concluído;1784369.76
3565;Projeto fictício 3565 - Indústria 4.0;CE;RS;2021-07-18;Prototipagem;2431914.02
3566;Projeto fictício 3566 - Biotecnologia;PR;PR;2026-02-07;Pesquisa;1368740.27
3567;Projeto fictício 3567 - Saúde digital;AC;RJ;2025-06-06;Desenvolvimento;1299002.09
3568;Projeto fictício 3568 - Agricultura;PR;AM;2025-04-20;Prototipagem;4625126.88
3569;Projeto fictício 3569 - Agricultura;DF;AM;2025-02-15;Concluído;3596485.23
3570;Projeto fictício 3570 - Energia limpa;SP;PE;2022-12-28;Pesquisa;4364247.57
3571;Projeto fictício 3571 - Energia limpa;BA;PR;2024-07-16;Prototipagem;4042120.27
3572;Projeto fictício 3572 - Biotecnologia;AC;MG;2023-06-11;Desenvolvimento;5756623.97
3573;Projeto fictício 3573 - Agricultura;CE;AC;2025-02-14;Validação;1629967.38
3574;Projeto fictício 3574 - Indústria 4.0;PR;CE;2023-09-18;Pesquisa;1747813.72
3575;Projeto fictício 3575 - Energia limpa;CE;PE;2026-06-28;Validação;2315875.57
3576;Projeto fictício 3576 - Indústria 4.0;PE;GO;2021-09-10;Desenvolvimento;5027756.81
3577;Projeto fictício 3577 - Saúde digital;BA;SP;2025-08-27;Concluído;330675.25
3578;Projeto fictício 3578 - Indústria 4.0;PR;CE;2021-07-19;Pesquisa;2023334.36
3579;Projeto fictício 3579 - Indústria 4.0;RS;BA;2022-05-22;Prototipagem;3638724.17
3580;Projeto fictício 3580 - Agricultura;RJ;PR;2024-10-25;Pesquisa;2662592.20
3581;Projeto fictício 3581 - Energia limpa;AM;BA;2022-10-28;Concluído;2605782.41
3582;Projeto fictício 3582 - Energia limpa;PR;AC;2026-07-21;Validação;3989800.11
3583;Projeto fictício 3583 - Energia limpa;SP;RJ;2023-06-18;Concluído;574770.95
3584;Projeto fictício 3584 - Biotecnologia;CE;BA;2021-09-19;Pesquisa;1529928.33
3585;Projeto fictício 3585 - Biotecnologia;MG;DF;2024-10-01;Concluído;3974493.27
3586;Projeto fictício 3586 - Biotecnologia;CE;SP;2024-04-03;Desenvolvimento;2951889.49
3587;Projeto fictício 3587 - Biotecnologia;BA;BA;2026-01-17;Desenvolvimento;5199175.51
3588;Projeto fictício 3588 - Agricultura;CE;AC;2021-04-25;Pesquisa;4385083.34
3589;Projeto fictício 3589 - Agricultura;PR;DF;2023-11-17;Concluído;797007.42
3590;Projeto fictício 3590 - Saúde digital;RJ;SP;2021-04-15;Pesquisa;4535309.06
3591;Projeto fictício 3591 - Indústria 4.0;RS;PR;2024-02-08;Concluído;5201876.87
3592;Projeto fictício 3592 - Biotecnologia;AM;BA;2026-07-12;Prototipagem;5416769.66
3593;Projeto fictício 3593 - Agricultura;AM;CE;2024-12-01;Prototipagem;4921325.88
3594;Projeto fictício 3594 - Indústria 4.0;AM;AM;2022-12-11;Validação;2117957.58
3595;Projeto fictício 3595 - Energia limpa;BA;SP;2021-01-05;Concluído;3222363.75
3596;Projeto fictício 3596 - Biotecnologia;BA;MG;2025-07-31;Prototipagem;4819316.00
3597;Projeto fictício 3597 - Biotecnologia;AC;BA;2022-03-04;Validação;806366.08
3598;Projeto fictício 3598 - Saúde digital;SP;RJ;2026-02-27;Validação;2953135.95
3599;Projeto fictício 3599 - Saúde digital;PE;CE;2025-01-19;Validação;39895.36
3600;Projeto fictício 3600 - Agricultura;AC;BA;2022-07-19;Desenvolvimento;1708031.97
3601;Projeto fictício 3601 - Energia limpa;PR;GO;2025-09-14;Pesquisa;3363278.09
3602;Projeto fictício 3602 - Agricultura;AC;MG;2026-07-01;Validação;2557896.20
3603;Projeto fictício 3603 - Indústria 4.0;AM;GO;2021-10-06;Validação;1211955.21
3604;Projeto fictício 3604 - Saúde digital;BA;AC;2021-12-20;Prototipagem;1652755.02
3605;Projeto fictício 3605 - Indústria 4.0;PR;RJ;2023-09-10;Desenvolvimento;3193213.10
3606;Projeto fictício 3606 - Biotecnologia;MG;PE;2021-10-15;Pesquisa;520833.24
3607;Projeto fictício 3607 - Biotecnologia;BA;RJ;2022-10-03;Pesquisa;5952597.91
3608;Projeto fictício 3608 - Biotecnologia;CE;AC;2024-10-02;Pesquisa;719672.39
3609;Projeto fictício 3609 - Saúde digital;DF;PE;2022-06-18;Prototipagem;662884.74
3610;Projeto fictício 3610 - Biotecnologia;RS;RJ;2021-01-16;Desenvolvimento;3334429.58
3611;Projeto fictício 3611 - Saúde digital;BA;PR;2025-03-17;Concluído;967435.42
3612;Projeto fictício 3612 - Biotecnologia;PR;GO;2022-07-19;Prototipagem;3426027.11
3613;Projeto fictício 3613 - Energia limpa;SP;BA;2023-04-13;Validação;197046.19
3614;Projeto fictício 3614 - Biotecnologia;MG;PR;2026-09-22;Validação;2640228.77
3615;Projeto fictício 3615 - Indústria 4.0;AC;RJ;2024-01-15;Validação;5908159.55
3616;Projeto fictício 3616 - Indústria 4.0;RJ;RS;2026-01-26;Prototipagem;930896.77
3617;Projeto fictício 3617 - Biotecnologia;SP;BA;2025-01-10;Desenvolvimento;3451552.22
3618;Projeto fictício 3618 - Agricultura;SP;RJ;2023-09-13;Concluído;4739676.60
3619;Projeto fictício 3619 - Biotecnologia;PE;BA;2021-06-10;Validação;5164276.76
3620;Projeto fictício 3620 - Biotecnologia;GO;CE;2021-04-14;Desenvolvimento;4022993.66
3621;Projeto fictício 3621 - Agricultura;AC;BA;2024-12-16;Pesquisa;458274.02
3622;Projeto fictício 3622 - Energia limpa;PR;AM;2024-12-27;Validação;1914692.28
3623;Projeto fictício 3623 - Agricultura;DF;DF;2023-08-22;Concluído;1573780.60
3624;Projeto fictício 3624 - Energia limpa;SP;CE;2026-08-29;Pesquisa;1719761.96
3625;Projeto fictício 3625 - Energia limpa;DF;BA;2026-05-05;Pesquisa;1259062.28
3626;Projeto fictício 3626 - Indústria 4.0;GO;DF;2026-06-05;Pesquisa;1227777.88
3627;Projeto fictício 3627 - Indústria 4.0;GO;PE;2021-09-10;Desenvolvimento;3940348.40
3628;Projeto fictício 3628 - Saúde digital;AM;RS;2024-04-03;Prototipagem;3514888.43
3629;Projeto fictício 3629 - Energia limpa;SP;PE;2025-12-21;Concluído;833797.42
3630;Projeto fictício 3630 - Indústria 4.0;CE;BA;2026-03-30;Concluído;3792493.98
3631;Projeto fictício 3631 - Agricultura;SP;RJ;2025-12-22;Prototipagem;5132374.30
3632;Projeto fictício 3632 - Indústria 4.0;BA;CE;2021-11-05;Concluído;872683.22
3633;Projeto fictício 3633 - Energia limpa;RS;DF;2025-04-13;Pesquisa;4104177.01
3634;Projeto fictício 3634 - Indústria 4.0;PE;MG;2022-09-10;Prototipagem;4553728.43
3635;Projeto fictício 3635 - Agricultura;DF;DF;2023-02-03;Pesquisa;1681603.47
3636;Projeto fictício 3636 - Biotecnologia;AC;PR;2022-09-25;Desenvolvimento;3663281.07
3637;Projeto fictício 3637 - Biotecnologia;PE;RJ;2025-03-18;Prototipagem;1385263.22
3638;Projeto fictício 3638 - Saúde digital;PE;PR;2026-01-26;Concluído;2198173.66
3639;Projeto fictício 3639 - Agricultura;PE;RS;2022-08-12;Concluído;3470406.87
3640;Projeto fictício 3640 - Biotecnologia;GO;CE;2026-06-22;Concluído;3317717.02
3641;Projeto fictício 3641 - Energia limpa;BA;AM;2021-06-23;Desenvolvimento;798012.58
3642;Projeto fictício 3642 - Saúde digital;PR;MG;2024-08-17;Pesquisa;859665.60
3643;Projeto fictício 3643 - Agricultura;AM;BA;2025-04-30;Validação;653305.44
3644;Projeto fictício 3644 - Energia limpa;PE;MG;2021-08-11;Concluído;1656854.90
3645;Projeto fictício 3645 - Saúde digital;RJ;AC;2025-03-19;Validação;4742928.42
3646;Projeto fictício 3646 - Energia limpa;RS;PE;2023-07-07;Validação;140953.12
3647;Projeto fictício 3647 - Energia limpa;BA;PR;2021-03-14;Desenvolvimento;1214734.47
3648;Projeto fictício 3648 - Biotecnologia;DF;BA;2024-01-02;Pesquisa;3459938.37
3649;Projeto fictício 3649 - Indústria 4.0;GO;RS;2021-07-27;Concluído;3318546.67
3650;Projeto fictício 3650 - Saúde digital;SP;AC;2021-12-11;Pesquisa;516536.18
3651;Projeto fictício 3651 - Saúde digital;PE;CE;2023-03-08;Pesquisa;2712810.49
3652;Projeto fictício 3652 - Saúde digital;RS;AC;2023-01-11;Prototipagem;5739581.19
3653;Projeto fictício 3653 - Energia limpa;AM;SP;2024-01-20;Desenvolvimento;3581753.30
3654;Projeto fictício 3654 - Indústria 4.0;BA;DF;2022-06-12;Desenvolvimento;2372340.70
3655;Projeto fictício 3655 - Saúde digital;BA;MG;2025-11-02;Pesquisa;1157231.84
3656;Projeto fictício 3656 - Agricultura;GO;RJ;2021-08-17;Desenvolvimento;3402516.74
3657;Projeto fictício 3657 - Biotecnologia;AC;PR;2024-01-20;Prototipagem;2749286.09
3658;Projeto fictício 3658 - Energia limpa;BA;RS;2024-04-15;Pesquisa;5538359.07
3659;Projeto fictício 3659 - Energia limpa;MG;AC;2023-01-04;Concluído;3010985.19
3660;Projeto fictício 3660 - Agricultura;AM;RJ;2023-12-15;Concluído;1257470.37
3661;Projeto fictício 3661 - Biotecnologia;RJ;CE;2023-10-22;Concluído;3861132.91
3662;Projeto fictício 3662 - Energia limpa;BA;RJ;2022-11-28;Concluído;5882802.50
3663;Projeto fictício 3663 - Agricultura;RS;BA;2021-11-14;Prototipagem;5619768.65
3664;Projeto fictício 3664 - Agricultura;AC;CE;2024-07-14;Prototipagem;3696078.39
3665;Projeto fictício 3665 - Agricultura;AC;PE;2023-12-22;Desenvolvimento;4728153.50
3666;Projeto fictício 3666 - Energia limpa;GO;BA;2023-06-08;Validação;4254974.95
3667;Projeto fictício 3667 - Indústria 4.0;RS;PR;2021-03-30;Desenvolvimento;2887503.91
3668;Projeto fictício 3668 - Biotecnologia;RS;BA;2024-09-27;Validação;5370161.24
3669;Projeto fictício 3669 - Agricultura;DF;MG;2024-01-02;Validação;4922504.17
3670;Projeto fictício 3670 - Indústria 4.0;PR;PE;2022-11-22;Validação;44843.06
3671;Projeto fictício 3671 - Indústria 4.0;AC;MG;2024-01-16;Pesquisa;2573759.59
3672;Projeto fictício 3672 - Agricultura;RS;MG;2024-12-09;Validação;1273007.29
3673;Projeto fictício 3673 - Agricultura;CE;RS;2025-12-31;Prototipagem;3322789.13
3674;Projeto fictício 3674 - Agricultura;CE;GO;2022-01-09;Validação;1896374.50
3675;Projeto fictício 3675 - Energia limpa;BA;CE;2022-09-07;Prototipagem;1514802.19
3676;Projeto fictício 3676 - Agricultura;BA;DF;2024-06-22;Pesquisa;3264523.41
3677;Projeto fictício 3677 - Saúde digital;BA;PR;2026-07-08;Pesquisa;92895.94
3678;Projeto fictício 3678 - Energia limpa;GO;MG;2026-06-27;Validação;2018759.30
3679;Projeto fictício 3679 - Biotecnologia;BA;BA;2023-08-06;Prototipagem;4340188.88
3680;Projeto fictício 3680 - Energia limpa;BA;GO;2026-08-31;Pesquisa;4520638.42
3681;Projeto fictício 3681 - Agricultura;DF;BA;2025-04-08;Pesquisa;216371.46
3682;Projeto fictício 3682 - Saúde digital;RJ;AM;2021-12-19;Concluído;3631345.39
3683;Projeto fictício 3683 - Agricultura;RJ;PE;2023-05-22;Desenvolvimento;4288292.26
3684;Projeto fictício 3684 - Agricultura;BA;CE;2024-05-29;Pesquisa;5540210.57
3685;Projeto fictício 3685 - Agricultura;AM;BA;2023-07-09;Desenvolvimento;1042074.87
3686;Projeto fictício 3686 - Agricultura;CE;DF;2023-10-08;Pesquisa;4657037.15
3687;Projeto fictício 3687 - Agricultura;BA;PR;2022-07-11;Desenvolvimento;5931822.13
3688;Projeto fictício 3688 - Saúde digital;PE;MG;2026-09-11;Prototipagem;3884723.88
3689;Projeto fictício 3689 - Energia limpa;GO;RS;2025-07-25;Pesquisa;3294949.89
3690;Projeto fictício 3690 - Energia limpa;RS;MG;2024-11-08;Concluído;5579412.53
3691;Projeto fictício 3691 - Saúde digital;RS;CE;2025-12-13;Validação;2343867.70
3692;Projeto fictício 3692 - Indústria 4.0;DF;PR;2023-09-27;Validação;2951532.51
3693;Projeto fictício 3693 - Indústria 4.0;PR;AC;2021-04-18;Pesquisa;5111732.32
3694;Projeto fictício 3694 - Indústria 4.0;GO;MG;2023-09-19;Desenvolvimento;441032.00
3695;Projeto fictício 3695 - Saúde digital;RS;AM;2024-08-23;Prototipagem;3018139.87
3696;Projeto fictício 3696 - Saúde digital;DF;GO;2022-12-31;Validação;468866.05
3697;Projeto fictício 3697 - Indústria 4.0;RJ;AC;2026-03-24;Concluído;5665209.59
3698;Projeto fictício 3698 - Agricultura;RJ;AM;2024-03-19;Pesquisa;1791988.40
3699;Projeto fictício 3699 - Indústria 4.0;SP;RJ;2021-01-09;Validação;445268.05
3700;Projeto fictício 3700 - Agricultura;CE;AC;2026-04-22;Prototipagem;4402147.49
3701;Projeto fictício 3701 - Agricultura;DF;CE;2021-08-25;Desenvolvimento;432523.54
3702;Projeto fictício 3702 - Saúde digital;GO;MG;2026-03-02;Concluído;5049760.59
3703;Projeto fictício 3703 - Agricultura;AC;AC;2023-08-01;Prototipagem;611354.54
3704;Projeto fictício 3704 - Saúde digital;AC;BA;2026-02-22;Validação;3484124.03
3705;Projeto fictício 3705 - Energia limpa;MG;RJ;2024-05-07;Validação;4072527.29
3706;Projeto fictício 3706 - Energia limpa;SP;CE;2022-02-09;Validação;5773977.14
3707;Projeto fictício 3707 - Energia limpa;PR;DF;2025-07-29;Validação;5746766.90
3708;Projeto fictício 3708 - Biotecnologia;AM;DF;2023-02-04;Desenvolvimento;4413369.68
3709;Projeto fictício 3709 - Agricultura;AC;AM;2021-03-23;Validação;1528432.29
3710;Projeto fictício 3710 - Biotecnologia;SP;AC;2026-09-10;Pesquisa;1162612.52
3711;Projeto fictício 3711 - Saúde digital;AC;DF;2023-10-28;Pesquisa;4648632.32
3712;Projeto fictício 3712 - Agricultura;RJ;RJ;2023-01-29;Desenvolvimento;2853180.32
3713;Projeto fictício 3713 - Agricultura;DF;GO;2024-10-29;Pesquisa;2840181.63
3714;Projeto fictício 3714 - Biotecnologia;RJ;CE;2021-11-26;Validação;4947883.15
3715;Projeto fictício 3715 - Biotecnologia;DF;RJ;2025-04-11;Concluído;2542138.77
3716;Projeto fictício 3716 - Energia limpa;RJ;PE;2026-08-04;Concluído;3472399.89
3717;Projeto fictício 3717 - Biotecnologia;GO;RJ;2022-03-24;Concluído;4703211.03
3718;Projeto fictício 3718 - Biotecnologia;RS;CE;2024-02-11;Validação;3011306.26
3719;Projeto fictício 3719 - Indústria 4.0;AC;GO;2023-05-11;Validação;4976631.37
3720;Projeto fictício 3720 - Biotecnologia;PE;DF;2024-08-02;Prototipagem;4881130.46
3721;Projeto fictício 3721 - Saúde digital;RJ;RS;2025-03-11;Prototipagem;1914069.42
3722;Projeto fictício 3722 - Indústria 4.0;RS;MG;2025-03-23;Pesquisa;1915440.07
3723;Projeto fictício 3723 - Biotecnologia;DF;AC;2024-03-27;Prototipagem;5422141.13
3724;Projeto fictício 3724 - Agricultura;CE;RJ;2021-09-10;Pesquisa;3990631.82
3725;Projeto fictício 3725 - Biotecnologia;GO;PE;2026-05-31;Prototipagem;3400487.34
3726;Projeto fictício 3726 - Agricultura;RJ;AC;2024-03-17;Prototipagem;119530.51
3727;Projeto fictício 3727 - Indústria 4.0;RJ;AC;2026-05-04;Validação;245242.45
3728;Projeto fictício 3728 - Biotecnologia;PR;BA;2023-11-28;Concluído;249160.14
3729;Projeto fictício 3729 - Indústria 4.0;SP;RJ;2022-06-19;Validação;4652511.21
3730;Projeto fictício 3730 - Indústria 4.0;PR;CE;2026-05-27;Prototipagem;4395592.44
3731;Projeto fictício 3731 - Energia limpa;RS;PR;2025-06-22;Desenvolvimento;4312882.84
3732;Projeto fictício 3732 - Agricultura;RS;SP;2024-05-24;Concluído;891185.99
3733;Projeto fictício 3733 - Saúde digital;AC;AC;2022-01-03;Pesquisa;4460346.16
3734;Projeto fictício 3734 - Indústria 4.0;PR;PR;2025-05-04;Desenvolvimento;2713338.26
3735;Projeto fictício 3735 - Saúde digital;BA;AM;2023-01-26;Validação;1358865.49
3736;Projeto fictício 3736 - Saúde digital;CE;CE;2021-05-21;Validação;3119073.32
3737;Projeto fictício 3737 - Indústria 4.0;AM;GO;2024-09-21;Desenvolvimento;378024.60
3738;Projeto fictício 3738 - Saúde digital;BA;GO;2022-03-26;Desenvolvimento;5069982.83
3739;Projeto fictício 3739 - Saúde digital;CE;CE;2026-07-04;Desenvolvimento;1939964.28
3740;Projeto fictício 3740 - Energia limpa;PE;BA;2024-01-14;Validação;5956653.45
3741;Projeto fictício 3741 - Energia limpa;BA;BA;2026-02-24;Concluído;1428886.80
3742;Projeto fictício 3742 - Saúde digital;SP;MG;2026-04-20;Prototipagem;4987054.84
3743;Projeto fictício 3743 - Indústria 4.0;RJ;AM;2021-03-15;Concluído;2482904.87
3744;Projeto fictício 3744 - Biotecnologia;GO;RS;2026-04-09;Pesquisa;2417525.73
3745;Projeto fictício 3745 - Saúde digital;PE;RJ;2025-12-01;Prototipagem;169967.90
3746;Projeto fictício 3746 - Saúde digital;BA;AC;2023-04-30;Prototipagem;5991414.47
3747;Projeto fictício 3747 - Energia limpa;GO;BA;2025-07-28;Desenvolvimento;4966141.41
3748;Projeto fictício 3748 - Indústria 4.0;SP;GO;2023-02-09;Concluído;213628.44
3749;Projeto fictício 3749 - Biotecnologia;SP;RJ;2025-12-27;Pesquisa;1676994.88
3750;Projeto fictício 3750 - Agricultura;PE;SP;2023-09-07;Prototipagem;3711572.76
3751;Projeto fictício 3751 - Agricultura;SP;BA;2026-09-09;Validação;1401525.75
3752;Projeto fictício 3752 - Energia limpa;AC;MG;2025-04-25;Desenvolvimento;4320736.46
3753;Projeto fictício 3753 - Indústria 4.0;SP;SP;2024-10-27;Validação;2299319.50
3754;Projeto fictício 3754 - Agricultura;AC;BA;2025-10-23;Concluído;4017122.26
3755;Projeto fictício 3755 - Agricultura;AM;AC;2021-01-10;Pesquisa;275096.58
3756;Projeto fictício 3756 - Saúde digital;RJ;BA;2025-03-04;Prototipagem;170645.81
3757;Projeto fictício 3757 - Biotecnologia;PR;AC;2025-10-26;Validação;2406757.97
3758;Projeto fictício 3758 - Indústria 4.0;DF;PE;2021-01-28;Pesquisa;3817891.73
3759;Projeto fictício 3759 - Biotecnologia;DF;AM;2025-04-16;Validação;2081261.15
3760;Projeto fictício 3760 - Biotecnologia;AM;RJ;2021-01-02;Validação;2085153.94
3761;Projeto fictício 3761 - Biotecnologia;PE;AM;2022-01-15;Validação;5681153.92
3762;Projeto fictício 3762 - Saúde digital;PE;BA;2022-10-30;Concluído;566253.50
3763;Projeto fictício 3763 - Biotecnologia;CE;AM;2024-08-22;Pesquisa;4731068.41
3764;Projeto fictício 3764 - Energia limpa;SP;SP;2024-11-10;Validação;182821.94
3765;Projeto fictício 3765 - Agricultura;RJ;PE;2022-11-11;Validação;593683.64
3766;Projeto fictício 3766 - Biotecnologia;RJ;RS;2025-01-16;Concluído;4317936.23
3767;Projeto fictício 3767 - Indústria 4.0;DF;BA;2023-02-20;Concluído;3543724.03
3768;Projeto fictício 3768 - Biotecnologia;AM;AM;2026-03-15;Desenvolvimento;2253378.04
3769;Projeto fictício 3769 - Biotecnologia;AC;CE;2026-03-24;Pesquisa;5176384.89
3770;Projeto fictício 3770 - Saúde digital;DF;MG;2026-04-21;Concluído;528510.95
3771;Projeto fictício 3771 - Indústria 4.0;DF;MG;2022-06-30;Validação;5178147.01
3772;Projeto fictício 3772 - Biotecnologia;MG;PR;2024-05-14;Desenvolvimento;4815550.31
3773;Projeto fictício 3773 - Indústria 4.0;SP;SP;2023-02-25;Concluído;1508473.39
3774;Projeto fictício 3774 - Energia limpa;RS;CE;2021-08-31;Pesquisa;494866.30
3775;Projeto fictício 3775 - Agricultura;AM;SP;2026-03-06;Concluído;4113297.97
3776;Projeto fictício 3776 - Saúde digital;RJ;DF;2024-11-06;Concluído;3580265.71
3777;Projeto fictício 3777 - Indústria 4.0;GO;SP;2023-11-11;Desenvolvimento;4975091.86
3778;Projeto fictício 3778 - Agricultura;MG;RJ;2024-05-11;Pesquisa;1350382.69
3779;Projeto fictício 3779 - Indústria 4.0;GO;SP;2021-03-03;Concluído;4713354.40
3780;Projeto fictício 3780 - Biotecnologia;RS;GO;2025-07-10;Desenvolvimento;4256914.93
3781;Projeto fictício 3781 - Indústria 4.0;MG;AC;2026-09-12;Pesquisa;4526984.25
3782;Projeto fictício 3782 - Indústria 4.0;AC;PR;2024-01-10;Prototipagem;4131042.10
3783;Projeto fictício 3783 - Energia limpa;BA;PR;2024-03-10;Validação;3650461.07
3784;Projeto fictício 3784 - Energia limpa;GO;AM;2024-10-02;Concluído;492201.46
3785;Projeto fictício 3785 - Saúde digital;RJ;AC;2022-03-28;Concluído;3238191.17
3786;Projeto fictício 3786 - Biotecnologia;RJ;PE;2023-08-07;Prototipagem;5519462.20
3787;Projeto fictício 3787 - Energia limpa;AC;MG;2024-12-25;Validação;2844182.60
3788;Projeto fictício 3788 - Biotecnologia;MG;RJ;2024-03-31;Desenvolvimento;392593.65
3789;Projeto fictício 3789 - Agricultura;GO;CE;2023-09-06;Prototipagem;1163753.13
3790;Projeto fictício 3790 - Saúde digital;PE;AM;2024-12-19;Concluído;2404524.53
3791;Projeto fictício 3791 - Saúde digital;CE;RJ;2024-05-03;Validação;866606.38
3792;Projeto fictício 3792 - Biotecnologia;CE;BA;2021-03-22;Desenvolvimento;4449494.12
3793;Projeto fictício 3793 - Agricultura;MG;CE;2023-08-21;Validação;5505270.92
3794;Projeto fictício 3794 - Energia limpa;AC;RJ;2024-09-20;Validação;5323624.18
3795;Projeto fictício 3795 - Saúde digital;DF;RS;2023-09-14;Concluído;3257726.86
3796;Projeto fictício 3796 - Indústria 4.0;PE;PE;2021-04-16;Pesquisa;708746.05
3797;Projeto fictício 3797 - Saúde digital;RJ;CE;2022-04-29;Pesquisa;3210546.18
3798;Projeto fictício 3798 - Indústria 4.0;CE;AM;2022-09-26;Pesquisa;5543068.67
3799;Projeto fictício 3799 - Agricultura;MG;AC;2025-11-20;Pesquisa;1164416.54
3800;Projeto fictício 3800 - Saúde digital;DF;PE;2023-03-06;Concluído;2509333.80
3801;Projeto fictício 3801 - Energia limpa;RJ;GO;2023-11-15;Desenvolvimento;234187.81
3802;Projeto fictício 3802 - Energia limpa;BA;RS;2025-04-30;Desenvolvimento;4722512.80
3803;Projeto fictício 3803 - Saúde digital;DF;BA;2023-10-26;Prototipagem;5971240.42
3804;Projeto fictício 3804 - Agricultura;SP;PE;2022-04-16;Validação;3309858.02
3805;Projeto fictício 3805 - Indústria 4.0;PR;DF;2026-06-30;Validação;4011351.57
3806;Projeto fictício 3806 - Indústria 4.0;CE;DF;2022-05-20;Desenvolvimento;1379037.36
3807;Projeto fictício 3807 - Biotecnologia;RS;RS;2024-03-30;Concluído;3688361.23
3808;Projeto fictício 3808 - Biotecnologia;AM;MG;2021-01-21;Desenvolvimento;4268582.09
3809;Projeto fictício 3809 - Agricultura;RS;PR;2023-01-12;Validação;4472290.36
3810;Projeto fictício 3810 - Indústria 4.0;PE;DF;2024-07-29;Concluído;4933151.11
3811;Projeto fictício 3811 - Agricultura;PR;CE;2023-07-30;Validação;3124347.86
3812;Projeto fictício 3812 - Saúde digital;SP;RS;2025-08-16;Prototipagem;5523711.13
3813;Projeto fictício 3813 - Agricultura;RJ;AC;2023-11-29;Prototipagem;4156961.63
3814;Projeto fictício 3814 - Biotecnologia;RS;SP;2024-11-03;Validação;5924194.01
3815;Projeto fictício 3815 - Indústria 4.0;AM;CE;2022-09-04;Concluído;3529448.71
3816;Projeto fictício 3816 - Saúde digital;AC;AM;2022-01-03;Prototipagem;5013657.24
3817;Projeto fictício 3817 - Agricultura;PE;SP;2022-07-23;Prototipagem;186324.35
3818;Projeto fictício 3818 - Biotecnologia;RJ;SP;2021-09-07;Concluído;3671010.98
3819;Projeto fictício 3819 - Saúde digital;DF;RJ;2024-04-25;Validação;2154345.72
3820;Projeto fictício 3820 - Saúde digital;SP;AM;2023-07-30;Prototipagem;1847220.84
3821;Projeto fictício 3821 - Biotecnologia;PR;SP;2026-05-31;Desenvolvimento;1370294.21
3822;Projeto fictício 3822 - Energia limpa;PE;BA;2022-12-11;Prototipagem;2354877.34
3823;Projeto fictício 3823 - Biotecnologia;CE;RJ;2021-10-29;Concluído;3315960.70
3824;Projeto fictício 3824 - Agricultura;AC;AC;2026-06-03;Prototipagem;1301888.61
3825;Projeto fictício 3825 - Biotecnologia;MG;DF;2025-03-25;Prototipagem;360262.59
3826;Projeto fictício 3826 - Indústria 4.0;AM;PR;2024-03-11;Prototipagem;4476094.14
3827;Projeto fictício 3827 - Agricultura;MG;DF;2025-09-23;Prototipagem;3443515.75
3828;Projeto fictício 3828 - Indústria 4.0;RJ;GO;2023-09-28;Desenvolvimento;5148113.15
3829;Projeto fictício 3829 - Energia limpa;DF;AM;2025-04-04;Validação;5441349.01
3830;Projeto fictício 3830 - Agricultura;CE;PR;2024-05-15;Pesquisa;5190760.95
3831;Projeto fictício 3831 - Agricultura;SP;RS;2024-01-05;Concluído;1641734.87
3832;Projeto fictício 3832 - Indústria 4.0;CE;RJ;2024-10-12;Pesquisa;5219540.29
3833;Projeto fictício 3833 - Biotecnologia;DF;CE;2022-05-18;Concluído;2904073.64
3834;Projeto fictício 3834 - Biotecnologia;RS;DF;2022-04-14;Prototipagem;121733.75
3835;Projeto fictício 3835 - Agricultura;DF;AM;2026-06-17;Validação;391022.25
3836;Projeto fictício 3836 - Indústria 4.0;RJ;PE;2024-06-17;Concluído;3254751.41
3837;Projeto fictício 3837 - Biotecnologia;RS;BA;2025-06-29;Validação;1379272.12
3838;Projeto fictício 3838 - Energia limpa;RS;BA;2025-08-17;Pesquisa;2185971.27
3839;Projeto fictício 3839 - Saúde digital;PE;PE;2022-11-29;Validação;3186902.92
3840;Projeto fictício 3840 - Indústria 4.0;DF;CE;2026-01-21;Prototipagem;2915262.94
3841;Projeto fictício 3841 - Energia limpa;AC;SP;2025-07-12;Prototipagem;4541991.59
3842;Projeto fictício 3842 - Indústria 4.0;RJ;BA;2021-01-04;Desenvolvimento;3634319.60
3843;Projeto fictício 3843 - Saúde digital;GO;CE;2021-03-17;Validação;914148.09
3844;Projeto fictício 3844 - Biotecnologia;DF;PR;2021-07-04;Validação;2897261.71
3845;Projeto fictício 3845 - Biotecnologia;GO;SP;2021-02-06;Concluído;1800739.10
3846;Projeto fictício 3846 - Agricultura;PE;MG;2026-09-24;Pesquisa;4743220.61
3847;Projeto fictício 3847 - Biotecnologia;AC;RS;2024-10-12;Concluído;2009145.57
3848;Projeto fictício 3848 - Energia limpa;BA;PR;2023-12-08;Concluído;2377603.38
3849;Projeto fictício 3849 - Saúde digital;PE;MG;2022-02-02;Concluído;2693461.05
3850;Projeto fictício 3850 - Saúde digital;GO;SP;2025-02-19;Concluído;3414840.27
3851;Projeto fictício 3851 - Biotecnologia;MG;RS;2023-03-23;Pesquisa;3232776.89
3852;Projeto fictício 3852 - Agricultura;PE;MG;2021-12-06;Pesquisa;5652330.82
3853;Projeto fictício 3853 - Saúde digital;RJ;PE;2022-02-24;Desenvolvimento;2530085.33
3854;Projeto fictício 3854 - Biotecnologia;AC;RS;2022-08-31;Desenvolvimento;4832524.56
3855;Projeto fictício 3855 - Agricultura;PE;BA;2025-06-06;Prototipagem;3465050.53
3856;Projeto fictício 3856 - Agricultura;RJ;PR;2023-08-11;Prototipagem;3420414.78
3857;Projeto fictício 3857 - Biotecnologia;PR;PE;2022-11-11;Desenvolvimento;2477543.06
3858;Projeto fictício 3858 - Saúde digital;MG;MG;2025-01-09;Concluído;986946.45
3859;Projeto fictício 3859 - Indústria 4.0;RS;GO;2022-11-02;Concluído;5759634.29
3860;Projeto fictício 3860 - Biotecnologia;DF;RJ;2023-11-14;Desenvolvimento;663037.09
3861;Projeto fictício 3861 - Energia limpa;AC;AM;2023-01-05;Desenvolvimento;1328880.17
3862;Projeto fictício 3862 - Saúde digital;PE;CE;2022-01-29;Concluído;43182.18
3863;Projeto fictício 3863 - Agricultura;MG;PR;2026-01-09;Prototipagem;236878.28
3864;Projeto fictício 3864 - Indústria 4.0;GO;PR;2024-04-06;Desenvolvimento;197043.92
3865;Projeto fictício 3865 - Energia limpa;AM;CE;2025-01-16;Pesquisa;1779406.11
3866;Projeto fictício 3866 - Indústria 4.0;MG;DF;2023-08-26;Prototipagem;2972138.28
3867;Projeto fictício 3867 - Agricultura;SP;PE;2026-04-15;Validação;2324682.09
3868;Projeto fictício 3868 - Saúde digital;RS;GO;2026-06-02;Pesquisa;3103245.75
3869;Projeto fictício 3869 - Biotecnologia;AM;PE;2025-02-22;Prototipagem;3365747.11
3870;Projeto fictício 3870 - Agricultura;CE;GO;2025-06-24;Concluído;4764979.63
3871;Projeto fictício 3871 - Indústria 4.0;AC;AC;2025-05-09;Pesquisa;165311.57
3872;Projeto fictício 3872 - Indústria 4.0;CE;DF;2025-10-22;Validação;1075129.64
3873;Projeto fictício 3873 - Energia limpa;CE;AM;2024-10-20;Pesquisa;4221436.83
3874;Projeto fictício 3874 - Indústria 4.0;RS;RJ;2026-07-27;Validação;1424110.33
3875;Projeto fictício 3875 - Saúde digital;GO;DF;2021-12-31;Pesquisa;740548.72
3876;Projeto fictício 3876 - Biotecnologia;BA;RS;2023-11-30;Validação;605075.03
3877;Projeto fictício 3877 - Energia limpa;DF;BA;2026-05-22;Validação;4987715.68
3878;Projeto fictício 3878 - Energia limpa;AC;RS;2025-08-14;Prototipagem;1389463.60
3879;Projeto fictício 3879 - Biotecnologia;PE;GO;2025-02-20;Desenvolvimento;4857847.00
3880;Projeto fictício 3880 - Biotecnologia;MG;GO;2025-06-21;Concluído;264519.65
3881;Projeto fictício 3881 - Energia limpa;MG;RS;2023-04-15;Prototipagem;2524786.21
3882;Projeto fictício 3882 - Indústria 4.0;PR;AM;2021-09-12;Concluído;2451786.99
3883;Projeto fictício 3883 - Agricultura;CE;MG;2024-02-07;Concluído;4244183.10
3884;Projeto fictício 3884 - Indústria 4.0;GO;CE;2021-09-27;Prototipagem;1327463.42
3885;Projeto fictício 3885 - Saúde digital;RJ;MG;2022-04-19;Concluído;4191642.80
3886;Projeto fictício 3886 - Agricultura;DF;SP;2023-03-27;Validação;725532.43
3887;Projeto fictício 3887 - Indústria 4.0;MG;AC;2022-07-22;Concluído;4411108.38
3888;Projeto fictício 3888 - Indústria 4.0;GO;PR;2023-11-02;Prototipagem;5448268.05
3889;Projeto fictício 3889 - Saúde digital;GO;BA;2024-04-01;Pesquisa;1157117.77
3890;Projeto fictício 3890 - Indústria 4.0;PE;GO;2026-06-17;Prototipagem;1368281.75
3891;Projeto fictício 3891 - Agricultura;RS;DF;2026-01-16;Prototipagem;1223440.40
3892;Projeto fictício 3892 - Biotecnologia;RJ;CE;2025-11-30;Desenvolvimento;116218.12
3893;Projeto fictício 3893 - Agricultura;RJ;GO;2025-03-24;Validação;5941182.31
3894;Projeto fictício 3894 - Indústria 4.0;PR;BA;2025-02-04;Prototipagem;3642310.11
3895;Projeto fictício 3895 - Indústria 4.0;PE;SP;2026-03-28;Prototipagem;264267.63
3896;Projeto fictício 3896 - Energia limpa;PE;RJ;2026-06-27;Pesquisa;380283.30
3897;Projeto fictício 3897 - Indústria 4.0;AM;RS;2023-05-05;Validação;1733389.69
3898;Projeto fictício 3898 - Biotecnologia;PE;AM;2023-11-16;Desenvolvimento;1997748.51
3899;Projeto fictício 3899 - Indústria 4.0;RS;AM;2025-05-26;Concluído;4428521.93
3900;Projeto fictício 3900 - Energia limpa;RJ;DF;2021-08-26;Prototipagem;491577.00
3901;Projeto fictício 3901 - Biotecnologia;PE;SP;2024-01-05;Concluído;2685511.98
3902;Projeto fictício 3902 - Biotecnologia;AM;RS;2023-04-05;Prototipagem;2847379.02
3903;Projeto fictício 3903 - Indústria 4.0;BA;AC;2025-04-02;Validação;4643377.26
3904;Projeto fictício 3904 - Agricultura;MG;RS;2022-11-28;Concluído;150719.45
3905;Projeto fictício 3905 - Energia limpa;SP;CE;2021-01-12;Desenvolvimento;125733.73
3906;Projeto fictício 3906 - Energia limpa;SP;AC;2024-08-07;Prototipagem;4093622.55
3907;Projeto fictício 3907 - Agricultura;PE;PR;2024-12-21;Concluído;1419065.07
3908;Projeto fictício 3908 - Agricultura;RS;MG;2026-03-15;Desenvolvimento;2240607.03
3909;Projeto fictício 3909 - Energia limpa;PR;MG;2022-03-07;Validação;3377570.44
3910;Projeto fictício 3910 - Biotecnologia;RS;RS;2024-06-03;Validação;4507904.26
3911;Projeto fictício 3911 - Biotecnologia;CE;GO;2024-06-21;Validação;4605824.38
3912;Projeto fictício 3912 - Energia limpa;SP;RJ;2021-03-15;Validação;5829721.12
3913;Projeto fictício 3913 - Biotecnologia;AM;GO;2026-08-30;Validação;431700.74
3914;Projeto fictício 3914 - Biotecnologia;DF;SP;2025-12-30;Prototipagem;5914976.19
3915;Projeto fictício 3915 - Agricultura;GO;CE;2024-01-12;Validação;2973923.23
3916;Projeto fictício 3916 - Indústria 4.0;CE;PE;2023-08-28;Desenvolvimento;4374908.26
3917;Projeto fictício 3917 - Energia limpa;BA;SP;2023-12-27;Desenvolvimento;5665566.69
3918;Projeto fictício 3918 - Energia limpa;PE;RJ;2024-06-17;Prototipagem;3731089.72
3919;Projeto fictício 3919 - Biotecnologia;CE;MG;2021-05-01;Prototipagem;2930889.15
3920;Projeto fictício 3920 - Indústria 4.0;RJ;BA;2022-04-28;Desenvolvimento;5272659.65
3921;Projeto fictício 3921 - Energia limpa;MG;AM;2021-07-08;Pesquisa;1339422.38
3922;Projeto fictício 3922 - Energia limpa;AM;PE;2024-02-15;Desenvolvimento;2897105.88
3923;Projeto fictício 3923 - Indústria 4.0;PR;BA;2026-06-11;Prototipagem;2095537.27
3924;Projeto fictício 3924 - Biotecnologia;PR;PE;2021-12-19;Desenvolvimento;3330610.30
3925;Projeto fictício 3925 - Agricultura;PR;PE;2021-12-04;Concluído;2546727.07
3926;Projeto fictício 3926 - Saúde digital;SP;PE;2024-09-29;Concluído;2677623.44
3927;Projeto fictício 3927 - Agricultura;SP;RJ;2025-05-24;Pesquisa;3238777.47
3928;Projeto fictício 3928 - Biotecnologia;AC;DF;2021-06-11;Prototipagem;2290899.18
3929;Projeto fictício 3929 - Energia limpa;PE;MG;2022-01-20;Validação;2283704.47
3930;Projeto fictício 3930 - Indústria 4.0;GO;CE;2022-05-12;Concluído;2814795.61
3931;Projeto fictício 3931 - Indústria 4.0;AM;CE;2025-11-01;Pesquisa;3738791.22
3932;Projeto fictício 3932 - Indústria 4.0;GO;DF;2025-12-30;Validação;1816102.68
3933;Projeto fictício 3933 - Agricultura;PR;MG;2023-05-06;Pesquisa;1650459.29
3934;Projeto fictício 3934 - Indústria 4.0;RS;BA;2024-05-11;Validação;3861207.43
3935;Projeto fictício 3935 - Energia limpa;PE;DF;2026-08-23;Prototipagem;524777.29
3936;Projeto fictício 3936 - Indústria 4.0;PE;SP;2025-04-18;Validação;1267655.10
3937;Projeto fictício 3937 - Indústria 4.0;AC;DF;2024-06-01;Desenvolvimento;691148.84
3938;Projeto fictício 3938 - Biotecnologia;RJ;SP;2022-03-13;Prototipagem;1645769.37
3939;Projeto fictício 3939 - Biotecnologia;PR;CE;2025-12-08;Prototipagem;5046408.02
3940;Projeto fictício 3940 - Energia limpa;SP;AC;2025-10-14;Validação;3994583.25
3941;Projeto fictício 3941 - Agricultura;AM;RJ;2023-04-06;Pesquisa;2331661.12
3942;Projeto fictício 3942 - Indústria 4.0;CE;PE;2021-06-16;Validação;5644668.68
3943;Projeto fictício 3943 - Biotecnologia;MG;DF;2024-01-14;Pesquisa;3445409.41
3944;Projeto fictício 3944 - Indústria 4.0;BA;PR;2021-06-23;Concluído;5706992.20
3945;Projeto fictício 3945 - Energia limpa;PE;PR;2024-02-20;Pesquisa;1905597.95
3946;Projeto fictício 3946 - Indústria 4.0;DF;MG;2025-02-01;Desenvolvimento;5612501.09
3947;Projeto fictício 3947 - Biotecnologia;AC;GO;2021-07-03;Validação;3658553.53
3948;Projeto fictício 3948 - Energia limpa;MG;AC;2025-04-01;Pesquisa;4973527.22
3949;Projeto fictício 3949 - Energia limpa;AM;SP;2021-06-19;Concluído;4562495.56
3950;Projeto fictício 3950 - Saúde digital;BA;CE;2022-01-11;Prototipagem;1146434.90
3951;Projeto fictício 3951 - Indústria 4.0;BA;PR;2023-09-21;Concluído;2751929.40
3952;Projeto fictício 3952 - Energia limpa;DF;BA;2024-03-09;Desenvolvimento;1340145.14
3953;Projeto fictício 3953 - Biotecnologia;GO;RS;2023-11-23;Prototipagem;2969410.07
3954;Projeto fictício 3954 - Energia limpa;PR;CE;2022-11-14;Pesquisa;2808725.83
3955;Projeto fictício 3955 - Agricultura;AM;AC;2021-12-08;Concluído;4678845.48
3956;Projeto fictício 3956 - Biotecnologia;BA;PE;2025-03-16;Validação;2142827.41
3957;Projeto fictício 3957 - Agricultura;BA;AC;2024-01-22;Validação;5869019.47
3958;Projeto fictício 3958 - Biotecnologia;RJ;PE;2021-08-06;Prototipagem;4007334.63
3959;Projeto fictício 3959 - Saúde digital;SP;BA;2022-08-07;Concluído;1409317.99
3960;Projeto fictício 3960 - Biotecnologia;SP;SP;2022-02-20;Pesquisa;4038504.98
3961;Projeto fictício 3961 - Biotecnologia;RJ;SP;2025-06-27;Desenvolvimento;940685.51
3962;Projeto fictício 3962 - Saúde digital;CE;RS;2024-12-19;Prototipagem;1827299.53
3963;Projeto fictício 3963 - Indústria 4.0;PR;DF;2021-07-14;Concluído;1857585.31
3964;Projeto fictício 3964 - Energia limpa;CE;GO;2022-07-18;Desenvolvimento;5980408.45
3965;Projeto fictício 3965 - Biotecnologia;SP;DF;2022-12-20;Prototipagem;3020926.66
3966;Projeto fictício 3966 - Indústria 4.0;PR;GO;2021-08-24;Validação;4819752.44
3967;Projeto fictício 3967 - Indústria 4.0;AM;AM;2024-01-12;Validação;275458.53
3968;Projeto fictício 3968 - Biotecnologia;RS;RJ;2021-10-10;Desenvolvimento;2094777.18
3969;Projeto fictício 3969 - Indústria 4.0;DF;MG;2024-12-05;Desenvolvimento;4440258.92
3970;Projeto fictício 3970 - Biotecnologia;CE;MG;2024-08-24;Desenvolvimento;2919892.50
3971;Projeto fictício 3971 - Biotecnologia;CE;AM;2021-04-27;Pesquisa;2649739.27
3972;Projeto fictício 3972 - Indústria 4.0;MG;AM;2024-04-28;Validação;503802.70
3973;Projeto fictício 3973 - Saúde digital;PR;PR;2022-06-05;Pesquisa;4669773.83
3974;Projeto fictício 3974 - Saúde digital;RJ;DF;2025-09-15;Desenvolvimento;4537644.74
3975;Projeto fictício 3975 - Biotecnologia;PR;SP;2025-03-05;Desenvolvimento;500777.13
3976;Projeto fictício 3976 - Biotecnologia;PR;AM;2025-05-18;Validação;4035174.76
3977;Projeto fictício 3977 - Energia limpa;PE;CE;2023-04-28;Desenvolvimento;4585592.92
3978;Projeto fictício 3978 - Biotecnologia;PE;PE;2024-12-19;Desenvolvimento;76593.80
3979;Projeto fictício 3979 - Saúde digital;BA;SP;2022-05-19;Concluído;936764.05
3980;Projeto fictício 3980 - Indústria 4.0;RS;MG;2025-05-27;Concluído;3662962.69
3981;Projeto fictício 3981 - Biotecnologia;BA;PE;2021-07-27;Prototipagem;3259015.22
3982;Projeto fictício 3982 - Biotecnologia;PR;MG;2026-03-10;Prototipagem;1601669.23
3983;Projeto fictício 3983 - Biotecnologia;PE;BA;2023-01-02;Validação;4905070.60
3984;Projeto fictício 3984 - Agricultura;RJ;CE;2021-03-18;Pesquisa;781320.41
3985;Projeto fictício 3985 - Indústria 4.0;PR;AM;2021-02-02;Pesquisa;3147783.12
3986;Projeto fictício 3986 - Agricultura;CE;DF;2021-11-10;Validação;157800.40
3987;Projeto fictício 3987 - Energia limpa;RS;GO;2025-08-06;Desenvolvimento;1275523.54
3988;Projeto fictício 3988 - Energia limpa;AM;AC;2021-10-10;Concluído;2723464.81
3989;Projeto fictício 3989 - Indústria 4.0;MG;RS;2025-07-31;Validação;3683013.92
3990;Projeto fictício 3990 - Biotecnologia;MG;PR;2021-07-08;Pesquisa;5072032.76
3991;Projeto fictício 3991 - Agricultura;RS;SP;2025-03-24;Prototipagem;2037810.67
3992;Projeto fictício 3992 - Biotecnologia;SP;BA;2024-08-05;Pesquisa;1832515.56
3993;Projeto fictício 3993 - Indústria 4.0;DF;CE;2022-04-12;Pesquisa;3025704.73
3994;Projeto fictício 3994 - Indústria 4.0;MG;AM;2025-10-11;Validação;5560633.25
3995;Projeto fictício 3995 - Biotecnologia;BA;AC;2023-04-04;Desenvolvimento;3335225.42
3996;Projeto fictício 3996 - Energia limpa;CE;GO;2024-04-08;Prototipagem;1553196.32
3997;Projeto fictício 3997 - Saúde digital;RS;SP;2023-06-19;Pesquisa;36704.01
3998;Projeto fictício 3998 - Indústria 4.0;CE;BA;2022-07-26;Validação;4576406.43
3999;Projeto fictício 3999 - Indústria 4.0;PR;MG;2025-12-24;Concluído;2978469.00
4000;Projeto fictício 4000 - Biotecnologia;PE;SP;2024-02-10;Desenvolvimento;2199472.41
4001;Projeto fictício 4001 - Saúde digital;PE;AC;2022-12-05;Concluído;5889380.27
4002;Projeto fictício 4002 - Saúde digital;MG;PE;2025-04-21;Pesquisa;2397458.32
4003;Projeto fictício 4003 - Saúde digital;RJ;DF;2025-04-18;Concluído;4104720.95
4004;Projeto fictício 4004 - Energia limpa;AC;RS;2021-09-13;Concluído;4819157.86
4005;Projeto fictício 4005 - Energia limpa;GO;BA;2025-07-30;Prototipagem;5065576.98
4006;Projeto fictício 4006 - Saúde digital;CE;CE;2022-03-16;Desenvolvimento;5876009.92
4007;Projeto fictício 4007 - Biotecnologia;MG;AM;2024-01-19;Concluído;3031660.67
4008;Projeto fictício 4008 - Biotecnologia;RJ;RJ;2023-07-15;Concluído;2194456.77
4009;Projeto fictício 4009 - Saúde digital;AC;CE;2023-11-18;Prototipagem;5289071.13
4010;Projeto fictício 4010 - Biotecnologia;RJ;BA;2022-04-26;Validação;4686365.23
4011;Projeto fictício 4011 - Agricultura;CE;PE;2026-04-08;Prototipagem;4828670.37
4012;Projeto fictício 4012 - Agricultura;RJ;DF;2024-10-04;Validação;4354133.77
4013;Projeto fictício 4013 - Saúde digital;AM;PR;2023-10-02;Validação;4285479.89
4014;Projeto fictício 4014 - Saúde digital;RJ;DF;2026-05-12;Concluído;4342945.48
4015;Projeto fictício 4015 - Saúde digital;MG;RJ;2022-02-20;Validação;3421801.99
4016;Projeto fictício 4016 - Biotecnologia;MG;SP;2025-02-28;Pesquisa;230828.20
4017;Projeto fictício 4017 - Agricultura;AM;PR;2022-02-18;Concluído;3917840.20
4018;Projeto fictício 4018 - Biotecnologia;DF;RJ;2023-02-22;Validação;1076220.65
4019;Projeto fictício 4019 - Indústria 4.0;RJ;RS;2023-10-12;Validação;1556580.47
4020;Projeto fictício 4020 - Biotecnologia;GO;PR;2021-08-24;Pesquisa;4058068.82
4021;Projeto fictício 4021 - Energia limpa;RJ;PR;2024-04-03;Prototipagem;96360.01
4022;Projeto fictício 4022 - Saúde digital;CE;CE;2026-07-14;Validação;1055446.26
4023;Projeto fictício 4023 - Biotecnologia;PE;CE;2021-11-19;Concluído;5442270.11
4024;Projeto fictício 4024 - Biotecnologia;PE;PE;2024-12-09;Validação;5641390.24
4025;Projeto fictício 4025 - Energia limpa;DF;MG;2023-11-08;Pesquisa;2675966.62
4026;Projeto fictício 4026 - Biotecnologia;BA;BA;2022-08-18;Prototipagem;3193763.69
4027;Projeto fictício 4027 - Indústria 4.0;BA;AM;2025-09-21;Validação;5943258.62
4028;Projeto fictício 4028 - Agricultura;GO;DF;2025-02-22;Prototipagem;5189895.04
4029;Projeto fictício 4029 - Biotecnologia;GO;RS;2023-01-20;Pesquisa;2072766.07
4030;Projeto fictício 4030 - Indústria 4.0;RS;CE;2024-08-30;Prototipagem;4215467.51
4031;Projeto fictício 4031 - Saúde digital;GO;RS;2023-10-05;Prototipagem;921840.49
4032;Projeto fictício 4032 - Agricultura;RJ;CE;2025-03-26;Concluído;2723568.29
4033;Projeto fictício 4033 - Agricultura;SP;PE;2021-02-23;Concluído;513691.79
4034;Projeto fictício 4034 - Indústria 4.0;BA;RJ;2022-02-27;Concluído;5191785.46
4035;Projeto fictício 4035 - Indústria 4.0;AC;PE;2021-10-16;Concluído;549286.39
4036;Projeto fictício 4036 - Saúde digital;DF;SP;2024-05-28;Validação;4759809.89
4037;Projeto fictício 4037 - Saúde digital;MG;DF;2026-04-25;Pesquisa;189044.39
4038;Projeto fictício 4038 - Energia limpa;MG;AC;2021-08-03;Desenvolvimento;5183841.71
4039;Projeto fictício 4039 - Saúde digital;PE;MG;2025-10-23;Pesquisa;5355080.60
4040;Projeto fictício 4040 - Indústria 4.0;AC;RJ;2025-04-18;Pesquisa;2934810.15
4041;Projeto fictício 4041 - Energia limpa;GO;SP;2024-11-24;Pesquisa;1854657.27
4042;Projeto fictício 4042 - Energia limpa;RJ;RJ;2023-10-28;Concluído;2425114.93
4043;Projeto fictício 4043 - Agricultura;GO;SP;2021-06-09;Concluído;1616211.17
4044;Projeto fictício 4044 - Saúde digital;RJ;RS;2024-09-04;Validação;1281015.68
4045;Projeto fictício 4045 - Indústria 4.0;RS;DF;2022-05-31;Prototipagem;4094380.26
4046;Projeto fictício 4046 - Biotecnologia;PR;SP;2024-02-26;Desenvolvimento;3020208.56
4047;Projeto fictício 4047 - Biotecnologia;PR;CE;2025-04-16;Desenvolvimento;145015.64
4048;Projeto fictício 4048 - Biotecnologia;CE;SP;2023-01-20;Validação;1640745.18
4049;Projeto fictício 4049 - Indústria 4.0;SP;MG;2023-03-21;Desenvolvimento;5669121.20
4050;Projeto fictício 4050 - Indústria 4.0;BA;AM;2024-03-11;Desenvolvimento;5718197.96
4051;Projeto fictício 4051 - Biotecnologia;GO;AM;2021-01-22;Pesquisa;2712251.22
4052;Projeto fictício 4052 - Agricultura;AM;CE;2022-12-07;Pesquisa;3566601.88
4053;Projeto fictício 4053 - Indústria 4.0;CE;PE;2023-09-07;Concluído;4892688.79
4054;Projeto fictício 4054 - Biotecnologia;AM;SP;2026-01-16;Validação;5465571.05
4055;Projeto fictício 4055 - Indústria 4.0;RS;BA;2023-03-23;Pesquisa;5031157.80
4056;Projeto fictício 4056 - Indústria 4.0;SP;BA;2026-08-27;Validação;2470728.51
4057;Projeto fictício 4057 - Saúde digital;CE;AM;2025-07-29;Desenvolvimento;102343.40
4058;Projeto fictício 4058 - Agricultura;AC;AM;2024-10-04;Prototipagem;4891845.26
4059;Projeto fictício 4059 - Biotecnologia;MG;DF;2022-05-05;Concluído;1583799.81
4060;Projeto fictício 4060 - Energia limpa;RJ;SP;2024-02-25;Validação;1233638.59
4061;Projeto fictício 4061 - Energia limpa;DF;AC;2024-10-01;Validação;4195833.10
4062;Projeto fictício 4062 - Agricultura;PE;DF;2024-12-21;Prototipagem;5976288.02
4063;Projeto fictício 4063 - Biotecnologia;AC;DF;2023-11-28;Concluído;1096428.79
4064;Projeto fictício 4064 - Indústria 4.0;AC;RJ;2021-04-08;Prototipagem;1550055.36
4065;Projeto fictício 4065 - Biotecnologia;CE;GO;2025-04-02;Prototipagem;4545473.92
4066;Projeto fictício 4066 - Agricultura;MG;MG;2023-04-07;Pesquisa;5410746.08
4067;Projeto fictício 4067 - Agricultura;AM;DF;2025-01-17;Prototipagem;4839865.22
4068;Projeto fictício 4068 - Agricultura;DF;AM;2022-05-01;Validação;5487210.64
4069;Projeto fictício 4069 - Indústria 4.0;PR;PE;2022-04-28;Prototipagem;3982671.14
4070;Projeto fictício 4070 - Indústria 4.0;DF;PE;2023-08-29;Prototipagem;2386214.06
4071;Projeto fictício 4071 - Saúde digital;BA;AC;2022-10-15;Pesquisa;5527076.53
4072;Projeto fictício 4072 - Energia limpa;CE;AC;2024-11-04;Pesquisa;2856306.64
4073;Projeto fictício 4073 - Saúde digital;PE;BA;2021-09-25;Pesquisa;1480736.25
4074;Projeto fictício 4074 - Agricultura;MG;MG;2024-04-09;Pesquisa;5551423.92
4075;Projeto fictício 4075 - Energia limpa;PE;DF;2021-11-02;Concluído;4554982.99
4076;Projeto fictício 4076 - Biotecnologia;AM;PR;2025-06-30;Pesquisa;3787392.69
4077;Projeto fictício 4077 - Saúde digital;CE;RS;2026-02-11;Validação;3956662.63
4078;Projeto fictício 4078 - Indústria 4.0;MG;RJ;2021-03-15;Desenvolvimento;3896393.32
4079;Projeto fictício 4079 - Biotecnologia;GO;GO;2023-07-25;Desenvolvimento;2440511.64
4080;Projeto fictício 4080 - Energia limpa;BA;CE;2024-05-09;Prototipagem;2112992.80
4081;Projeto fictício 4081 - Indústria 4.0;MG;PE;2021-06-08;Prototipagem;4812562.33
4082;Projeto fictício 4082 - Biotecnologia;AM;BA;2024-05-18;Concluído;1422423.96
4083;Projeto fictício 4083 - Indústria 4.0;SP;PR;2021-03-29;Concluído;2569453.76
4084;Projeto fictício 4084 - Indústria 4.0;AC;RS;2025-10-07;Desenvolvimento;5798900.65
4085;Projeto fictício 4085 - Saúde digital;MG;GO;2025-10-11;Pesquisa;112910.78
4086;Projeto fictício 4086 - Energia limpa;CE;AM;2021-08-28;Pesquisa;544809.49
4087;Projeto fictício 4087 - Energia limpa;BA;DF;2026-05-31;Concluído;3053657.95
4088;Projeto fictício 4088 - Saúde digital;GO;RS;2023-03-01;Desenvolvimento;1426802.78
4089;Projeto fictício 4089 - Energia limpa;AM;AM;2025-11-25;Validação;1488524.54
4090;Projeto fictício 4090 - Agricultura;DF;RJ;2025-10-18;Validação;3082295.99
4091;Projeto fictício 4091 - Energia limpa;DF;GO;2022-05-23;Prototipagem;1101829.97
4092;Projeto fictício 4092 - Saúde digital;RJ;PE;2025-12-31;Pesquisa;4142700.09
4093;Projeto fictício 4093 - Indústria 4.0;PR;AC;2024-12-07;Validação;3484937.90
4094;Projeto fictício 4094 - Energia limpa;CE;MG;2024-09-27;Desenvolvimento;1993121.03
4095;Projeto fictício 4095 - Saúde digital;RJ;DF;2021-09-22;Prototipagem;5561038.11
4096;Projeto fictício 4096 - Energia limpa;CE;PE;2023-08-31;Concluído;1443811.71
4097;Projeto fictício 4097 - Biotecnologia;SP;AC;2023-08-26;Pesquisa;5860699.44
4098;Projeto fictício 4098 - Indústria 4.0;SP;RJ;2024-03-08;Concluído;4174354.35
4099;Projeto fictício 4099 - Biotecnologia;CE;SP;2026-04-20;Desenvolvimento;3276021.78
4100;Projeto fictício 4100 - Biotecnologia;AM;AC;2021-10-30;Prototipagem;691984.06
4101;Projeto fictício 4101 - Biotecnologia;GO;PR;2021-11-13;Prototipagem;910676.10
4102;Projeto fictício 4102 - Biotecnologia;AC;GO;2021-10-30;Pesquisa;5321748.94
4103;Projeto fictício 4103 - Energia limpa;BA;AM;2023-08-15;Concluído;5216245.17
4104;Projeto fictício 4104 - Indústria 4.0;RS;CE;2022-05-03;Validação;3892011.91
4105;Projeto fictício 4105 - Indústria 4.0;DF;DF;2025-07-04;Concluído;2764722.56
4106;Projeto fictício 4106 - Indústria 4.0;PR;BA;2024-04-03;Validação;757636.23
4107;Projeto fictício 4107 - Biotecnologia;PR;RJ;2024-11-15;Desenvolvimento;2494621.97
4108;Projeto fictício 4108 - Energia limpa;MG;GO;2025-07-16;Concluído;4898687.98
4109;Projeto fictício 4109 - Biotecnologia;DF;AC;2024-10-06;Pesquisa;458984.62
4110;Projeto fictício 4110 - Agricultura;BA;PE;2024-05-13;Pesquisa;493915.59
4111;Projeto fictício 4111 - Agricultura;CE;GO;2026-01-02;Desenvolvimento;2637337.86
4112;Projeto fictício 4112 - Saúde digital;BA;RJ;2021-01-01;Concluído;2779672.51
4113;Projeto fictício 4113 - Indústria 4.0;AM;AC;2022-07-06;Desenvolvimento;554460.19
4114;Projeto fictício 4114 - Energia limpa;BA;SP;2022-09-20;Prototipagem;4860884.01
4115;Projeto fictício 4115 - Energia limpa;CE;GO;2024-01-01;Desenvolvimento;1831770.98
4116;Projeto fictício 4116 - Energia limpa;MG;MG;2025-10-11;Validação;5057436.59
4117;Projeto fictício 4117 - Saúde digital;RJ;GO;2026-07-11;Desenvolvimento;3736391.51
4118;Projeto fictício 4118 - Saúde digital;BA;RS;2021-01-29;Pesquisa;4823706.63
4119;Projeto fictício 4119 - Biotecnologia;PE;AM;2026-07-04;Validação;2591360.41
4120;Projeto fictício 4120 - Indústria 4.0;AM;AM;2026-05-02;Concluído;1866013.66
4121;Projeto fictício 4121 - Agricultura;PR;RJ;2025-10-09;Prototipagem;980084.95
4122;Projeto fictício 4122 - Agricultura;PE;AC;2023-08-01;Desenvolvimento;3404689.61
4123;Projeto fictício 4123 - Indústria 4.0;PR;AC;2025-07-19;Prototipagem;4410334.99
4124;Projeto fictício 4124 - Energia limpa;CE;PR;2025-03-04;Desenvolvimento;4694896.34
4125;Projeto fictício 4125 - Indústria 4.0;AC;GO;2025-10-15;Validação;1831842.12
4126;Projeto fictício 4126 - Energia limpa;MG;MG;2026-01-09;Desenvolvimento;1516621.04
4127;Projeto fictício 4127 - Indústria 4.0;DF;PE;2024-08-24;Pesquisa;4398015.79
4128;Projeto fictício 4128 - Biotecnologia;PE;CE;2021-08-25;Desenvolvimento;2836905.34
4129;Projeto fictício 4129 - Indústria 4.0;BA;SP;2023-04-13;Concluído;4548261.68
4130;Projeto fictício 4130 - Agricultura;PE;DF;2024-05-02;Concluído;500606.53
4131;Projeto fictício 4131 - Energia limpa;PR;AM;2025-05-31;Validação;2138577.35
4132;Projeto fictício 4132 - Energia limpa;BA;RJ;2026-03-01;Prototipagem;4303602.17
4133;Projeto fictício 4133 - Biotecnologia;CE;PE;2023-12-14;Desenvolvimento;1958419.53
4134;Projeto fictício 4134 - Agricultura;PE;SP;2023-08-23;Validação;1088006.01
4135;Projeto fictício 4135 - Energia limpa;PE;PE;2023-04-22;Validação;913526.89
4136;Projeto fictício 4136 - Saúde digital;CE;GO;2023-11-02;Concluído;1933009.88
4137;Projeto fictício 4137 - Biotecnologia;BA;BA;2022-04-27;Pesquisa;1250819.36
4138;Projeto fictício 4138 - Saúde digital;RJ;SP;2025-12-30;Pesquisa;2344443.23
4139;Projeto fictício 4139 - Saúde digital;RJ;RS;2023-12-17;Prototipagem;5447712.50
4140;Projeto fictício 4140 - Agricultura;GO;DF;2022-03-27;Prototipagem;1965294.83
4141;Projeto fictício 4141 - Biotecnologia;AC;AC;2024-10-14;Desenvolvimento;1405035.63
4142;Projeto fictício 4142 - Biotecnologia;MG;SP;2026-09-09;Desenvolvimento;2350233.04
4143;Projeto fictício 4143 - Saúde digital;SP;MG;2021-10-06;Concluído;993843.54
4144;Projeto fictício 4144 - Indústria 4.0;AC;AC;2025-09-14;Desenvolvimento;4287137.53
4145;Projeto fictício 4145 - Agricultura;RS;RS;2025-07-12;Desenvolvimento;4189357.98
4146;Projeto fictício 4146 - Biotecnologia;MG;SP;2024-10-29;Prototipagem;363327.86
4147;Projeto fictício 4147 - Biotecnologia;AM;GO;2025-12-07;Pesquisa;1261818.61
4148;Projeto fictício 4148 - Biotecnologia;PR;DF;2023-09-25;Prototipagem;4461618.42
4149;Projeto fictício 4149 - Saúde digital;BA;SP;2022-05-28;Validação;2034493.40
4150;Projeto fictício 4150 - Agricultura;CE;SP;2024-05-06;Prototipagem;2174030.07
4151;Projeto fictício 4151 - Energia limpa;AM;BA;2025-07-02;Validação;5088340.22
4152;Projeto fictício 4152 - Agricultura;RS;DF;2023-04-21;Desenvolvimento;570659.30
4153;Projeto fictício 4153 - Energia limpa;SP;DF;2026-09-01;Validação;4898730.91
4154;Projeto fictício 4154 - Indústria 4.0;AM;PE;2023-07-08;Pesquisa;4577843.46
4155;Projeto fictício 4155 - Energia limpa;PE;PR;2023-03-10;Concluído;4421964.77
4156;Projeto fictício 4156 - Indústria 4.0;CE;CE;2025-04-01;Pesquisa;1727558.58
4157;Projeto fictício 4157 - Energia limpa;PE;GO;2026-07-07;Prototipagem;3224312.38
4158;Projeto fictício 4158 - Biotecnologia;GO;AC;2022-07-24;Prototipagem;3530865.94
4159;Projeto fictício 4159 - Biotecnologia;BA;AM;2022-12-31;Prototipagem;4762071.86
4160;Projeto fictício 4160 - Indústria 4.0;PE;RS;2024-05-12;Prototipagem;1252017.02
4161;Projeto fictício 4161 - Saúde digital;RS;SP;2022-01-31;Validação;1587366.14
4162;Projeto fictício 4162 - Biotecnologia;GO;RJ;2022-11-05;Desenvolvimento;1747552.69
4163;Projeto fictício 4163 - Biotecnologia;CE;RS;2025-08-02;Desenvolvimento;688731.19
4164;Projeto fictício 4164 - Biotecnologia;AM;AM;2026-05-15;Desenvolvimento;3507080.47
4165;Projeto fictício 4165 - Biotecnologia;AM;GO;2025-07-12;Desenvolvimento;1896889.50
4166;Projeto fictício 4166 - Agricultura;AC;AM;2024-03-13;Concluído;1803467.49
4167;Projeto fictício 4167 - Indústria 4.0;AC;PR;2022-08-23;Desenvolvimento;4960795.05
4168;Projeto fictício 4168 - Indústria 4.0;PR;RS;2024-04-15;Pesquisa;2649426.72
4169;Projeto fictício 4169 - Indústria 4.0;DF;DF;2024-07-13;Desenvolvimento;5372808.39
4170;Projeto fictício 4170 - Agricultura;SP;PR;2022-07-28;Desenvolvimento;5100092.98
4171;Projeto fictício 4171 - Energia limpa;BA;PR;2024-03-03;Prototipagem;1335725.37
4172;Projeto fictício 4172 - Indústria 4.0;PR;CE;2021-10-07;Pesquisa;1004212.94
4173;Projeto fictício 4173 - Energia limpa;BA;CE;2026-03-09;Pesquisa;4846943.12
4174;Projeto fictício 4174 - Saúde digital;AC;RS;2025-10-18;Pesquisa;1085172.83
4175;Projeto fictício 4175 - Agricultura;AC;CE;2022-12-29;Concluído;114872.57
4176;Projeto fictício 4176 - Indústria 4.0;MG;DF;2025-01-21;Concluído;240110.07
4177;Projeto fictício 4177 - Indústria 4.0;AM;RJ;2021-05-30;Concluído;5082713.01
4178;Projeto fictício 4178 - Biotecnologia;AM;DF;2023-03-08;Prototipagem;2468211.56
4179;Projeto fictício 4179 - Biotecnologia;PR;RS;2024-08-11;Prototipagem;2595464.51
4180;Projeto fictício 4180 - Biotecnologia;AC;AC;2021-04-11;Desenvolvimento;4488654.74
4181;Projeto fictício 4181 - Saúde digital;CE;BA;2025-04-22;Validação;4030204.54
4182;Projeto fictício 4182 - Agricultura;SP;GO;2022-06-18;Desenvolvimento;1013379.69
4183;Projeto fictício 4183 - Saúde digital;BA;SP;2025-02-22;Concluído;1305021.26
4184;Projeto fictício 4184 - Indústria 4.0;MG;AM;2025-06-22;Validação;3705064.01
4185;Projeto fictício 4185 - Agricultura;RS;PE;2025-06-20;Validação;3829803.80
4186;Projeto fictício 4186 - Indústria 4.0;RJ;GO;2024-04-13;Concluído;1033294.97
4187;Projeto fictício 4187 - Indústria 4.0;DF;RS;2024-03-14;Pesquisa;1912224.86
4188;Projeto fictício 4188 - Agricultura;CE;BA;2024-11-18;Validação;2590293.97
4189;Projeto fictício 4189 - Saúde digital;SP;GO;2026-07-19;Prototipagem;1860023.64
4190;Projeto fictício 4190 - Saúde digital;BA;MG;2022-03-03;Pesquisa;3837827.94
4191;Projeto fictício 4191 - Agricultura;MG;AC;2026-05-01;Desenvolvimento;5362867.25
4192;Projeto fictício 4192 - Indústria 4.0;CE;MG;2026-05-26;Desenvolvimento;4890149.45
4193;Projeto fictício 4193 - Agricultura;GO;RS;2021-03-26;Desenvolvimento;73385.22
4194;Projeto fictício 4194 - Biotecnologia;GO;PE;2024-01-15;Pesquisa;4608104.41
4195;Projeto fictício 4195 - Biotecnologia;CE;AC;2022-06-18;Desenvolvimento;3434622.71
4196;Projeto fictício 4196 - Energia limpa;RS;RJ;2023-05-29;Desenvolvimento;4801407.02
4197;Projeto fictício 4197 - Agricultura;AC;GO;2022-10-25;Prototipagem;4699693.59
4198;Projeto fictício 4198 - Agricultura;RS;RJ;2025-09-28;Prototipagem;3264540.89
4199;Projeto fictício 4199 - Saúde digital;MG;AC;2021-03-03;Pesquisa;2630499.37
4200;Projeto fictício 4200 - Biotecnologia;PE;RS;2024-01-20;Desenvolvimento;780359.82
4201;Projeto fictício 4201 - Biotecnologia;BA;PE;2022-09-01;Desenvolvimento;1511518.68
4202;Projeto fictício 4202 - Biotecnologia;MG;GO;2023-07-15;Prototipagem;1794235.80
4203;Projeto fictício 4203 - Biotecnologia;PR;CE;2021-08-09;Validação;3294751.41
4204;Projeto fictício 4204 - Energia limpa;PR;PE;2023-04-27;Desenvolvimento;2570106.88
4205;Projeto fictício 4205 - Biotecnologia;PE;SP;2022-07-18;Concluído;5456089.83
4206;Projeto fictício 4206 - Agricultura;DF;PR;2025-07-31;Prototipagem;5965465.69
4207;Projeto fictício 4207 - Indústria 4.0;PR;BA;2022-01-20;Desenvolvimento;4565544.58
4208;Projeto fictício 4208 - Biotecnologia;AM;RJ;2024-06-05;Prototipagem;4913191.49
4209;Projeto fictício 4209 - Biotecnologia;CE;PR;2022-02-22;Prototipagem;3591001.67
4210;Projeto fictício 4210 - Indústria 4.0;AC;PE;2022-07-01;Pesquisa;3508314.08
4211;Projeto fictício 4211 - Indústria 4.0;CE;GO;2022-04-14;Pesquisa;212084.94
4212;Projeto fictício 4212 - Indústria 4.0;MG;SP;2023-07-30;Pesquisa;5844183.68
4213;Projeto fictício 4213 - Agricultura;GO;BA;2025-05-29;Prototipagem;2634406.48
4214;Projeto fictício 4214 - Agricultura;BA;RJ;2025-03-14;Validação;3679870.23
4215;Projeto fictício 4215 - Saúde digital;RJ;RS;2025-08-13;Validação;690553.19
4216;Projeto fictício 4216 - Biotecnologia;PR;SP;2023-01-29;Desenvolvimento;1962491.02
4217;Projeto fictício 4217 - Energia limpa;AC;AC;2024-04-15;Validação;1122750.68
4218;Projeto fictício 4218 - Indústria 4.0;PR;MG;2026-09-05;Concluído;2984597.30
4219;Projeto fictício 4219 - Agricultura;CE;PE;2024-08-24;Desenvolvimento;527553.95
4220;Projeto fictício 4220 - Energia limpa;RJ;RS;2025-02-02;Concluído;5311787.98
4221;Projeto fictício 4221 - Indústria 4.0;RS;PR;2025-12-01;Validação;5960635.45
4222;Projeto fictício 4222 - Energia limpa;AC;BA;2022-10-09;Validação;2282573.42
4223;Projeto fictício 4223 - Biotecnologia;PE;CE;2021-10-22;Prototipagem;4140111.36
4224;Projeto fictício 4224 - Energia limpa;PE;AC;2025-07-20;Pesquisa;143220.87
4225;Projeto fictício 4225 - Indústria 4.0;PR;PE;2021-07-21;Pesquisa;1743372.57
4226;Projeto fictício 4226 - Saúde digital;RJ;CE;2021-09-11;Validação;332866.86
4227;Projeto fictício 4227 - Biotecnologia;CE;AM;2021-05-26;Validação;1145524.91
4228;Projeto fictício 4228 - Indústria 4.0;MG;BA;2023-02-19;Concluído;670092.97
4229;Projeto fictício 4229 - Energia limpa;MG;DF;2024-06-04;Prototipagem;709595.81
4230;Projeto fictício 4230 - Energia limpa;SP;RJ;2026-02-18;Prototipagem;2420388.15
4231;Projeto fictício 4231 - Saúde digital;AM;PR;2025-11-05;Pesquisa;4204945.95
4232;Projeto fictício 4232 - Saúde digital;BA;CE;2025-01-27;Pesquisa;3195126.96
4233;Projeto fictício 4233 - Agricultura;MG;PR;2021-11-12;Validação;5067745.89
4234;Projeto fictício 4234 - Energia limpa;CE;RJ;2023-10-06;Desenvolvimento;5418763.30
4235;Projeto fictício 4235 - Indústria 4.0;DF;RS;2021-08-03;Desenvolvimento;4429665.33
4236;Projeto fictício 4236 - Agricultura;RS;AM;2024-03-30;Prototipagem;4851259.76
4237;Projeto fictício 4237 - Agricultura;GO;AC;2023-03-28;Prototipagem;1454633.76
4238;Projeto fictício 4238 - Saúde digital;PR;AC;2021-08-30;Validação;5705148.77
4239;Projeto fictício 4239 - Biotecnologia;AM;AC;2024-03-17;Prototipagem;3705347.24
4240;Projeto fictício 4240 - Energia limpa;PR;AC;2025-12-29;Validação;4681460.36
4241;Projeto fictício 4241 - Saúde digital;AM;GO;2021-06-11;Concluído;3039117.10
4242;Projeto fictício 4242 - Biotecnologia;GO;DF;2022-06-04;Validação;2825435.42
4243;Projeto fictício 4243 - Energia limpa;PR;MG;2026-03-16;Concluído;2912096.04
4244;Projeto fictício 4244 - Energia limpa;BA;DF;2021-06-11;Desenvolvimento;4162223.08
4245;Projeto fictício 4245 - Indústria 4.0;DF;AC;2021-06-17;Prototipagem;5734396.72
4246;Projeto fictício 4246 - Saúde digital;CE;PR;2024-03-29;Concluído;3497880.78
4247;Projeto fictício 4247 - Indústria 4.0;PE;RS;2026-06-25;Desenvolvimento;5467940.65
4248;Projeto fictício 4248 - Biotecnologia;RS;AC;2024-06-22;Prototipagem;967378.89
4249;Projeto fictício 4249 - Energia limpa;AM;AC;2023-01-16;Pesquisa;5552415.08
4250;Projeto fictício 4250 - Energia limpa;BA;RJ;2022-05-04;Concluído;5744877.42
4251;Projeto fictício 4251 - Energia limpa;RS;PR;2024-08-29;Prototipagem;880826.40
4252;Projeto fictício 4252 - Biotecnologia;CE;CE;2025-02-24;Pesquisa;5629062.35
4253;Projeto fictício 4253 - Saúde digital;PR;GO;2025-09-05;Desenvolvimento;3681957.49
4254;Projeto fictício 4254 - Agricultura;PE;BA;2025-02-23;Validação;4454300.93
4255;Projeto fictício 4255 - Agricultura;DF;RS;2025-09-29;Pesquisa;5255203.35
4256;Projeto fictício 4256 - Indústria 4.0;DF;SP;2022-03-05;Prototipagem;5149301.73
4257;Projeto fictício 4257 - Indústria 4.0;BA;RS;2021-09-24;Concluído;3700871.58
4258;Projeto fictício 4258 - Biotecnologia;GO;GO;2024-09-06;Pesquisa;5606920.07
4259;Projeto fictício 4259 - Indústria 4.0;DF;AM;2025-05-19;Validação;1979897.28
4260;Projeto fictício 4260 - Biotecnologia;MG;AM;2023-08-20;Pesquisa;5088729.32
4261;Projeto fictício 4261 - Biotecnologia;RS;AC;2023-03-22;Prototipagem;2067325.13
4262;Projeto fictício 4262 - Biotecnologia;AM;RS;2025-11-27;Concluído;657935.19
4263;Projeto fictício 4263 - Energia limpa;MG;PE;2024-12-14;Pesquisa;1573527.07
4264;Projeto fictício 4264 - Biotecnologia;PE;SP;2022-11-27;Validação;1564039.17
4265;Projeto fictício 4265 - Indústria 4.0;AM;GO;2025-01-05;Concluído;2673349.97
4266;Projeto fictício 4266 - Indústria 4.0;AC;CE;2024-11-02;Desenvolvimento;3589114.68
4267;Projeto fictício 4267 - Agricultura;GO;GO;2026-06-30;Desenvolvimento;5549584.55
4268;Projeto fictício 4268 - Biotecnologia;SP;GO;2022-12-09;Desenvolvimento;3077169.65
4269;Projeto fictício 4269 - Energia limpa;RJ;BA;2021-01-01;Prototipagem;2664624.73
4270;Projeto fictício 4270 - Biotecnologia;RJ;SP;2024-10-30;Pesquisa;2913056.45
4271;Projeto fictício 4271 - Energia limpa;AM;AC;2024-07-02;Pesquisa;1047299.47
4272;Projeto fictício 4272 - Energia limpa;AC;RS;2026-02-11;Desenvolvimento;1412714.60
4273;Projeto fictício 4273 - Indústria 4.0;CE;PE;2023-01-25;Desenvolvimento;1212314.06
4274;Projeto fictício 4274 - Energia limpa;AM;RS;2022-04-27;Desenvolvimento;1645472.46
4275;Projeto fictício 4275 - Saúde digital;PR;CE;2025-07-19;Desenvolvimento;2326660.72
4276;Projeto fictício 4276 - Agricultura;SP;RS;2021-01-16;Desenvolvimento;3970366.71
4277;Projeto fictício 4277 - Indústria 4.0;RJ;BA;2022-10-22;Concluído;2657670.08
4278;Projeto fictício 4278 - Indústria 4.0;PR;GO;2022-02-13;Desenvolvimento;4919634.85
4279;Projeto fictício 4279 - Agricultura;AC;RS;2024-10-21;Prototipagem;4130972.34
4280;Projeto fictício 4280 - Agricultura;MG;RJ;2023-03-22;Desenvolvimento;4180934.73
4281;Projeto fictício 4281 - Biotecnologia;RS;MG;2025-12-24;Prototipagem;5428567.97
4282;Projeto fictício 4282 - Indústria 4.0;BA;AM;2024-05-15;Pesquisa;733101.19
4283;Projeto fictício 4283 - Energia limpa;PE;GO;2023-09-26;Validação;476791.60
4284;Projeto fictício 4284 - Energia limpa;PE;RS;2022-08-30;Validação;5950986.27
4285;Projeto fictício 4285 - Indústria 4.0;RJ;CE;2026-04-01;Desenvolvimento;3412155.00
4286;Projeto fictício 4286 - Biotecnologia;CE;BA;2021-04-09;Desenvolvimento;1834378.75
4287;Projeto fictício 4287 - Agricultura;AM;MG;2022-06-21;Prototipagem;4813504.90
4288;Projeto fictício 4288 - Indústria 4.0;SP;PR;2025-04-07;Desenvolvimento;2488660.84
4289;Projeto fictício 4289 - Biotecnologia;RJ;RJ;2025-12-16;Concluído;531336.50
4290;Projeto fictício 4290 - Biotecnologia;MG;AC;2025-03-05;Concluído;4181195.36
4291;Projeto fictício 4291 - Biotecnologia;DF;GO;2025-03-08;Prototipagem;3069703.13
4292;Projeto fictício 4292 - Energia limpa;AC;GO;2024-04-19;Concluído;4991295.21
4293;Projeto fictício 4293 - Indústria 4.0;PE;BA;2022-09-24;Prototipagem;5392482.23
4294;Projeto fictício 4294 - Energia limpa;PE;AC;2025-12-05;Pesquisa;826084.47
4295;Projeto fictício 4295 - Energia limpa;GO;BA;2021-02-17;Pesquisa;4069247.52
4296;Projeto fictício 4296 - Indústria 4.0;RJ;PR;2026-04-04;Validação;2316512.70
4297;Projeto fictício 4297 - Saúde digital;RJ;SP;2021-10-13;Validação;3001012.59
4298;Projeto fictício 4298 - Saúde digital;MG;RS;2022-06-09;Prototipagem;2256288.14
4299;Projeto fictício 4299 - Saúde digital;RJ;MG;2023-01-12;Validação;4812182.90
4300;Projeto fictício 4300 - Biotecnologia;PE;GO;2024-11-29;Desenvolvimento;5443653.81
4301;Projeto fictício 4301 - Biotecnologia;PR;RS;2024-02-06;Validação;2376970.06
4302;Projeto fictício 4302 - Indústria 4.0;AC;DF;2023-10-10;Concluído;4557136.34
4303;Projeto fictício 4303 - Indústria 4.0;PR;AM;2025-11-01;Prototipagem;5806740.86
4304;Projeto fictício 4304 - Agricultura;RS;DF;2022-11-04;Desenvolvimento;3757483.38
4305;Projeto fictício 4305 - Biotecnologia;DF;GO;2022-02-19;Validação;5352229.78
4306;Projeto fictício 4306 - Indústria 4.0;DF;GO;2024-01-01;Desenvolvimento;3962644.81
4307;Projeto fictício 4307 - Saúde digital;PE;MG;2023-11-01;Prototipagem;1084505.96
4308;Projeto fictício 4308 - Agricultura;PR;DF;2023-11-19;Validação;625629.69
4309;Projeto fictício 4309 - Saúde digital;RS;BA;2024-08-19;Pesquisa;3210364.62
4310;Projeto fictício 4310 - Saúde digital;PR;RS;2021-12-08;Validação;5204532.53
4311;Projeto fictício 4311 - Agricultura;BA;CE;2024-02-07;Validação;1901447.31
4312;Projeto fictício 4312 - Agricultura;GO;AM;2021-01-25;Validação;4384590.44
4313;Projeto fictício 4313 - Agricultura;PE;CE;2026-05-23;Pesquisa;5909169.01
4314;Projeto fictício 4314 - Energia limpa;RJ;RS;2026-05-31;Prototipagem;2662654.86
4315;Projeto fictício 4315 - Indústria 4.0;AC;PE;2021-09-16;Pesquisa;185481.65
4316;Projeto fictício 4316 - Saúde digital;GO;MG;2026-07-10;Desenvolvimento;5829678.51
4317;Projeto fictício 4317 - Biotecnologia;GO;BA;2025-07-03;Desenvolvimento;2194785.09
4318;Projeto fictício 4318 - Energia limpa;CE;SP;2022-01-05;Prototipagem;5585229.25
4319;Projeto fictício 4319 - Saúde digital;RJ;BA;2024-02-06;Desenvolvimento;912636.78
4320;Projeto fictício 4320 - Indústria 4.0;MG;DF;2025-01-29;Desenvolvimento;5320291.90
4321;Projeto fictício 4321 - Indústria 4.0;PE;SP;2026-03-21;Concluído;2166985.76
4322;Projeto fictício 4322 - Energia limpa;RS;RS;2022-01-26;Prototipagem;5899690.29
4323;Projeto fictício 4323 - Agricultura;RS;BA;2025-10-05;Desenvolvimento;1754936.26
4324;Projeto fictício 4324 - Indústria 4.0;MG;PR;2026-01-31;Concluído;3296011.61
4325;Projeto fictício 4325 - Agricultura;RJ;CE;2023-08-25;Validação;2073150.91
4326;Projeto fictício 4326 - Agricultura;PE;DF;2023-11-29;Concluído;3548198.71
4327;Projeto fictício 4327 - Biotecnologia;PE;RJ;2023-06-10;Validação;2662670.34
4328;Projeto fictício 4328 - Indústria 4.0;MG;RS;2021-04-29;Pesquisa;2837519.71
4329;Projeto fictício 4329 - Indústria 4.0;AC;GO;2025-03-16;Validação;4921195.25
4330;Projeto fictício 4330 - Energia limpa;GO;AC;2022-10-14;Concluído;815847.25
4331;Projeto fictício 4331 - Energia limpa;DF;PE;2022-10-18;Validação;577726.07
4332;Projeto fictício 4332 - Energia limpa;CE;AC;2025-05-07;Concluído;2452046.69
4333;Projeto fictício 4333 - Energia limpa;DF;GO;2023-10-23;Concluído;114627.41
4334;Projeto fictício 4334 - Energia limpa;AC;DF;2022-04-09;Prototipagem;3384263.48
4335;Projeto fictício 4335 - Indústria 4.0;AC;PR;2024-10-27;Validação;882959.00
4336;Projeto fictício 4336 - Saúde digital;MG;AM;2025-02-10;Validação;1674901.12
4337;Projeto fictício 4337 - Energia limpa;GO;AM;2025-12-11;Validação;253512.74
4338;Projeto fictício 4338 - Energia limpa;BA;SP;2025-04-17;Pesquisa;860394.10
4339;Projeto fictício 4339 - Agricultura;CE;MG;2022-02-07;Validação;3692163.81
4340;Projeto fictício 4340 - Saúde digital;SP;AC;2026-02-14;Validação;762576.14
4341;Projeto fictício 4341 - Indústria 4.0;GO;GO;2022-02-01;Prototipagem;3749265.56
4342;Projeto fictício 4342 - Saúde digital;CE;CE;2026-02-02;Concluído;2810757.37
4343;Projeto fictício 4343 - Biotecnologia;PE;DF;2025-11-29;Concluído;3394835.91
4344;Projeto fictício 4344 - Indústria 4.0;DF;GO;2022-04-23;Concluído;5964289.42
4345;Projeto fictício 4345 - Agricultura;PE;PE;2021-03-21;Validação;5569225.73
4346;Projeto fictício 4346 - Agricultura;AM;CE;2023-12-27;Prototipagem;5189922.03
4347;Projeto fictício 4347 - Agricultura;MG;BA;2022-06-20;Prototipagem;3210268.07
4348;Projeto fictício 4348 - Saúde digital;GO;RJ;2025-06-21;Pesquisa;4982794.44
4349;Projeto fictício 4349 - Energia limpa;AM;AC;2022-04-11;Concluído;2559154.37
4350;Projeto fictício 4350 - Biotecnologia;AC;BA;2025-12-09;Pesquisa;2419937.73
4351;Projeto fictício 4351 - Energia limpa;BA;GO;2025-02-15;Pesquisa;2631755.62
4352;Projeto fictício 4352 - Saúde digital;DF;MG;2025-02-08;Concluído;222117.55
4353;Projeto fictício 4353 - Agricultura;AM;PR;2025-03-27;Desenvolvimento;4093534.28
4354;Projeto fictício 4354 - Biotecnologia;MG;CE;2025-12-16;Validação;5931878.29
4355;Projeto fictício 4355 - Biotecnologia;AM;BA;2023-01-01;Validação;3027867.40
4356;Projeto fictício 4356 - Agricultura;MG;PR;2026-03-28;Prototipagem;3294668.37
4357;Projeto fictício 4357 - Indústria 4.0;MG;RS;2022-01-27;Pesquisa;5848430.30
4358;Projeto fictício 4358 - Saúde digital;AM;DF;2021-06-25;Desenvolvimento;5602272.27
4359;Projeto fictício 4359 - Agricultura;AM;AM;2022-03-23;Prototipagem;4054396.61
4360;Projeto fictício 4360 - Biotecnologia;GO;MG;2022-09-11;Desenvolvimento;4342701.28
4361;Projeto fictício 4361 - Saúde digital;PE;AM;2021-12-07;Pesquisa;2204633.43
4362;Projeto fictício 4362 - Agricultura;RJ;RS;2022-07-13;Pesquisa;1963466.16
4363;Projeto fictício 4363 - Energia limpa;SP;GO;2025-12-29;Pesquisa;4040895.24
4364;Projeto fictício 4364 - Indústria 4.0;PR;AM;2026-04-05;Prototipagem;50601.64
4365;Projeto fictício 4365 - Saúde digital;MG;CE;2025-02-18;Concluído;4271172.86
4366;Projeto fictício 4366 - Indústria 4.0;GO;DF;2025-02-16;Desenvolvimento;2711620.87
4367;Projeto fictício 4367 - Biotecnologia;AC;CE;2025-01-11;Validação;5221766.11
4368;Projeto fictício 4368 - Energia limpa;RJ;GO;2021-07-26;Pesquisa;2147253.01
4369;Projeto fictício 4369 - Indústria 4.0;BA;BA;2025-06-03;Validação;204327.79
4370;Projeto fictício 4370 - Biotecnologia;RJ;AM;2025-12-27;Prototipagem;4381127.83
4371;Projeto fictício 4371 - Energia limpa;CE;PR;2025-08-13;Desenvolvimento;5468882.38
4372;Projeto fictício 4372 - Agricultura;SP;PE;2021-02-11;Validação;3190855.12
4373;Projeto fictício 4373 - Energia limpa;RS;AC;2021-03-31;Prototipagem;3013510.90
4374;Projeto fictício 4374 - Energia limpa;DF;CE;2022-03-05;Pesquisa;787921.36
4375;Projeto fictício 4375 - Indústria 4.0;PR;PE;2025-06-29;Validação;2239635.17
4376;Projeto fictício 4376 - Biotecnologia;AM;CE;2026-01-29;Validação;2951043.87
4377;Projeto fictício 4377 - Indústria 4.0;MG;MG;2021-08-06;Desenvolvimento;1408800.36
4378;Projeto fictício 4378 - Energia limpa;DF;SP;2025-05-01;Desenvolvimento;5828756.71
4379;Projeto fictício 4379 - Biotecnologia;MG;SP;2022-06-30;Desenvolvimento;2093374.97
4380;Projeto fictício 4380 - Saúde digital;AC;BA;2025-08-08;Prototipagem;1873269.46
4381;Projeto fictício 4381 - Agricultura;PE;SP;2022-08-12;Validação;801200.23
4382;Projeto fictício 4382 - Biotecnologia;GO;PR;2026-06-04;Prototipagem;1119539.10
4383;Projeto fictício 4383 - Indústria 4.0;MG;GO;2026-04-21;Pesquisa;5554770.85
4384;Projeto fictício 4384 - Energia limpa;RS;GO;2025-01-06;Concluído;743618.78
4385;Projeto fictício 4385 - Energia limpa;RS;BA;2024-09-03;Pesquisa;5083344.90
4386;Projeto fictício 4386 - Indústria 4.0;SP;PE;2024-06-07;Prototipagem;1049946.03
4387;Projeto fictício 4387 - Energia limpa;PE;MG;2023-11-28;Prototipagem;2831798.35
4388;Projeto fictício 4388 - Indústria 4.0;RJ;SP;2025-08-14;Concluído;5555687.01
4389;Projeto fictício 4389 - Indústria 4.0;SP;PE;2026-08-14;Desenvolvimento;2186990.85
4390;Projeto fictício 4390 - Agricultura;RS;PE;2024-05-27;Concluído;2184462.20
4391;Projeto fictício 4391 - Energia limpa;PR;AM;2021-06-01;Prototipagem;1681582.52
4392;Projeto fictício 4392 - Agricultura;BA;MG;2023-08-24;Validação;2409090.39
4393;Projeto fictício 4393 - Saúde digital;AM;SP;2025-04-10;Validação;3702281.98
4394;Projeto fictício 4394 - Indústria 4.0;SP;DF;2021-11-17;Validação;5060074.98
4395;Projeto fictício 4395 - Agricultura;AM;RJ;2026-07-06;Prototipagem;4235100.47
4396;Projeto fictício 4396 - Indústria 4.0;PE;PE;2024-11-09;Concluído;685719.90
4397;Projeto fictício 4397 - Agricultura;AC;DF;2026-05-16;Pesquisa;3633194.42
4398;Projeto fictício 4398 - Energia limpa;MG;BA;2025-02-18;Concluído;1810270.74
4399;Projeto fictício 4399 - Saúde digital;SP;PR;2025-07-31;Pesquisa;421052.98
4400;Projeto fictício 4400 - Biotecnologia;GO;PR;2026-02-22;Desenvolvimento;5470098.77
4401;Projeto fictício 4401 - Indústria 4.0;PE;AM;2024-07-12;Prototipagem;1388185.65
4402;Projeto fictício 4402 - Indústria 4.0;SP;RJ;2026-01-25;Desenvolvimento;5951942.35
4403;Projeto fictício 4403 - Energia limpa;MG;GO;2026-09-07;Desenvolvimento;3301808.75
4404;Projeto fictício 4404 - Agricultura;SP;MG;2026-08-29;Validação;4852127.85
4405;Projeto fictício 4405 - Saúde digital;DF;AM;2022-11-28;Desenvolvimento;1193733.99
4406;Projeto fictício 4406 - Saúde digital;RJ;RJ;2025-01-02;Desenvolvimento;3975919.67
4407;Projeto fictício 4407 - Indústria 4.0;PR;AM;2025-03-07;Prototipagem;2039827.33
4408;Projeto fictício 4408 - Saúde digital;CE;GO;2026-07-30;Pesquisa;3484545.61
4409;Projeto fictício 4409 - Biotecnologia;SP;BA;2022-07-19;Validação;5753695.66
4410;Projeto fictício 4410 - Indústria 4.0;BA;RJ;2021-05-31;Desenvolvimento;2078270.32
4411;Projeto fictício 4411 - Agricultura;DF;AM;2023-10-13;Desenvolvimento;1914364.50
4412;Projeto fictício 4412 - Energia limpa;BA;RJ;2023-02-11;Concluído;5134563.35
4413;Projeto fictício 4413 - Indústria 4.0;AC;GO;2022-07-01;Validação;792659.41
4414;Projeto fictício 4414 - Indústria 4.0;DF;PR;2022-11-13;Desenvolvimento;397425.12
4415;Projeto fictício 4415 - Energia limpa;PE;CE;2026-05-30;Pesquisa;2578759.26
4416;Projeto fictício 4416 - Saúde digital;CE;AC;2024-12-05;Validação;2026110.92
4417;Projeto fictício 4417 - Indústria 4.0;MG;RJ;2025-11-20;Prototipagem;367302.21
4418;Projeto fictício 4418 - Biotecnologia;RJ;RS;2025-04-12;Pesquisa;3531224.16
4419;Projeto fictício 4419 - Energia limpa;SP;GO;2025-12-09;Concluído;4440655.41
4420;Projeto fictício 4420 - Saúde digital;CE;CE;2022-06-27;Prototipagem;268325.14
4421;Projeto fictício 4421 - Saúde digital;MG;RJ;2024-06-28;Desenvolvimento;3995268.04
4422;Projeto fictício 4422 - Indústria 4.0;MG;CE;2026-08-22;Prototipagem;5056554.74
4423;Projeto fictício 4423 - Biotecnologia;SP;AC;2022-12-14;Concluído;1589593.30
4424;Projeto fictício 4424 - Agricultura;CE;SP;2025-08-07;Desenvolvimento;5640763.62
4425;Projeto fictício 4425 - Energia limpa;CE;DF;2021-06-14;Concluído;4747682.34
4426;Projeto fictício 4426 - Agricultura;GO;AM;2025-08-31;Concluído;4198560.12
4427;Projeto fictício 4427 - Indústria 4.0;AC;BA;2024-08-30;Pesquisa;1915991.69
4428;Projeto fictício 4428 - Indústria 4.0;SP;BA;2021-09-13;Concluído;339597.53
4429;Projeto fictício 4429 - Saúde digital;PE;BA;2021-10-14;Prototipagem;3174450.39
4430;Projeto fictício 4430 - Biotecnologia;PR;MG;2021-12-26;Desenvolvimento;228038.07
4431;Projeto fictício 4431 - Indústria 4.0;AM;MG;2023-08-30;Concluído;3011258.46
4432;Projeto fictício 4432 - Energia limpa;BA;BA;2026-06-04;Prototipagem;2961403.87
4433;Projeto fictício 4433 - Indústria 4.0;AC;PE;2021-05-07;Prototipagem;4914691.75
4434;Projeto fictício 4434 - Biotecnologia;RS;PR;2022-09-09;Desenvolvimento;953396.33
4435;Projeto fictício 4435 - Indústria 4.0;RJ;RJ;2021-11-06;Pesquisa;823615.43
4436;Projeto fictício 4436 - Agricultura;RS;MG;2025-12-29;Pesquisa;5508522.18
4437;Projeto fictício 4437 - Saúde digital;RJ;DF;2023-01-15;Prototipagem;709570.44
4438;Projeto fictício 4438 - Energia limpa;AM;AC;2021-03-27;Prototipagem;5624209.43
4439;Projeto fictício 4439 - Energia limpa;BA;SP;2024-05-17;Concluído;582684.89
4440;Projeto fictício 4440 - Indústria 4.0;RJ;MG;2025-03-09;Pesquisa;5829977.02
4441;Projeto fictício 4441 - Saúde digital;MG;PR;2025-07-16;Concluído;5508264.19
4442;Projeto fictício 4442 - Saúde digital;AM;PR;2021-08-12;Desenvolvimento;320863.25
4443;Projeto fictício 4443 - Agricultura;PR;PE;2026-08-01;Validação;3103057.56
4444;Projeto fictício 4444 - Energia limpa;RS;DF;2022-09-17;Validação;3927922.38
4445;Projeto fictício 4445 - Agricultura;DF;PR;2024-08-24;Pesquisa;3183171.26
4446;Projeto fictício 4446 - Indústria 4.0;PR;RJ;2024-05-26;Desenvolvimento;3163653.29
4447;Projeto fictício 4447 - Biotecnologia;BA;GO;2021-06-05;Prototipagem;2940000.33
4448;Projeto fictício 4448 - Energia limpa;CE;AM;2023-06-16;Concluído;4760013.59
4449;Projeto fictício 4449 - Energia limpa;PE;CE;2024-07-12;Pesquisa;4576172.58
4450;Projeto fictício 4450 - Agricultura;PE;DF;2023-03-09;Pesquisa;2002691.81
4451;Projeto fictício 4451 - Energia limpa;AC;PE;2025-10-21;Validação;3739633.66
4452;Projeto fictício 4452 - Energia limpa;AC;PR;2022-12-02;Concluído;1141871.74
4453;Projeto fictício 4453 - Biotecnologia;MG;CE;2024-02-19;Prototipagem;5177828.62
4454;Projeto fictício 4454 - Saúde digital;DF;AC;2021-06-08;Pesquisa;2442428.98
4455;Projeto fictício 4455 - Agricultura;DF;AM;2024-03-27;Pesquisa;649995.13
4456;Projeto fictício 4456 - Energia limpa;AM;BA;2022-03-17;Validação;3028543.98
4457;Projeto fictício 4457 - Energia limpa;BA;AM;2021-09-04;Prototipagem;2027701.54
4458;Projeto fictício 4458 - Agricultura;AC;CE;2022-04-28;Prototipagem;5171461.64
4459;Projeto fictício 4459 - Biotecnologia;RJ;DF;2024-12-14;Desenvolvimento;3276763.07
4460;Projeto fictício 4460 - Energia limpa;SP;PR;2022-09-15;Validação;4670273.80
4461;Projeto fictício 4461 - Indústria 4.0;RJ;AC;2021-03-18;Concluído;1169975.39
4462;Projeto fictício 4462 - Energia limpa;AC;RS;2023-02-11;Desenvolvimento;5626660.50
4463;Projeto fictício 4463 - Energia limpa;SP;GO;2022-06-12;Desenvolvimento;2091374.13
4464;Projeto fictício 4464 - Biotecnologia;SP;CE;2023-03-27;Concluído;138938.17
4465;Projeto fictício 4465 - Saúde digital;BA;RS;2021-06-11;Validação;2403452.41
4466;Projeto fictício 4466 - Energia limpa;DF;PR;2025-08-15;Pesquisa;243229.67
4467;Projeto fictício 4467 - Energia limpa;AC;GO;2026-02-04;Concluído;3962468.35
4468;Projeto fictício 4468 - Saúde digital;CE;PR;2026-02-21;Pesquisa;3102690.65
4469;Projeto fictício 4469 - Saúde digital;PE;AM;2023-02-18;Concluído;1665481.24
4470;Projeto fictício 4470 - Saúde digital;CE;DF;2023-02-27;Validação;5813266.20
4471;Projeto fictício 4471 - Biotecnologia;PE;AC;2026-05-23;Desenvolvimento;3856355.01
4472;Projeto fictício 4472 - Energia limpa;PR;RJ;2022-05-08;Pesquisa;245164.10
4473;Projeto fictício 4473 - Indústria 4.0;RJ;SP;2022-06-30;Desenvolvimento;1638124.98
4474;Projeto fictício 4474 - Energia limpa;MG;RJ;2022-11-22;Concluído;2109273.02
4475;Projeto fictício 4475 - Agricultura;PR;PE;2024-08-21;Desenvolvimento;1574493.14
4476;Projeto fictício 4476 - Biotecnologia;RS;BA;2022-12-08;Concluído;4135310.32
4477;Projeto fictício 4477 - Biotecnologia;RJ;BA;2024-10-19;Concluído;3414000.02
4478;Projeto fictício 4478 - Indústria 4.0;PR;BA;2022-07-27;Prototipagem;917065.52
4479;Projeto fictício 4479 - Agricultura;CE;RJ;2021-05-12;Pesquisa;5139321.72
4480;Projeto fictício 4480 - Agricultura;RJ;SP;2026-03-19;Desenvolvimento;3798129.76
4481;Projeto fictício 4481 - Agricultura;AM;DF;2023-12-13;Concluído;1991433.89
4482;Projeto fictício 4482 - Saúde digital;PE;AM;2022-04-07;Concluído;3416057.45
4483;Projeto fictício 4483 - Indústria 4.0;PE;MG;2024-02-07;Pesquisa;4228576.65
4484;Projeto fictício 4484 - Biotecnologia;BA;PE;2022-11-04;Pesquisa;380950.97
4485;Projeto fictício 4485 - Energia limpa;PE;CE;2022-06-27;Prototipagem;3733184.12
4486;Projeto fictício 4486 - Saúde digital;BA;MG;2023-02-11;Pesquisa;3110678.88
4487;Projeto fictício 4487 - Indústria 4.0;GO;BA;2026-05-13;Desenvolvimento;2075786.78
4488;Projeto fictício 4488 - Biotecnologia;DF;SP;2024-10-25;Pesquisa;3809400.47
4489;Projeto fictício 4489 - Agricultura;SP;PR;2021-10-07;Concluído;2235537.00
4490;Projeto fictício 4490 - Biotecnologia;BA;PE;2025-04-30;Prototipagem;5867648.44
4491;Projeto fictício 4491 - Biotecnologia;PR;RS;2024-05-24;Desenvolvimento;4816458.95
4492;Projeto fictício 4492 - Energia limpa;AC;AM;2026-04-08;Concluído;2000391.95
4493;Projeto fictício 4493 - Energia limpa;RJ;PE;2026-08-04;Prototipagem;1248534.60
4494;Projeto fictício 4494 - Saúde digital;BA;GO;2024-11-02;Prototipagem;5491600.75
4495;Projeto fictício 4495 - Energia limpa;PR;DF;2023-01-06;Pesquisa;3303324.68
4496;Projeto fictício 4496 - Saúde digital;MG;MG;2021-08-11;Validação;1784512.02
4497;Projeto fictício 4497 - Saúde digital;AM;GO;2023-06-30;Concluído;1616732.17
4498;Projeto fictício 4498 - Energia limpa;RS;BA;2022-07-04;Prototipagem;474686.51
4499;Projeto fictício 4499 - Indústria 4.0;RJ;DF;2022-08-25;Desenvolvimento;5045910.96
4500;Projeto fictício 4500 - Agricultura;PE;AC;2022-12-04;Pesquisa;4366907.70
4501;Projeto fictício 4501 - Agricultura;AC;GO;2025-10-15;Desenvolvimento;3772086.47
4502;Projeto fictício 4502 - Energia limpa;RJ;PR;2024-12-25;Validação;1342252.48
4503;Projeto fictício 4503 - Saúde digital;MG;CE;2026-02-02;Desenvolvimento;4970018.63
4504;Projeto fictício 4504 - Indústria 4.0;GO;RJ;2022-10-23;Concluído;4967959.46
4505;Projeto fictício 4505 - Agricultura;MG;MG;2023-05-12;Validação;2364745.42
4506;Projeto fictício 4506 - Energia limpa;AM;PR;2022-03-11;Concluído;4629038.42
4507;Projeto fictício 4507 - Saúde digital;RJ;GO;2022-03-05;Prototipagem;1152522.99
4508;Projeto fictício 4508 - Energia limpa;BA;RS;2021-04-16;Prototipagem;4366528.34
4509;Projeto fictício 4509 - Indústria 4.0;GO;RJ;2022-08-31;Concluído;2365848.83
4510;Projeto fictício 4510 - Indústria 4.0;RJ;GO;2023-07-07;Pesquisa;2227858.60
4511;Projeto fictício 4511 - Biotecnologia;AC;PE;2026-09-12;Pesquisa;1179081.61
4512;Projeto fictício 4512 - Indústria 4.0;RS;RJ;2022-05-28;Prototipagem;4225072.41
4513;Projeto fictício 4513 - Biotecnologia;BA;GO;2025-04-28;Validação;5701608.22
4514;Projeto fictício 4514 - Agricultura;BA;GO;2024-05-13;Validação;5490620.55
4515;Projeto fictício 4515 - Biotecnologia;AM;BA;2023-10-31;Validação;2312014.74
4516;Projeto fictício 4516 - Agricultura;RJ;PE;2022-10-21;Desenvolvimento;2141108.93
4517;Projeto fictício 4517 - Agricultura;RS;RS;2024-06-17;Pesquisa;1785450.18
4518;Projeto fictício 4518 - Energia limpa;GO;GO;2025-06-13;Concluído;4558227.97
4519;Projeto fictício 4519 - Agricultura;CE;PR;2022-02-16;Concluído;4721512.23
4520;Projeto fictício 4520 - Agricultura;PE;BA;2023-07-03;Pesquisa;3812486.28
4521;Projeto fictício 4521 - Indústria 4.0;RJ;RS;2021-11-15;Validação;4216761.29
4522;Projeto fictício 4522 - Indústria 4.0;SP;SP;2022-10-20;Desenvolvimento;322083.33
4523;Projeto fictício 4523 - Energia limpa;SP;PR;2022-08-09;Prototipagem;1541173.33
4524;Projeto fictício 4524 - Biotecnologia;RJ;PR;2021-08-10;Validação;5301408.47
4525;Projeto fictício 4525 - Biotecnologia;DF;AC;2025-09-07;Pesquisa;1439220.80
4526;Projeto fictício 4526 - Energia limpa;DF;AC;2025-04-10;Pesquisa;3757457.87
4527;Projeto fictício 4527 - Energia limpa;CE;GO;2025-07-22;Prototipagem;1047547.80
4528;Projeto fictício 4528 - Biotecnologia;DF;AC;2023-03-07;Prototipagem;5393874.83
4529;Projeto fictício 4529 - Biotecnologia;SP;GO;2026-07-02;Pesquisa;2646871.29
4530;Projeto fictício 4530 - Energia limpa;PE;DF;2024-11-08;Desenvolvimento;2425791.59
4531;Projeto fictício 4531 - Biotecnologia;RJ;CE;2026-06-04;Pesquisa;929026.45
4532;Projeto fictício 4532 - Biotecnologia;RS;DF;2025-06-02;Prototipagem;4823483.34
4533;Projeto fictício 4533 - Saúde digital;CE;PR;2026-06-17;Concluído;4187149.36
4534;Projeto fictício 4534 - Energia limpa;AC;DF;2023-11-12;Pesquisa;2075875.73
4535;Projeto fictício 4535 - Saúde digital;GO;RS;2023-02-10;Pesquisa;2838067.62
4536;Projeto fictício 4536 - Indústria 4.0;CE;PR;2023-08-09;Pesquisa;4151359.65
4537;Projeto fictício 4537 - Energia limpa;GO;RS;2024-07-30;Validação;4739954.36
4538;Projeto fictício 4538 - Agricultura;AC;BA;2022-08-09;Concluído;2851144.15
4539;Projeto fictício 4539 - Agricultura;AC;CE;2021-12-21;Prototipagem;778373.48
4540;Projeto fictício 4540 - Biotecnologia;BA;PE;2021-08-26;Concluído;1820833.75
4541;Projeto fictício 4541 - Indústria 4.0;AM;MG;2023-01-17;Desenvolvimento;2430131.45
4542;Projeto fictício 4542 - Indústria 4.0;MG;AC;2026-06-29;Pesquisa;1652298.70
4543;Projeto fictício 4543 - Energia limpa;AM;MG;2022-01-04;Validação;306101.76
4544;Projeto fictício 4544 - Indústria 4.0;CE;PE;2022-03-20;Prototipagem;5573523.65
4545;Projeto fictício 4545 - Indústria 4.0;AC;CE;2025-02-13;Concluído;5684106.11
4546;Projeto fictício 4546 - Saúde digital;CE;BA;2024-09-29;Pesquisa;4036518.54
4547;Projeto fictício 4547 - Saúde digital;MG;PR;2024-04-15;Pesquisa;3491666.33
4548;Projeto fictício 4548 - Indústria 4.0;PE;SP;2022-08-12;Validação;1444012.33
4549;Projeto fictício 4549 - Indústria 4.0;AM;DF;2021-12-05;Validação;1474652.21
4550;Projeto fictício 4550 - Agricultura;CE;GO;2024-11-06;Prototipagem;5617475.34
4551;Projeto fictício 4551 - Energia limpa;BA;SP;2023-09-23;Pesquisa;5138731.83
4552;Projeto fictício 4552 - Biotecnologia;PR;MG;2024-06-02;Validação;3136023.89
4553;Projeto fictício 4553 - Saúde digital;RJ;CE;2026-08-09;Concluído;5855138.75
4554;Projeto fictício 4554 - Agricultura;GO;RS;2026-09-10;Concluído;2579678.09
4555;Projeto fictício 4555 - Biotecnologia;PR;SP;2023-09-14;Concluído;4444677.23
4556;Projeto fictício 4556 - Indústria 4.0;RJ;DF;2025-02-03;Validação;1579352.85
4557;Projeto fictício 4557 - Energia limpa;BA;BA;2023-02-16;Pesquisa;1282935.50
4558;Projeto fictício 4558 - Indústria 4.0;PR;GO;2022-05-05;Pesquisa;2758809.24
4559;Projeto fictício 4559 - Agricultura;AC;MG;2026-04-03;Desenvolvimento;4795089.11
4560;Projeto fictício 4560 - Energia limpa;RJ;MG;2021-02-15;Desenvolvimento;3106963.95
4561;Projeto fictício 4561 - Agricultura;BA;AM;2025-10-03;Pesquisa;2098488.83
4562;Projeto fictício 4562 - Energia limpa;SP;RS;2025-09-27;Concluído;5236382.22
4563;Projeto fictício 4563 - Energia limpa;RJ;GO;2022-01-29;Prototipagem;4994822.47
4564;Projeto fictício 4564 - Saúde digital;SP;MG;2026-06-09;Desenvolvimento;4254306.81
4565;Projeto fictício 4565 - Saúde digital;GO;MG;2023-04-27;Validação;2483451.21
4566;Projeto fictício 4566 - Energia limpa;AM;CE;2024-10-09;Validação;1334003.87
4567;Projeto fictício 4567 - Biotecnologia;RS;PE;2025-03-31;Prototipagem;5018055.76
4568;Projeto fictício 4568 - Energia limpa;AM;PE;2022-07-23;Validação;4711082.89
4569;Projeto fictício 4569 - Energia limpa;GO;AC;2021-07-13;Desenvolvimento;1460757.82
4570;Projeto fictício 4570 - Indústria 4.0;MG;PE;2023-10-22;Pesquisa;4779313.64
4571;Projeto fictício 4571 - Saúde digital;GO;PR;2026-07-10;Desenvolvimento;5658043.65
4572;Projeto fictício 4572 - Indústria 4.0;RS;AM;2024-03-15;Desenvolvimento;4940073.75
4573;Projeto fictício 4573 - Agricultura;RS;PR;2026-08-31;Pesquisa;4153847.54
4574;Projeto fictício 4574 - Energia limpa;AC;SP;2021-02-18;Pesquisa;1103956.66
4575;Projeto fictício 4575 - Biotecnologia;BA;BA;2024-06-22;Prototipagem;3722011.02
4576;Projeto fictício 4576 - Saúde digital;PE;BA;2021-06-10;Desenvolvimento;1855883.67
4577;Projeto fictício 4577 - Saúde digital;RS;CE;2021-11-07;Prototipagem;3013514.02
4578;Projeto fictício 4578 - Indústria 4.0;AM;MG;2021-01-17;Desenvolvimento;5645563.28
4579;Projeto fictício 4579 - Biotecnologia;PE;RJ;2026-04-20;Desenvolvimento;1510454.64
4580;Projeto fictício 4580 - Biotecnologia;SP;SP;2024-01-31;Prototipagem;5938710.55
4581;Projeto fictício 4581 - Saúde digital;CE;DF;2025-04-25;Desenvolvimento;4093484.74
4582;Projeto fictício 4582 - Energia limpa;GO;AC;2022-08-05;Pesquisa;4706784.04
4583;Projeto fictício 4583 - Saúde digital;PE;PR;2024-10-10;Concluído;600137.13
4584;Projeto fictício 4584 - Biotecnologia;PR;MG;2024-05-10;Concluído;4366519.52
4585;Projeto fictício 4585 - Biotecnologia;SP;AC;2023-07-06;Validação;5498598.86
4586;Projeto fictício 4586 - Agricultura;DF;MG;2021-10-11;Desenvolvimento;3455253.68
4587;Projeto fictício 4587 - Indústria 4.0;SP;PE;2021-04-24;Desenvolvimento;334671.15
4588;Projeto fictício 4588 - Agricultura;RS;AM;2025-05-30;Pesquisa;3123848.67
4589;Projeto fictício 4589 - Agricultura;SP;DF;2025-02-13;Pesquisa;2238942.38
4590;Projeto fictício 4590 - Energia limpa;PR;PR;2021-02-07;Concluído;4738795.53
4591;Projeto fictício 4591 - Saúde digital;AM;RJ;2021-05-18;Desenvolvimento;1764060.31
4592;Projeto fictício 4592 - Biotecnologia;BA;MG;2025-08-15;Validação;921383.40
4593;Projeto fictício 4593 - Agricultura;SP;GO;2023-07-25;Desenvolvimento;4059541.67
4594;Projeto fictício 4594 - Biotecnologia;AM;RJ;2025-12-20;Validação;2058397.39
4595;Projeto fictício 4595 - Energia limpa;DF;RJ;2026-09-24;Validação;51555.89
4596;Projeto fictício 4596 - Saúde digital;MG;GO;2024-05-08;Validação;825350.67
4597;Projeto fictício 4597 - Agricultura;MG;AM;2023-08-04;Prototipagem;406641.67
4598;Projeto fictício 4598 - Indústria 4.0;SP;BA;2022-01-19;Prototipagem;135682.48
4599;Projeto fictício 4599 - Energia limpa;CE;GO;2023-12-20;Desenvolvimento;1040037.12
4600;Projeto fictício 4600 - Saúde digital;PR;AC;2025-08-25;Desenvolvimento;1874161.48
4601;Projeto fictício 4601 - Agricultura;PR;RS;2025-07-05;Validação;1578896.89
4602;Projeto fictício 4602 - Biotecnologia;SP;GO;2022-04-15;Desenvolvimento;2319655.54
4603;Projeto fictício 4603 - Energia limpa;PE;SP;2021-07-31;Desenvolvimento;1646707.63
4604;Projeto fictício 4604 - Biotecnologia;CE;PR;2022-01-12;Pesquisa;5474798.61
4605;Projeto fictício 4605 - Biotecnologia;RJ;PR;2024-07-14;Pesquisa;4096352.25
4606;Projeto fictício 4606 - Agricultura;PE;RJ;2026-05-09;Validação;4652669.33
4607;Projeto fictício 4607 - Biotecnologia;PE;AC;2021-08-10;Prototipagem;1975537.00
4608;Projeto fictício 4608 - Energia limpa;BA;SP;2024-06-03;Desenvolvimento;1581075.40
4609;Projeto fictício 4609 - Indústria 4.0;RS;RJ;2021-02-14;Pesquisa;2261829.68
4610;Projeto fictício 4610 - Energia limpa;RS;BA;2021-10-14;Prototipagem;5470996.17
4611;Projeto fictício 4611 - Energia limpa;RJ;CE;2021-06-07;Prototipagem;339104.19
4612;Projeto fictício 4612 - Biotecnologia;AM;DF;2026-08-27;Desenvolvimento;3140862.78
4613;Projeto fictício 4613 - Agricultura;SP;AM;2026-03-27;Prototipagem;2392667.03
4614;Projeto fictício 4614 - Saúde digital;PE;GO;2024-06-23;Validação;5354644.74
4615;Projeto fictício 4615 - Biotecnologia;RJ;GO;2024-12-31;Prototipagem;4230190.48
4616;Projeto fictício 4616 - Agricultura;DF;DF;2025-08-05;Pesquisa;5030378.89
4617;Projeto fictício 4617 - Energia limpa;SP;SP;2022-02-26;Pesquisa;1614106.46
4618;Projeto fictício 4618 - Biotecnologia;AM;PR;2024-09-15;Desenvolvimento;2303116.18
4619;Projeto fictício 4619 - Biotecnologia;GO;DF;2021-01-23;Desenvolvimento;1641401.66
4620;Projeto fictício 4620 - Energia limpa;AC;BA;2024-05-26;Validação;1369104.01
4621;Projeto fictício 4621 - Indústria 4.0;AC;BA;2024-07-24;Pesquisa;1900891.88
4622;Projeto fictício 4622 - Biotecnologia;AM;DF;2021-10-28;Validação;3540784.45
4623;Projeto fictício 4623 - Indústria 4.0;MG;AC;2022-10-19;Pesquisa;836661.61
4624;Projeto fictício 4624 - Indústria 4.0;RJ;RS;2025-01-12;Desenvolvimento;5742863.47
4625;Projeto fictício 4625 - Indústria 4.0;MG;DF;2021-06-26;Validação;2860354.67
4626;Projeto fictício 4626 - Biotecnologia;CE;MG;2025-06-29;Pesquisa;4461605.40
4627;Projeto fictício 4627 - Biotecnologia;PE;DF;2024-08-20;Concluído;3082511.13
4628;Projeto fictício 4628 - Indústria 4.0;PE;DF;2024-12-19;Concluído;3591979.50
4629;Projeto fictício 4629 - Energia limpa;PE;GO;2023-09-30;Desenvolvimento;5129691.34
4630;Projeto fictício 4630 - Biotecnologia;DF;AM;2025-09-03;Prototipagem;256330.32
4631;Projeto fictício 4631 - Indústria 4.0;RS;RJ;2026-04-02;Prototipagem;3642454.70
4632;Projeto fictício 4632 - Biotecnologia;CE;RJ;2022-02-16;Prototipagem;5920658.17
4633;Projeto fictício 4633 - Indústria 4.0;PR;PE;2023-07-11;Prototipagem;1773726.58
4634;Projeto fictício 4634 - Indústria 4.0;AC;DF;2023-05-14;Validação;4115594.70
4635;Projeto fictício 4635 - Energia limpa;MG;AM;2021-08-27;Prototipagem;147770.33
4636;Projeto fictício 4636 - Energia limpa;SP;PE;2026-09-23;Prototipagem;5611422.39
4637;Projeto fictício 4637 - Biotecnologia;BA;MG;2022-06-25;Concluído;953919.96
4638;Projeto fictício 4638 - Biotecnologia;PR;DF;2026-02-02;Prototipagem;5912351.83
4639;Projeto fictício 4639 - Biotecnologia;CE;PR;2023-03-02;Validação;2183650.16
4640;Projeto fictício 4640 - Indústria 4.0;SP;PR;2023-10-23;Pesquisa;5686122.32
4641;Projeto fictício 4641 - Saúde digital;PE;AC;2023-02-02;Validação;3791178.94
4642;Projeto fictício 4642 - Saúde digital;PE;AC;2023-01-28;Prototipagem;1933871.76
4643;Projeto fictício 4643 - Energia limpa;PE;BA;2024-11-23;Prototipagem;3661542.71
4644;Projeto fictício 4644 - Biotecnologia;BA;AM;2023-04-16;Validação;1727798.45
4645;Projeto fictício 4645 - Biotecnologia;DF;CE;2022-04-08;Pesquisa;5317411.09
4646;Projeto fictício 4646 - Energia limpa;MG;CE;2022-11-30;Validação;1517303.02
4647;Projeto fictício 4647 - Agricultura;GO;PR;2021-01-09;Desenvolvimento;1711132.85
4648;Projeto fictício 4648 - Agricultura;BA;PE;2023-07-30;Validação;3517866.99
4649;Projeto fictício 4649 - Indústria 4.0;GO;PR;2021-03-28;Pesquisa;538946.05
4650;Projeto fictício 4650 - Energia limpa;BA;RJ;2021-09-30;Desenvolvimento;4881361.11
4651;Projeto fictício 4651 - Saúde digital;GO;PR;2026-01-16;Prototipagem;772189.59
4652;Projeto fictício 4652 - Biotecnologia;DF;CE;2023-02-26;Concluído;3115406.21
4653;Projeto fictício 4653 - Agricultura;SP;AM;2022-01-06;Validação;4091437.87
4654;Projeto fictício 4654 - Energia limpa;DF;GO;2024-12-08;Concluído;3120804.94
4655;Projeto fictício 4655 - Energia limpa;MG;GO;2023-11-06;Pesquisa;1647084.48
4656;Projeto fictício 4656 - Biotecnologia;CE;PR;2023-05-14;Concluído;365950.10
4657;Projeto fictício 4657 - Indústria 4.0;AC;MG;2022-06-12;Desenvolvimento;5959254.74
4658;Projeto fictício 4658 - Energia limpa;CE;SP;2025-05-09;Prototipagem;5849633.05
4659;Projeto fictício 4659 - Agricultura;AC;RS;2021-02-24;Pesquisa;2769568.95
4660;Projeto fictício 4660 - Energia limpa;PE;MG;2021-07-25;Validação;2436698.62
4661;Projeto fictício 4661 - Saúde digital;SP;AM;2022-02-08;Pesquisa;3403376.57
4662;Projeto fictício 4662 - Agricultura;AC;RJ;2023-04-22;Concluído;2691663.76
4663;Projeto fictício 4663 - Saúde digital;GO;AM;2026-01-26;Concluído;3551763.69
4664;Projeto fictício 4664 - Energia limpa;DF;MG;2025-08-31;Prototipagem;1158117.86
4665;Projeto fictício 4665 - Energia limpa;CE;PE;2021-12-29;Desenvolvimento;5181900.76
4666;Projeto fictício 4666 - Energia limpa;RJ;AM;2021-11-27;Pesquisa;3462890.70
4667;Projeto fictício 4667 - Indústria 4.0;PE;BA;2023-04-19;Pesquisa;4474262.78
4668;Projeto fictício 4668 - Agricultura;RJ;RS;2026-02-20;Pesquisa;766496.52
4669;Projeto fictício 4669 - Agricultura;DF;PE;2023-02-09;Desenvolvimento;1913629.18
4670;Projeto fictício 4670 - Saúde digital;PR;SP;2024-07-15;Desenvolvimento;2179620.74
4671;Projeto fictício 4671 - Saúde digital;AC;AC;2026-03-15;Concluído;2071542.81
4672;Projeto fictício 4672 - Biotecnologia;PE;BA;2021-08-13;Pesquisa;287527.70
4673;Projeto fictício 4673 - Energia limpa;BA;GO;2021-05-20;Validação;2822823.82
4674;Projeto fictício 4674 - Agricultura;PR;DF;2026-06-09;Prototipagem;4683881.60
4675;Projeto fictício 4675 - Saúde digital;SP;BA;2021-07-14;Desenvolvimento;4565807.98
4676;Projeto fictício 4676 - Agricultura;DF;RJ;2022-01-18;Prototipagem;2608253.05
4677;Projeto fictício 4677 - Saúde digital;AM;PE;2023-11-20;Pesquisa;964281.36
4678;Projeto fictício 4678 - Biotecnologia;SP;RS;2022-03-29;Pesquisa;3579072.12
4679;Projeto fictício 4679 - Agricultura;BA;RS;2024-12-03;Pesquisa;5212982.08
4680;Projeto fictício 4680 - Indústria 4.0;DF;RS;2024-03-31;Concluído;4024980.36
4681;Projeto fictício 4681 - Saúde digital;AC;RJ;2024-05-02;Pesquisa;2773677.99
4682;Projeto fictício 4682 - Saúde digital;CE;AM;2024-09-18;Prototipagem;75245.91
4683;Projeto fictício 4683 - Saúde digital;RJ;DF;2022-10-02;Pesquisa;4045020.50
4684;Projeto fictício 4684 - Energia limpa;GO;CE;2021-10-06;Pesquisa;977875.44
4685;Projeto fictício 4685 - Saúde digital;DF;RS;2022-04-15;Desenvolvimento;87295.59
4686;Projeto fictício 4686 - Indústria 4.0;AM;AM;2023-11-17;Prototipagem;1134593.53
4687;Projeto fictício 4687 - Agricultura;AC;AC;2026-02-22;Desenvolvimento;4353501.76
4688;Projeto fictício 4688 - Saúde digital;CE;GO;2024-03-07;Prototipagem;84878.16
4689;Projeto fictício 4689 - Indústria 4.0;GO;MG;2025-06-12;Pesquisa;3113903.00
4690;Projeto fictício 4690 - Energia limpa;AC;AC;2021-08-18;Pesquisa;4601506.62
4691;Projeto fictício 4691 - Indústria 4.0;CE;GO;2024-10-12;Concluído;3727096.76
4692;Projeto fictício 4692 - Saúde digital;PR;RS;2021-03-29;Desenvolvimento;5245563.69
4693;Projeto fictício 4693 - Agricultura;RJ;AM;2023-01-14;Pesquisa;537207.75
4694;Projeto fictício 4694 - Saúde digital;RJ;DF;2023-07-02;Concluído;5666840.25
4695;Projeto fictício 4695 - Indústria 4.0;PR;AC;2023-06-26;Pesquisa;5486850.09
4696;Projeto fictício 4696 - Indústria 4.0;DF;RS;2024-03-21;Pesquisa;3424269.42
4697;Projeto fictício 4697 - Energia limpa;PE;RS;2024-06-15;Pesquisa;2121556.67
4698;Projeto fictício 4698 - Saúde digital;SP;MG;2022-12-10;Desenvolvimento;106389.68
4699;Projeto fictício 4699 - Energia limpa;RJ;AM;2026-01-10;Validação;1246355.06
4700;Projeto fictício 4700 - Biotecnologia;SP;PE;2024-09-21;Concluído;5367435.36
4701;Projeto fictício 4701 - Indústria 4.0;RS;AC;2025-08-05;Pesquisa;1104450.98
4702;Projeto fictício 4702 - Energia limpa;MG;RJ;2022-10-09;Pesquisa;1199874.32
4703;Projeto fictício 4703 - Saúde digital;MG;PE;2024-06-21;Prototipagem;4640697.69
4704;Projeto fictício 4704 - Biotecnologia;RJ;CE;2025-01-09;Prototipagem;5276786.68
4705;Projeto fictício 4705 - Saúde digital;PR;PR;2022-06-08;Desenvolvimento;5167312.43
4706;Projeto fictício 4706 - Indústria 4.0;PE;PE;2021-01-08;Pesquisa;5186078.80
4707;Projeto fictício 4707 - Indústria 4.0;PE;CE;2024-11-22;Desenvolvimento;172800.21
4708;Projeto fictício 4708 - Agricultura;AM;PR;2025-10-01;Desenvolvimento;3673523.24
4709;Projeto fictício 4709 - Energia limpa;BA;CE;2025-06-18;Desenvolvimento;3252643.34
4710;Projeto fictício 4710 - Indústria 4.0;DF;RJ;2023-11-24;Concluído;3341976.66
4711;Projeto fictício 4711 - Agricultura;GO;MG;2022-07-03;Pesquisa;1837281.09
4712;Projeto fictício 4712 - Saúde digital;AM;AM;2023-02-01;Desenvolvimento;5212432.06
4713;Projeto fictício 4713 - Indústria 4.0;PE;DF;2025-09-28;Prototipagem;4872946.57
4714;Projeto fictício 4714 - Biotecnologia;SP;AM;2025-10-21;Pesquisa;5665405.38
4715;Projeto fictício 4715 - Agricultura;BA;BA;2026-08-03;Prototipagem;3112218.45
4716;Projeto fictício 4716 - Indústria 4.0;BA;CE;2021-11-29;Desenvolvimento;594458.74
4717;Projeto fictício 4717 - Agricultura;DF;GO;2022-04-16;Desenvolvimento;5605119.79
4718;Projeto fictício 4718 - Indústria 4.0;CE;RJ;2026-01-15;Prototipagem;2991663.52
4719;Projeto fictício 4719 - Energia limpa;CE;AC;2022-08-05;Validação;769154.00
4720;Projeto fictício 4720 - Agricultura;CE;BA;2022-09-13;Validação;4142134.79
4721;Projeto fictício 4721 - Agricultura;DF;MG;2024-01-09;Pesquisa;2591062.63
4722;Projeto fictício 4722 - Agricultura;PE;MG;2022-08-27;Validação;2117877.34
4723;Projeto fictício 4723 - Energia limpa;PE;BA;2024-08-25;Concluído;3064491.09
4724;Projeto fictício 4724 - Energia limpa;RJ;AM;2022-07-15;Desenvolvimento;3281575.53
4725;Projeto fictício 4725 - Biotecnologia;CE;MG;2024-02-21;Desenvolvimento;3591997.15
4726;Projeto fictício 4726 - Energia limpa;AM;SP;2023-04-09;Validação;304772.63
4727;Projeto fictício 4727 - Energia limpa;GO;DF;2021-02-08;Desenvolvimento;3593817.35
4728;Projeto fictício 4728 - Energia limpa;AC;AM;2022-03-06;Concluído;2696034.18
4729;Projeto fictício 4729 - Energia limpa;PR;DF;2021-10-10;Desenvolvimento;801133.11
4730;Projeto fictício 4730 - Indústria 4.0;MG;AC;2024-11-14;Desenvolvimento;1428122.55
4731;Projeto fictício 4731 - Saúde digital;AM;RS;2024-02-17;Validação;5719008.04
4732;Projeto fictício 4732 - Indústria 4.0;MG;RS;2021-12-08;Pesquisa;2260932.04
4733;Projeto fictício 4733 - Indústria 4.0;GO;PE;2021-08-21;Prototipagem;2565310.12
4734;Projeto fictício 4734 - Saúde digital;SP;RS;2023-03-26;Pesquisa;5975818.19
4735;Projeto fictício 4735 - Biotecnologia;RJ;PR;2023-06-02;Desenvolvimento;4566207.50
4736;Projeto fictício 4736 - Agricultura;PR;CE;2021-07-19;Validação;4865534.92
4737;Projeto fictício 4737 - Indústria 4.0;AC;SP;2026-01-17;Concluído;1925039.56
4738;Projeto fictício 4738 - Energia limpa;AM;BA;2021-05-29;Desenvolvimento;5269879.94
4739;Projeto fictício 4739 - Agricultura;DF;RJ;2023-03-26;Concluído;4104980.35
4740;Projeto fictício 4740 - Indústria 4.0;AC;PR;2025-08-04;Concluído;4166554.87
4741;Projeto fictício 4741 - Agricultura;MG;CE;2025-06-16;Desenvolvimento;2338026.66
4742;Projeto fictício 4742 - Saúde digital;RS;RS;2021-11-05;Prototipagem;4423957.51
4743;Projeto fictício 4743 - Saúde digital;MG;PR;2025-03-27;Pesquisa;5537279.87
4744;Projeto fictício 4744 - Indústria 4.0;RS;RS;2023-09-27;Pesquisa;1448450.78
4745;Projeto fictício 4745 - Energia limpa;GO;BA;2025-09-27;Concluído;5684957.32
4746;Projeto fictício 4746 - Energia limpa;RJ;AC;2023-03-27;Concluído;2764553.64
4747;Projeto fictício 4747 - Biotecnologia;DF;CE;2026-04-23;Prototipagem;2533956.17
4748;Projeto fictício 4748 - Biotecnologia;BA;CE;2021-09-20;Pesquisa;4252398.61
4749;Projeto fictício 4749 - Saúde digital;AC;CE;2021-04-06;Desenvolvimento;215640.85
4750;Projeto fictício 4750 - Saúde digital;RJ;AC;2022-11-19;Prototipagem;5884293.08
4751;Projeto fictício 4751 - Energia limpa;DF;DF;2025-08-09;Prototipagem;41176.83
4752;Projeto fictício 4752 - Biotecnologia;GO;RJ;2025-04-27;Validação;1726304.72
4753;Projeto fictício 4753 - Agricultura;RS;SP;2026-03-28;Desenvolvimento;4895401.93
4754;Projeto fictício 4754 - Saúde digital;BA;SP;2024-03-06;Concluído;1416619.97
4755;Projeto fictício 4755 - Energia limpa;PE;CE;2025-09-29;Prototipagem;968115.61
4756;Projeto fictício 4756 - Agricultura;GO;GO;2021-07-27;Validação;642749.03
4757;Projeto fictício 4757 - Energia limpa;GO;DF;2022-01-18;Prototipagem;4031191.39
4758;Projeto fictício 4758 - Biotecnologia;CE;GO;2024-10-20;Pesquisa;2683953.45
4759;Projeto fictício 4759 - Saúde digital;MG;SP;2025-08-13;Desenvolvimento;5577372.67
4760;Projeto fictício 4760 - Energia limpa;RJ;AC;2023-07-26;Validação;108427.75
4761;Projeto fictício 4761 - Energia limpa;AC;CE;2025-03-06;Desenvolvimento;549771.90
4762;Projeto fictício 4762 - Energia limpa;RJ;BA;2026-02-24;Prototipagem;5247225.23
4763;Projeto fictício 4763 - Agricultura;RJ;RJ;2024-01-25;Prototipagem;3306066.62
4764;Projeto fictício 4764 - Energia limpa;AM;BA;2026-07-21;Prototipagem;1697484.03
4765;Projeto fictício 4765 - Saúde digital;BA;BA;2022-07-12;Validação;845470.38
4766;Projeto fictício 4766 - Indústria 4.0;PE;PE;2022-10-27;Concluído;3550789.53
4767;Projeto fictício 4767 - Energia limpa;DF;PE;2025-01-26;Pesquisa;3869909.59
4768;Projeto fictício 4768 - Saúde digital;PR;RS;2023-03-14;Prototipagem;359897.01
4769;Projeto fictício 4769 - Energia limpa;DF;RS;2021-11-23;Pesquisa;464296.47
4770;Projeto fictício 4770 - Agricultura;MG;MG;2023-06-28;Desenvolvimento;289242.45
4771;Projeto fictício 4771 - Saúde digital;PE;CE;2025-03-24;Pesquisa;5736120.24
4772;Projeto fictício 4772 - Biotecnologia;RS;SP;2026-08-20;Desenvolvimento;176615.38
4773;Projeto fictício 4773 - Energia limpa;DF;BA;2022-11-11;Prototipagem;785129.56
4774;Projeto fictício 4774 - Indústria 4.0;PR;SP;2024-08-11;Desenvolvimento;345993.37
4775;Projeto fictício 4775 - Agricultura;BA;SP;2022-10-27;Pesquisa;4969109.22
4776;Projeto fictício 4776 - Saúde digital;GO;AM;2022-03-21;Concluído;4482736.56
4777;Projeto fictício 4777 - Energia limpa;AM;PR;2022-04-03;Validação;1752189.87
4778;Projeto fictício 4778 - Biotecnologia;AC;AC;2022-09-21;Validação;5609181.78
4779;Projeto fictício 4779 - Energia limpa;SP;PE;2025-03-13;Prototipagem;1449007.09
4780;Projeto fictício 4780 - Indústria 4.0;DF;AM;2024-09-05;Concluído;4921524.74
4781;Projeto fictício 4781 - Agricultura;PR;PR;2026-03-24;Concluído;1500731.33
4782;Projeto fictício 4782 - Energia limpa;AM;DF;2024-10-21;Pesquisa;2012044.84
4783;Projeto fictício 4783 - Agricultura;RJ;PR;2021-02-26;Pesquisa;1898613.70
4784;Projeto fictício 4784 - Biotecnologia;BA;PE;2026-08-06;Pesquisa;4341869.53
4785;Projeto fictício 4785 - Biotecnologia;RJ;CE;2026-02-16;Prototipagem;3889612.52
4786;Projeto fictício 4786 - Energia limpa;AM;PE;2021-04-21;Desenvolvimento;4283659.88
4787;Projeto fictício 4787 - Indústria 4.0;PR;DF;2025-07-31;Prototipagem;4365497.27
4788;Projeto fictício 4788 - Indústria 4.0;SP;DF;2025-11-19;Validação;2068778.57
4789;Projeto fictício 4789 - Energia limpa;RS;MG;2024-05-04;Validação;1928684.82
4790;Projeto fictício 4790 - Agricultura;SP;SP;2025-01-17;Concluído;3612416.75
4791;Projeto fictício 4791 - Saúde digital;SP;GO;2021-03-05;Validação;1607640.51
4792;Projeto fictício 4792 - Biotecnologia;SP;MG;2026-01-13;Validação;2717293.67
4793;Projeto fictício 4793 - Agricultura;CE;GO;2025-04-06;Prototipagem;5335564.77
4794;Projeto fictício 4794 - Energia limpa;PE;MG;2023-02-03;Validação;1440140.97
4795;Projeto fictício 4795 - Indústria 4.0;AM;MG;2023-02-07;Validação;5086958.34
4796;Projeto fictício 4796 - Indústria 4.0;RJ;RS;2024-09-19;Desenvolvimento;5743732.37
4797;Projeto fictício 4797 - Agricultura;AC;PR;2026-03-17;Desenvolvimento;1010303.60
4798;Projeto fictício 4798 - Indústria 4.0;BA;BA;2022-12-01;Validação;4791262.93
4799;Projeto fictício 4799 - Indústria 4.0;MG;AC;2023-06-17;Pesquisa;3989918.44
4800;Projeto fictício 4800 - Biotecnologia;CE;DF;2025-06-22;Desenvolvimento;1949331.27
4801;Projeto fictício 4801 - Agricultura;AM;RJ;2024-02-23;Desenvolvimento;1701797.94
4802;Projeto fictício 4802 - Energia limpa;RJ;RS;2022-06-11;Validação;4888998.75
4803;Projeto fictício 4803 - Agricultura;AM;BA;2025-12-16;Concluído;556188.55
4804;Projeto fictício 4804 - Saúde digital;DF;RJ;2024-11-24;Prototipagem;5208091.47
4805;Projeto fictício 4805 - Biotecnologia;AM;MG;2026-09-16;Concluído;154700.19
4806;Projeto fictício 4806 - Indústria 4.0;GO;PE;2021-10-01;Concluído;3649242.65
4807;Projeto fictício 4807 - Agricultura;DF;MG;2024-12-10;Concluído;955150.46
4808;Projeto fictício 4808 - Agricultura;DF;CE;2023-12-03;Prototipagem;5311970.08
4809;Projeto fictício 4809 - Energia limpa;AM;AM;2022-01-19;Desenvolvimento;611601.01
4810;Projeto fictício 4810 - Saúde digital;RS;BA;2021-04-09;Prototipagem;1952747.99
4811;Projeto fictício 4811 - Indústria 4.0;BA;AC;2023-09-07;Desenvolvimento;4913016.41
4812;Projeto fictício 4812 - Indústria 4.0;AM;RJ;2023-09-12;Desenvolvimento;3846644.83
4813;Projeto fictício 4813 - Energia limpa;GO;MG;2022-06-13;Validação;2429384.67
4814;Projeto fictício 4814 - Indústria 4.0;BA;BA;2021-08-19;Desenvolvimento;4217996.85
4815;Projeto fictício 4815 - Energia limpa;CE;RJ;2022-09-11;Pesquisa;1896508.48
4816;Projeto fictício 4816 - Indústria 4.0;GO;AM;2026-04-20;Pesquisa;5453495.84
4817;Projeto fictício 4817 - Biotecnologia;AM;DF;2023-09-30;Prototipagem;2915254.60
4818;Projeto fictício 4818 - Agricultura;AC;SP;2023-10-04;Concluído;4775664.90
4819;Projeto fictício 4819 - Biotecnologia;SP;PR;2023-03-24;Pesquisa;1688196.77
4820;Projeto fictício 4820 - Energia limpa;MG;PE;2025-02-21;Prototipagem;440256.96
4821;Projeto fictício 4821 - Biotecnologia;GO;RS;2022-03-19;Concluído;3923377.36
4822;Projeto fictício 4822 - Indústria 4.0;DF;GO;2026-09-13;Validação;275365.90
4823;Projeto fictício 4823 - Energia limpa;DF;AC;2021-01-06;Pesquisa;1295780.56
4824;Projeto fictício 4824 - Saúde digital;SP;AM;2022-05-30;Pesquisa;3078020.14
4825;Projeto fictício 4825 - Agricultura;AM;SP;2026-08-08;Desenvolvimento;1266336.71
4826;Projeto fictício 4826 - Agricultura;PE;BA;2025-12-31;Pesquisa;507304.39
4827;Projeto fictício 4827 - Saúde digital;AC;AC;2026-08-25;Prototipagem;911498.45
4828;Projeto fictício 4828 - Agricultura;PE;AC;2023-02-10;Prototipagem;771384.60
4829;Projeto fictício 4829 - Indústria 4.0;PR;AC;2023-11-25;Concluído;5634257.98
4830;Projeto fictício 4830 - Indústria 4.0;PE;PR;2023-03-21;Validação;4861721.61
4831;Projeto fictício 4831 - Agricultura;AM;MG;2023-05-27;Pesquisa;4332649.81
4832;Projeto fictício 4832 - Biotecnologia;MG;BA;2024-05-14;Prototipagem;5647610.78
4833;Projeto fictício 4833 - Indústria 4.0;PR;AM;2021-03-08;Pesquisa;1801726.65
4834;Projeto fictício 4834 - Energia limpa;PR;CE;2025-06-13;Prototipagem;2474306.55
4835;Projeto fictício 4835 - Energia limpa;BA;AC;2023-11-09;Desenvolvimento;5417122.73
4836;Projeto fictício 4836 - Biotecnologia;CE;MG;2023-01-11;Pesquisa;5059095.27
4837;Projeto fictício 4837 - Indústria 4.0;RJ;PR;2026-04-13;Pesquisa;1715025.55
4838;Projeto fictício 4838 - Saúde digital;PE;AC;2022-04-02;Desenvolvimento;5777015.64
4839;Projeto fictício 4839 - Energia limpa;PR;AM;2025-02-04;Validação;367285.72
4840;Projeto fictício 4840 - Energia limpa;PE;SP;2024-02-23;Concluído;1424945.26
4841;Projeto fictício 4841 - Agricultura;CE;PR;2021-01-06;Pesquisa;4867829.42
4842;Projeto fictício 4842 - Agricultura;AC;AC;2023-11-24;Pesquisa;673332.36
4843;Projeto fictício 4843 - Saúde digital;PE;SP;2025-08-24;Concluído;2699985.84
4844;Projeto fictício 4844 - Biotecnologia;RS;DF;2025-05-27;Concluído;632940.09
4845;Projeto fictício 4845 - Biotecnologia;PE;PE;2023-01-08;Pesquisa;3569702.96
4846;Projeto fictício 4846 - Saúde digital;RJ;CE;2021-09-30;Concluído;5196405.33
4847;Projeto fictício 4847 - Saúde digital;BA;BA;2021-06-20;Pesquisa;1649427.54
4848;Projeto fictício 4848 - Biotecnologia;PE;PR;2021-07-03;Concluído;4959339.95
4849;Projeto fictício 4849 - Saúde digital;RJ;GO;2024-12-02;Pesquisa;4483179.62
4850;Projeto fictício 4850 - Indústria 4.0;AC;SP;2023-02-03;Pesquisa;1633851.99
4851;Projeto fictício 4851 - Agricultura;GO;CE;2021-10-11;Concluído;5935218.01
4852;Projeto fictício 4852 - Saúde digital;AC;PR;2021-10-01;Desenvolvimento;4251942.12
4853;Projeto fictício 4853 - Indústria 4.0;AM;AM;2023-09-14;Desenvolvimento;2304778.54
4854;Projeto fictício 4854 - Agricultura;AM;GO;2021-08-09;Prototipagem;5364566.88
4855;Projeto fictício 4855 - Agricultura;SP;MG;2022-06-23;Pesquisa;824980.15
4856;Projeto fictício 4856 - Indústria 4.0;RJ;RJ;2026-02-20;Validação;5942665.38
4857;Projeto fictício 4857 - Energia limpa;BA;BA;2023-06-01;Prototipagem;945461.07
4858;Projeto fictício 4858 - Saúde digital;AC;SP;2025-05-29;Validação;5014612.86
4859;Projeto fictício 4859 - Indústria 4.0;RJ;SP;2026-01-08;Validação;3907535.68
4860;Projeto fictício 4860 - Biotecnologia;AC;AM;2023-11-08;Desenvolvimento;2296457.94
4861;Projeto fictício 4861 - Agricultura;RS;GO;2021-05-11;Desenvolvimento;697193.09
4862;Projeto fictício 4862 - Indústria 4.0;AM;PR;2023-03-13;Pesquisa;1036789.39
4863;Projeto fictício 4863 - Saúde digital;CE;PE;2022-05-24;Concluído;1234133.84
4864;Projeto fictício 4864 - Agricultura;DF;RJ;2023-11-18;Pesquisa;868562.68
4865;Projeto fictício 4865 - Saúde digital;RJ;MG;2022-02-19;Prototipagem;263515.04
4866;Projeto fictício 4866 - Saúde digital;PR;RS;2025-01-26;Desenvolvimento;1233023.69
4867;Projeto fictício 4867 - Saúde digital;AM;DF;2025-09-02;Desenvolvimento;2114507.89
4868;Projeto fictício 4868 - Indústria 4.0;PE;RJ;2023-02-26;Concluído;3382420.95
4869;Projeto fictício 4869 - Energia limpa;SP;PE;2025-02-16;Validação;180795.59
4870;Projeto fictício 4870 - Biotecnologia;RJ;AC;2021-01-17;Pesquisa;3000655.69
4871;Projeto fictício 4871 - Saúde digital;SP;SP;2021-10-19;Pesquisa;964388.73
4872;Projeto fictício 4872 - Agricultura;RS;AM;2024-12-27;Prototipagem;1116468.79
4873;Projeto fictício 4873 - Agricultura;MG;GO;2025-07-06;Validação;4289832.11
4874;Projeto fictício 4874 - Energia limpa;RJ;BA;2022-11-17;Validação;2592664.84
4875;Projeto fictício 4875 - Saúde digital;AC;MG;2025-04-23;Pesquisa;1336276.62
4876;Projeto fictício 4876 - Saúde digital;CE;CE;2023-05-22;Validação;89665.59
4877;Projeto fictício 4877 - Energia limpa;PE;MG;2023-10-02;Prototipagem;3870311.48
4878;Projeto fictício 4878 - Indústria 4.0;CE;MG;2021-07-07;Prototipagem;614925.28
4879;Projeto fictício 4879 - Biotecnologia;DF;PR;2026-08-10;Pesquisa;4664766.54
4880;Projeto fictício 4880 - Indústria 4.0;AM;DF;2024-03-21;Desenvolvimento;4315170.18
4881;Projeto fictício 4881 - Biotecnologia;RS;CE;2023-01-03;Concluído;5555276.18
4882;Projeto fictício 4882 - Agricultura;PE;MG;2024-02-08;Desenvolvimento;5927417.01
4883;Projeto fictício 4883 - Agricultura;MG;CE;2024-02-04;Concluído;1637955.23
4884;Projeto fictício 4884 - Agricultura;PE;MG;2025-09-15;Pesquisa;5533474.20
4885;Projeto fictício 4885 - Agricultura;SP;CE;2022-12-10;Concluído;2259911.90
4886;Projeto fictício 4886 - Biotecnologia;RS;GO;2021-03-13;Validação;3165447.46
4887;Projeto fictício 4887 - Energia limpa;MG;BA;2024-09-11;Desenvolvimento;1054866.10
4888;Projeto fictício 4888 - Indústria 4.0;SP;DF;2026-09-06;Validação;2185873.44
4889;Projeto fictício 4889 - Biotecnologia;RS;SP;2025-11-07;Pesquisa;4576484.96
4890;Projeto fictício 4890 - Agricultura;AC;GO;2021-05-21;Desenvolvimento;1856679.23
4891;Projeto fictício 4891 - Agricultura;DF;SP;2024-10-03;Pesquisa;2996245.74
4892;Projeto fictício 4892 - Agricultura;GO;SP;2025-01-30;Prototipagem;5232378.95
4893;Projeto fictício 4893 - Energia limpa;PR;AM;2025-08-07;Pesquisa;5793007.46
4894;Projeto fictício 4894 - Biotecnologia;MG;PR;2025-02-15;Prototipagem;647536.80
4895;Projeto fictício 4895 - Energia limpa;DF;SP;2023-02-10;Validação;1630670.56
4896;Projeto fictício 4896 - Indústria 4.0;AC;PE;2022-11-03;Prototipagem;2005492.21
4897;Projeto fictício 4897 - Saúde digital;PE;SP;2026-08-11;Prototipagem;5543321.30
4898;Projeto fictício 4898 - Indústria 4.0;PE;DF;2025-11-06;Concluído;4712823.86
4899;Projeto fictício 4899 - Saúde digital;CE;CE;2026-02-09;Concluído;2636129.82
4900;Projeto fictício 4900 - Saúde digital;RJ;MG;2026-05-08;Validação;3091970.64
4901;Projeto fictício 4901 - Biotecnologia;RS;PE;2023-08-02;Prototipagem;5243383.90
4902;Projeto fictício 4902 - Energia limpa;AC;AC;2023-01-23;Validação;3365784.23
4903;Projeto fictício 4903 - Biotecnologia;PE;AC;2026-03-12;Concluído;1868286.46
4904;Projeto fictício 4904 - Indústria 4.0;MG;RS;2023-10-08;Prototipagem;5089296.79
4905;Projeto fictício 4905 - Biotecnologia;PR;DF;2023-02-24;Validação;4176119.56
4906;Projeto fictício 4906 - Biotecnologia;MG;AC;2024-02-03;Validação;145554.34
4907;Projeto fictício 4907 - Indústria 4.0;AM;BA;2021-12-03;Desenvolvimento;4732752.73
4908;Projeto fictício 4908 - Agricultura;PE;AC;2023-11-07;Concluído;4658656.17
4909;Projeto fictício 4909 - Biotecnologia;PE;PE;2021-10-26;Validação;3637185.82
4910;Projeto fictício 4910 - Saúde digital;BA;AC;2024-12-27;Pesquisa;5766171.62
4911;Projeto fictício 4911 - Saúde digital;PR;RS;2024-10-22;Prototipagem;4579578.87
4912;Projeto fictício 4912 - Saúde digital;AC;PR;2023-07-09;Pesquisa;618812.64
4913;Projeto fictício 4913 - Biotecnologia;RJ;SP;2022-06-22;Desenvolvimento;1106426.10
4914;Projeto fictício 4914 - Biotecnologia;BA;DF;2021-03-11;Desenvolvimento;4000131.15
4915;Projeto fictício 4915 - Energia limpa;MG;GO;2022-07-25;Concluído;4258477.89
4916;Projeto fictício 4916 - Indústria 4.0;PR;AM;2022-04-14;Pesquisa;1535239.99
4917;Projeto fictício 4917 - Biotecnologia;PE;AM;2021-05-20;Desenvolvimento;5841948.51
4918;Projeto fictício 4918 - Biotecnologia;AM;RJ;2024-06-02;Pesquisa;1579410.61
4919;Projeto fictício 4919 - Indústria 4.0;PR;RS;2025-11-28;Prototipagem;1937177.73
4920;Projeto fictício 4920 - Indústria 4.0;AC;CE;2023-12-17;Desenvolvimento;3005449.66
4921;Projeto fictício 4921 - Agricultura;DF;BA;2024-07-11;Validação;1650079.76
4922;Projeto fictício 4922 - Indústria 4.0;RS;CE;2024-10-15;Concluído;1229413.52
4923;Projeto fictício 4923 - Energia limpa;RS;AC;2026-08-23;Concluído;2731240.57
4924;Projeto fictício 4924 - Indústria 4.0;AM;RS;2024-03-03;Pesquisa;1283535.80
4925;Projeto fictício 4925 - Biotecnologia;RS;MG;2026-03-05;Prototipagem;3510809.03
4926;Projeto fictício 4926 - Biotecnologia;BA;RS;2024-02-27;Prototipagem;1904882.52
4927;Projeto fictício 4927 - Indústria 4.0;PE;DF;2023-05-19;Concluído;1818092.55
4928;Projeto fictício 4928 - Biotecnologia;DF;GO;2022-06-01;Desenvolvimento;4784284.15
4929;Projeto fictício 4929 - Indústria 4.0;CE;AM;2022-10-31;Pesquisa;3104708.19
4930;Projeto fictício 4930 - Energia limpa;CE;BA;2026-01-10;Validação;2372885.43
4931;Projeto fictício 4931 - Agricultura;MG;SP;2024-11-20;Concluído;3501212.62
4932;Projeto fictício 4932 - Agricultura;RS;SP;2023-05-26;Pesquisa;1402698.30
4933;Projeto fictício 4933 - Indústria 4.0;AC;MG;2025-02-22;Prototipagem;2198067.64
4934;Projeto fictício 4934 - Saúde digital;AM;BA;2025-08-08;Pesquisa;4541819.42
4935;Projeto fictício 4935 - Agricultura;SP;MG;2025-03-06;Pesquisa;4967368.05
4936;Projeto fictício 4936 - Saúde digital;SP;BA;2025-04-12;Pesquisa;5533509.95
4937;Projeto fictício 4937 - Agricultura;GO;PR;2022-01-24;Pesquisa;5932319.56
4938;Projeto fictício 4938 - Agricultura;RS;DF;2025-10-04;Pesquisa;5382030.70
4939;Projeto fictício 4939 - Indústria 4.0;RS;RJ;2023-01-11;Validação;2577218.71
4940;Projeto fictício 4940 - Agricultura;RS;DF;2022-12-15;Desenvolvimento;2159944.57
4941;Projeto fictício 4941 - Biotecnologia;AM;GO;2022-07-01;Desenvolvimento;3619560.84
4942;Projeto fictício 4942 - Agricultura;RS;AC;2025-09-01;Desenvolvimento;2551579.40
4943;Projeto fictício 4943 - Energia limpa;PR;PE;2021-07-24;Prototipagem;4024871.68
4944;Projeto fictício 4944 - Biotecnologia;BA;AC;2025-08-10;Desenvolvimento;5558819.38
4945;Projeto fictício 4945 - Indústria 4.0;AC;GO;2023-11-27;Pesquisa;3286109.92
4946;Projeto fictício 4946 - Biotecnologia;SP;PE;2024-12-13;Pesquisa;307972.05
4947;Projeto fictício 4947 - Agricultura;RS;AM;2025-07-07;Concluído;538875.24
4948;Projeto fictício 4948 - Indústria 4.0;RJ;MG;2023-02-16;Prototipagem;4906596.93
4949;Projeto fictício 4949 - Energia limpa;BA;PR;2022-01-14;Concluído;4195528.91
4950;Projeto fictício 4950 - Biotecnologia;PR;RJ;2025-04-06;Concluído;5907090.10
4951;Projeto fictício 4951 - Energia limpa;AC;AC;2025-11-04;Concluído;4137311.10
4952;Projeto fictício 4952 - Biotecnologia;SP;CE;2022-10-19;Prototipagem;3785602.52
4953;Projeto fictício 4953 - Agricultura;AC;MG;2024-04-10;Pesquisa;773834.50
4954;Projeto fictício 4954 - Saúde digital;RJ;GO;2024-04-28;Desenvolvimento;2531715.06
4955;Projeto fictício 4955 - Energia limpa;GO;PR;2021-03-09;Validação;1995810.12
4956;Projeto fictício 4956 - Agricultura;AM;BA;2023-03-13;Desenvolvimento;4392141.13
4957;Projeto fictício 4957 - Biotecnologia;RS;RS;2026-04-19;Desenvolvimento;1015917.49
4958;Projeto fictício 4958 - Biotecnologia;SP;PR;2021-09-09;Prototipagem;3145145.27
4959;Projeto fictício 4959 - Energia limpa;PR;RJ;2023-10-24;Prototipagem;2486365.22
4960;Projeto fictício 4960 - Biotecnologia;PR;PR;2024-11-24;Pesquisa;725384.29
4961;Projeto fictício 4961 - Agricultura;PE;AC;2024-11-23;Desenvolvimento;550546.71
4962;Projeto fictício 4962 - Agricultura;AM;GO;2026-08-13;Validação;4657345.03
4963;Projeto fictício 4963 - Energia limpa;DF;AM;2021-11-26;Concluído;4107035.99
4964;Projeto fictício 4964 - Saúde digital;SP;AC;2022-09-20;Validação;4010700.27
4965;Projeto fictício 4965 - Biotecnologia;PE;PE;2024-01-17;Desenvolvimento;5709346.60
4966;Projeto fictício 4966 - Indústria 4.0;DF;RS;2022-02-28;Desenvolvimento;1774190.80
4967;Projeto fictício 4967 - Saúde digital;PR;PE;2021-04-18;Pesquisa;2182083.24
4968;Projeto fictício 4968 - Saúde digital;MG;AM;2026-06-04;Validação;5078211.10
4969;Projeto fictício 4969 - Indústria 4.0;SP;DF;2021-11-21;Prototipagem;4231286.45
4970;Projeto fictício 4970 - Indústria 4.0;AM;SP;2022-04-27;Validação;3991738.50
4971;Projeto fictício 4971 - Agricultura;RS;SP;2022-11-15;Pesquisa;881516.78
4972;Projeto fictício 4972 - Energia limpa;CE;SP;2024-05-28;Concluído;2671640.57
4973;Projeto fictício 4973 - Indústria 4.0;PR;GO;2023-07-03;Pesquisa;681718.22
4974;Projeto fictício 4974 - Saúde digital;AC;DF;2025-05-20;Prototipagem;1110505.55
4975;Projeto fictício 4975 - Agricultura;AM;RJ;2025-05-05;Concluído;4871042.40
4976;Projeto fictício 4976 - Saúde digital;BA;PR;2026-05-02;Validação;2553837.10
4977;Projeto fictício 4977 - Agricultura;GO;GO;2023-04-10;Prototipagem;1712050.22
4978;Projeto fictício 4978 - Agricultura;MG;GO;2025-03-21;Prototipagem;5694556.50
4979;Projeto fictício 4979 - Agricultura;PE;AM;2023-03-29;Desenvolvimento;4295756.57
4980;Projeto fictício 4980 - Agricultura;GO;CE;2021-12-19;Desenvolvimento;3062613.01
4981;Projeto fictício 4981 - Energia limpa;BA;CE;2021-05-04;Validação;2041477.80
4982;Projeto fictício 4982 - Saúde digital;RS;RS;2022-07-22;Concluído;1442431.80
4983;Projeto fictício 4983 - Biotecnologia;RS;PR;2026-07-05;Concluído;3604400.70
4984;Projeto fictício 4984 - Energia limpa;AM;MG;2021-04-04;Prototipagem;4894871.57
4985;Projeto fictício 4985 - Saúde digital;AC;GO;2026-05-14;Concluído;5334592.09
4986;Projeto fictício 4986 - Energia limpa;PE;RS;2021-11-27;Concluído;4048295.73
4987;Projeto fictício 4987 - Biotecnologia;PR;BA;2022-03-15;Concluído;2261013.27
4988;Projeto fictício 4988 - Biotecnologia;DF;GO;2025-06-05;Concluído;3216811.55
4989;Projeto fictício 4989 - Biotecnologia;PR;AC;2024-05-21;Pesquisa;771730.42
4990;Projeto fictício 4990 - Saúde digital;AM;MG;2023-12-30;Prototipagem;420707.43
4991;Projeto fictício 4991 - Agricultura;SP;RS;2023-04-08;Concluído;3235979.92
4992;Projeto fictício 4992 - Biotecnologia;GO;SP;2025-06-01;Validação;3386289.30
4993;Projeto fictício 4993 - Energia limpa;CE;BA;2025-12-13;Pesquisa;5777181.07
4994;Projeto fictício 4994 - Agricultura;MG;BA;2022-09-30;Concluído;4269271.05
4995;Projeto fictício 4995 - Agricultura;AM;GO;2024-06-17;Concluído;3467266.12
4996;Projeto fictício 4996 - Biotecnologia;RJ;RS;2026-08-25;Concluído;1666378.42
4997;Projeto fictício 4997 - Biotecnologia;PE;AC;2022-12-26;Prototipagem;2060974.57
4998;Projeto fictício 4998 - Biotecnologia;AM;MG;2026-09-01;Prototipagem;1799626.11
4999;Projeto fictício 4999 - Energia limpa;MG;PR;2021-09-09;Concluído;2635595.18
5000;Projeto fictício 5000 - Energia limpa;GO;CE;2023-03-13;Desenvolvimento;4060183.38
